-- MySQL dump 10.13  Distrib 8.0.42, for Win64 (x86_64)
--
-- Host: 127.0.0.1    Database: rule_engine_db
-- ------------------------------------------------------
-- Server version	8.0.42

/*!40101 SET @OLD_CHARACTER_SET_CLIENT=@@CHARACTER_SET_CLIENT */;
/*!40101 SET @OLD_CHARACTER_SET_RESULTS=@@CHARACTER_SET_RESULTS */;
/*!40101 SET @OLD_COLLATION_CONNECTION=@@COLLATION_CONNECTION */;
/*!50503 SET NAMES utf8mb4 */;
/*!40103 SET @OLD_TIME_ZONE=@@TIME_ZONE */;
/*!40103 SET TIME_ZONE='+00:00' */;
/*!40014 SET @OLD_UNIQUE_CHECKS=@@UNIQUE_CHECKS, UNIQUE_CHECKS=0 */;
/*!40014 SET @OLD_FOREIGN_KEY_CHECKS=@@FOREIGN_KEY_CHECKS, FOREIGN_KEY_CHECKS=0 */;
/*!40101 SET @OLD_SQL_MODE=@@SQL_MODE, SQL_MODE='NO_AUTO_VALUE_ON_ZERO' */;
/*!40111 SET @OLD_SQL_NOTES=@@SQL_NOTES, SQL_NOTES=0 */;

--
-- Table structure for table `rule_case_library`
--

DROP TABLE IF EXISTS `rule_case_library`;
/*!40101 SET @saved_cs_client     = @@character_set_client */;
/*!50503 SET character_set_client = utf8mb4 */;
CREATE TABLE `rule_case_library` (
  `id` bigint NOT NULL AUTO_INCREMENT,
  `cause_code` varchar(64) COLLATE utf8mb4_unicode_ci NOT NULL,
  `case_no` varchar(128) COLLATE utf8mb4_unicode_ci DEFAULT NULL,
  `title` varchar(255) COLLATE utf8mb4_unicode_ci NOT NULL,
  `court` varchar(255) COLLATE utf8mb4_unicode_ci DEFAULT NULL,
  `judgment_date` date DEFAULT NULL,
  `keywords` varchar(500) COLLATE utf8mb4_unicode_ci DEFAULT NULL,
  `summary` text COLLATE utf8mb4_unicode_ci,
  `source_url` varchar(500) COLLATE utf8mb4_unicode_ci DEFAULT NULL,
  `enabled` tinyint NOT NULL DEFAULT '1',
  `created_at` timestamp NOT NULL DEFAULT CURRENT_TIMESTAMP,
  `updated_at` timestamp NOT NULL DEFAULT CURRENT_TIMESTAMP ON UPDATE CURRENT_TIMESTAMP,
  PRIMARY KEY (`id`),
  KEY `idx_case_cause_date` (`cause_code`,`judgment_date`),
  KEY `idx_case_enabled` (`enabled`)
) ENGINE=InnoDB AUTO_INCREMENT=5 DEFAULT CHARSET=utf8mb4 COLLATE=utf8mb4_unicode_ci;
/*!40101 SET character_set_client = @saved_cs_client */;

--
-- Dumping data for table `rule_case_library`
--

LOCK TABLES `rule_case_library` WRITE;
/*!40000 ALTER TABLE `rule_case_library` DISABLE KEYS */;
INSERT INTO `rule_case_library` VALUES (1,'labor_unpaid_wages','(2023)京0105民初12345号','拖欠工资及加班费争议案','北京市朝阳区人民法院','2023-10-20','拖欠工资,加班费,考勤记录','法院认定劳动关系成立且存在欠薪与加班事实，支持工资及部分加班费请求。','https://example.com/case/labor-unpaid-1',1,'2026-04-07 12:12:56','2026-04-07 12:12:56'),(2,'labor_no_contract','(2022)沪0104民初54321号','未签劳动合同双倍工资案','上海市徐汇区人民法院','2022-06-18','未签合同,双倍工资,劳动关系','劳动者入职超过一个月未签书面合同，法院支持法定区间内双倍工资请求。','https://example.com/case/labor-nocontract-1',1,'2026-04-07 12:12:56','2026-04-07 12:12:56'),(3,'labor_illegal_termination','(2024)粤0305民初88888号','违法解除劳动关系赔偿案','深圳市南山区人民法院','2024-03-12','违法解除,赔偿金,工会程序','单位未履行法定程序且解除理由证据不足，法院认定违法解除并支持赔偿。','https://example.com/case/labor-termination-1',1,'2026-04-07 12:12:56','2026-04-07 12:12:56'),(4,'divorce_property','(2021)浙0106民初66666号','离婚房产分割及补偿案','杭州市西湖区人民法院','2021-12-09','离婚,房产分割,共同还贷','法院结合婚后共同还贷与照顾子女原则，确定房屋归属并判令折价补偿。','https://example.com/case/divorce-property-1',1,'2026-04-07 12:12:56','2026-04-07 12:12:56');
/*!40000 ALTER TABLE `rule_case_library` ENABLE KEYS */;
UNLOCK TABLES;

--
-- Table structure for table `rule_cause`
--

DROP TABLE IF EXISTS `rule_cause`;
/*!40101 SET @saved_cs_client     = @@character_set_client */;
/*!50503 SET character_set_client = utf8mb4 */;
CREATE TABLE `rule_cause` (
  `cause_code` varchar(64) COLLATE utf8mb4_unicode_ci NOT NULL,
  `cause_name` varchar(128) COLLATE utf8mb4_unicode_ci NOT NULL,
  `questionnaire_id` varchar(128) COLLATE utf8mb4_unicode_ci NOT NULL,
  `category_code` varchar(64) COLLATE utf8mb4_unicode_ci DEFAULT NULL,
  `enabled` tinyint NOT NULL DEFAULT '1',
  `updated_at` timestamp NOT NULL DEFAULT CURRENT_TIMESTAMP ON UPDATE CURRENT_TIMESTAMP,
  PRIMARY KEY (`cause_code`),
  KEY `idx_rule_cause_category_enabled` (`category_code`,`enabled`,`cause_code`)
) ENGINE=InnoDB DEFAULT CHARSET=utf8mb4 COLLATE=utf8mb4_unicode_ci;
/*!40101 SET character_set_client = @saved_cs_client */;

--
-- Dumping data for table `rule_cause`
--

LOCK TABLES `rule_cause` WRITE;
/*!40000 ALTER TABLE `rule_cause` DISABLE KEYS */;
INSERT INTO `rule_cause` VALUES ('adoption_dispute','收养关系纠纷','questionnaire_adoption_dispute','marriage_family',1,'2026-04-16 13:23:37'),('betrothal_property','婚约财产纠纷','questionnaire_betrothal_property','marriage_family',0,'2026-04-16 13:48:59'),('child_support_dispute','抚养费/变更抚养关系纠纷','questionnaire_child_support_dispute','marriage_family',1,'2026-04-14 16:29:26'),('cohabitation_dispute','同居关系纠纷','questionnaire_cohabitation_dispute','marriage_family',1,'2026-04-16 13:23:37'),('divorce_dispute','离婚纠纷','questionnaire_divorce_dispute','marriage_family',1,'2026-04-13 12:00:19'),('family_partition_dispute','分家析产纠纷','questionnaire_family_partition_dispute','marriage_family',1,'2026-04-16 13:23:37'),('guardianship_dispute','监护权纠纷','questionnaire_guardianship_dispute','marriage_family',1,'2026-04-16 13:23:37'),('in_marriage_property_division_dispute','婚内夫妻财产分割纠纷','questionnaire_in_marriage_property_division_dispute','marriage_family',1,'2026-04-16 13:23:37'),('inherit_dispute','法定继承/遗嘱继承纠纷','questionnaire_inherit_dispute','marriage_family',1,'2026-04-14 16:29:26'),('labor_illegal_termination','违法解除劳动关系纠纷','questionnaire_labor_illegal_termination','labor_injury',1,'2026-04-13 12:00:19'),('labor_injury_compensation','工伤赔偿纠纷','questionnaire_labor_injury_compensation','labor_injury',1,'2026-04-13 12:00:19'),('labor_no_contract','未签劳动合同纠纷','questionnaire_labor_no_contract','labor_injury',1,'2026-04-13 12:00:19'),('labor_overtime_pay','加班费争议','questionnaire_labor_overtime_pay','labor_injury',1,'2026-04-13 12:00:19'),('labor_unpaid_wages','拖欠工资纠纷','questionnaire_labor_unpaid_wages','labor_injury',1,'2026-04-13 12:00:19'),('marriage_annulment_dispute','撤销婚姻纠纷','questionnaire_marriage_annulment_dispute','marriage_family',1,'2026-04-16 13:23:37'),('marriage_betrothal_property_dispute','婚约财产纠纷（彩礼+房产等合并）','questionnaire_marriage_betrothal_property_dispute','marriage_family',1,'2026-04-16 13:45:17'),('marriage_invalid_dispute','婚姻无效纠纷','questionnaire_marriage_invalid_dispute','marriage_family',1,'2026-04-16 13:23:37'),('paternity_confirmation_dispute','亲子关系纠纷-确认亲子关系','questionnaire_paternity_confirmation_dispute','marriage_family',1,'2026-04-16 13:23:37'),('paternity_disclaimer_dispute','亲子关系纠纷-否认亲子关系','questionnaire_paternity_disclaimer_dispute','marriage_family',1,'2026-04-16 13:23:37'),('post_divorce_damage_liability_dispute','离婚后损害责任纠纷','questionnaire_post_divorce_damage_liability_dispute','marriage_family',1,'2026-04-16 13:23:37'),('post_divorce_property','离婚后财产纠纷','questionnaire_post_divorce_property','marriage_family',1,'2026-04-13 12:00:19'),('property_dispute','婚约财产纠纷（如房产）','questionnaire_property_dispute','marriage_family',0,'2026-04-16 13:48:59'),('sibling_support_dispute','扶养纠纷-扶养义务','questionnaire_sibling_support_dispute','marriage_family',1,'2026-04-16 13:23:37'),('spousal_property_agreement_dispute','夫妻财产约定纠纷','questionnaire_spousal_property_agreement_dispute','marriage_family',1,'2026-04-16 13:23:37'),('support_dispute','赡养纠纷','questionnaire_support_dispute','marriage_family',1,'2026-04-14 16:29:26'),('visitation_dispute','探望权纠纷','questionnaire_visitation_dispute','marriage_family',1,'2026-04-16 13:23:37');
/*!40000 ALTER TABLE `rule_cause` ENABLE KEYS */;
UNLOCK TABLES;

--
-- Table structure for table `rule_cause_category`
--

DROP TABLE IF EXISTS `rule_cause_category`;
/*!40101 SET @saved_cs_client     = @@character_set_client */;
/*!50503 SET character_set_client = utf8mb4 */;
CREATE TABLE `rule_cause_category` (
  `category_code` varchar(64) COLLATE utf8mb4_unicode_ci NOT NULL,
  `category_name` varchar(128) COLLATE utf8mb4_unicode_ci NOT NULL,
  `sort_order` int NOT NULL DEFAULT '0',
  `enabled` tinyint NOT NULL DEFAULT '1',
  `updated_at` timestamp NOT NULL DEFAULT CURRENT_TIMESTAMP ON UPDATE CURRENT_TIMESTAMP,
  PRIMARY KEY (`category_code`)
) ENGINE=InnoDB DEFAULT CHARSET=utf8mb4 COLLATE=utf8mb4_unicode_ci;
/*!40101 SET character_set_client = @saved_cs_client */;

--
-- Dumping data for table `rule_cause_category`
--

LOCK TABLES `rule_cause_category` WRITE;
/*!40000 ALTER TABLE `rule_cause_category` DISABLE KEYS */;
INSERT INTO `rule_cause_category` VALUES ('criminal','刑事案件',20,1,'2026-04-13 12:00:19'),('debt_credit','债权债务',40,1,'2026-04-13 12:00:19'),('housing_property','房屋物业纠纷',70,1,'2026-04-13 12:00:19'),('labor_injury','劳动工伤',30,1,'2026-04-13 12:00:19'),('marriage_family','婚姻家庭',10,1,'2026-04-13 12:00:19'),('medical','医疗赔偿',50,1,'2026-04-13 12:00:19'),('other','其他',999,1,'2026-04-13 12:00:19'),('traffic','交通事故纠纷',60,1,'2026-04-13 12:00:19');
/*!40000 ALTER TABLE `rule_cause_category` ENABLE KEYS */;
UNLOCK TABLES;

--
-- Table structure for table `rule_cause_law`
--

DROP TABLE IF EXISTS `rule_cause_law`;
/*!40101 SET @saved_cs_client     = @@character_set_client */;
/*!50503 SET character_set_client = utf8mb4 */;
CREATE TABLE `rule_cause_law` (
  `cause_code` varchar(64) COLLATE utf8mb4_unicode_ci NOT NULL,
  `law_id` varchar(64) COLLATE utf8mb4_unicode_ci NOT NULL,
  `sort_order` int NOT NULL DEFAULT '0',
  PRIMARY KEY (`cause_code`,`law_id`)
) ENGINE=InnoDB DEFAULT CHARSET=utf8mb4 COLLATE=utf8mb4_unicode_ci;
/*!40101 SET character_set_client = @saved_cs_client */;

--
-- Dumping data for table `rule_cause_law`
--

LOCK TABLES `rule_cause_law` WRITE;
/*!40000 ALTER TABLE `rule_cause_law` DISABLE KEYS */;
INSERT INTO `rule_cause_law` VALUES ('adoption_dispute','law_1084',4),('adoption_dispute','law_1093',1),('adoption_dispute','law_1105',2),('adoption_dispute','law_1115',3),('betrothal_property','law_1042',1),('betrothal_property','law_jshj_5',2),('betrothal_property','law_sf_hzlj_2024_2',3),('betrothal_property','law_sf_hzlj_2024_3',4),('betrothal_property','law_sf_hzlj_2024_5',5),('betrothal_property','law_sf_hzlj_2024_6',6),('child_support_dispute','law_1067',1),('child_support_dispute','law_1085',2),('cohabitation_dispute','law_1084',2),('cohabitation_dispute','law_1085',3),('cohabitation_dispute','law_308',1),('divorce_dispute','law_1079',1),('divorce_dispute','law_1084',2),('divorce_dispute','law_1087',3),('divorce_dispute','law_1089',10),('divorce_dispute','law_1091',4),('divorce_dispute','law_jsyi_69',11),('family_partition_dispute','law_308',1),('family_partition_dispute','law_309',2),('guardianship_dispute','law_27',1),('guardianship_dispute','law_31',2),('guardianship_dispute','law_35',3),('in_marriage_property_division_dispute','law_1087',1),('in_marriage_property_division_dispute','law_1092',2),('inherit_dispute','law_1127',1),('inherit_dispute','law_1130',2),('inherit_dispute','law_1133',3),('labor_illegal_termination','law_contract_39',1),('labor_illegal_termination','law_contract_40',2),('labor_illegal_termination','law_contract_41',3),('labor_illegal_termination','law_contract_46',10),('labor_illegal_termination','law_contract_47',11),('labor_illegal_termination','law_contract_48',4),('labor_illegal_termination','law_contract_87',5),('labor_illegal_termination','law_labor_arbitration_27',13),('labor_illegal_termination','law_labor_arbitration_5',12),('labor_injury_compensation','law_injury_14',1),('labor_injury_compensation','law_injury_17',10),('labor_injury_compensation','law_injury_30',2),('labor_injury_compensation','law_injury_33',3),('labor_injury_compensation','law_injury_35',11),('labor_injury_compensation','law_injury_36',12),('labor_injury_compensation','law_injury_37',4),('labor_injury_compensation','law_labor_arbitration_5',13),('labor_no_contract','law_contract_10',1),('labor_no_contract','law_contract_14',3),('labor_no_contract','law_contract_82',2),('labor_no_contract','law_labor_arbitration_2',10),('labor_no_contract','law_labor_arbitration_27',12),('labor_no_contract','law_labor_arbitration_5',11),('labor_overtime_pay','law_contract_30',3),('labor_overtime_pay','law_contract_31',2),('labor_overtime_pay','law_labor_44',1),('labor_overtime_pay','law_labor_arbitration_27',11),('labor_overtime_pay','law_labor_arbitration_5',10),('labor_unpaid_wages','law_contract_30',2),('labor_unpaid_wages','law_contract_38',13),('labor_unpaid_wages','law_contract_46',14),('labor_unpaid_wages','law_contract_47',15),('labor_unpaid_wages','law_contract_85',3),('labor_unpaid_wages','law_labor_50',1),('labor_unpaid_wages','law_labor_arbitration_2',10),('labor_unpaid_wages','law_labor_arbitration_27',12),('labor_unpaid_wages','law_labor_arbitration_5',11),('labor_unpaid_wages','law_reg_16',4),('marriage_annulment_dispute','law_1052',1),('marriage_annulment_dispute','law_1053',2),('marriage_annulment_dispute','law_1054',3),('marriage_betrothal_property_dispute','law_1042',1),('marriage_betrothal_property_dispute','law_jshj_5',2),('marriage_betrothal_property_dispute','law_sf_hzlj_2024_2',3),('marriage_betrothal_property_dispute','law_sf_hzlj_2024_3',4),('marriage_betrothal_property_dispute','law_sf_hzlj_2024_5',5),('marriage_betrothal_property_dispute','law_sf_hzlj_2024_6',6),('marriage_invalid_dispute','law_1051',1),('marriage_invalid_dispute','law_1052',2),('marriage_invalid_dispute','law_1054',3),('paternity_confirmation_dispute','law_1073',1),('paternity_confirmation_dispute','law_81',2),('paternity_disclaimer_dispute','law_1073',1),('paternity_disclaimer_dispute','law_81',2),('post_divorce_damage_liability_dispute','law_1091',1),('post_divorce_damage_liability_dispute','law_1179',3),('post_divorce_damage_liability_dispute','law_1183',2),('post_divorce_property','law_1087',1),('post_divorce_property','law_1089',12),('post_divorce_property','law_1092',2),('post_divorce_property','law_jsyi_69',10),('post_divorce_property','law_jsyi_83',3),('post_divorce_property','law_jsyi_84',11),('property_dispute','law_1042',1),('property_dispute','law_jshj_5',2),('sibling_support_dispute','law_1075',1),('spousal_property_agreement_dispute','law_1065',1),('spousal_property_agreement_dispute','law_143',2),('spousal_property_agreement_dispute','law_148',3),('support_dispute','law_1067',1),('visitation_dispute','law_1086',1);
/*!40000 ALTER TABLE `rule_cause_law` ENABLE KEYS */;
UNLOCK TABLES;

--
-- Table structure for table `rule_cause_target`
--

DROP TABLE IF EXISTS `rule_cause_target`;
/*!40101 SET @saved_cs_client     = @@character_set_client */;
/*!50503 SET character_set_client = utf8mb4 */;
CREATE TABLE `rule_cause_target` (
  `cause_code` varchar(64) COLLATE utf8mb4_unicode_ci NOT NULL,
  `target_id` varchar(128) COLLATE utf8mb4_unicode_ci NOT NULL,
  `sort_order` int NOT NULL DEFAULT '0',
  PRIMARY KEY (`cause_code`,`target_id`)
) ENGINE=InnoDB DEFAULT CHARSET=utf8mb4 COLLATE=utf8mb4_unicode_ci;
/*!40101 SET character_set_client = @saved_cs_client */;

--
-- Dumping data for table `rule_cause_target`
--

LOCK TABLES `rule_cause_target` WRITE;
/*!40000 ALTER TABLE `rule_cause_target` DISABLE KEYS */;
INSERT INTO `rule_cause_target` VALUES ('adoption_dispute','target_adoption_confirm',1),('adoption_dispute','target_adoption_de_facto_confirm',4),('adoption_dispute','target_adoption_dissolve',2),('adoption_dispute','target_adoption_dissolve_reason',5),('adoption_dispute','target_adoption_post_dissolve_arrangement',6),('adoption_dispute','target_adoption_registered_confirm',3),('betrothal_property','target_add_betrothal_no_refund',3),('betrothal_property','target_add_betrothal_refund_full',1),('betrothal_property','target_add_betrothal_refund_partial',2),('child_support_dispute','target_child_support_arrears_enforcement',10),('child_support_dispute','target_child_support_change_amount',11),('child_support_dispute','target_child_support_change_custody',2),('child_support_dispute','target_child_support_claim_fee',1),('cohabitation_dispute','target_cohab_child_custody',2),('cohabitation_dispute','target_cohab_contribution_ratio',3),('cohabitation_dispute','target_cohab_direct_custody',4),('cohabitation_dispute','target_cohab_property_partition',1),('divorce_dispute','target_add_divorce_general_custody',2),('divorce_dispute','target_add_divorce_general_judgment',1),('divorce_dispute','target_add_divorce_general_property',3),('divorce_dispute','target_divorce_custody_best_interest',12),('divorce_dispute','target_divorce_judgment_breakdown',10),('divorce_dispute','target_divorce_judgment_violence_fault',11),('divorce_dispute','target_divorce_property_debt_scope',13),('family_partition_dispute','target_family_partition_evidence',2),('family_partition_dispute','target_family_partition_member_boundary',3),('family_partition_dispute','target_family_partition_plan',1),('family_partition_dispute','target_family_partition_registration_source',4),('guardianship_dispute','target_guardianship_assign',1),('guardianship_dispute','target_guardianship_care_ability',4),('guardianship_dispute','target_guardianship_evidence',2),('guardianship_dispute','target_guardianship_subject_qualification',3),('in_marriage_property_division_dispute','target_in_marriage_division_conceal_transfer',1),('in_marriage_property_division_dispute','target_in_marriage_division_waste_medical',2),('in_marriage_property_division_dispute','target_in_marriage_property_livelihood_impact',4),('in_marriage_property_division_dispute','target_in_marriage_property_type_scope',3),('inherit_dispute','target_inherit_confirm_share',1),('inherit_dispute','target_inherit_dispute_will',2),('labor_illegal_termination','target_illegal_termination_compensation',1),('labor_illegal_termination','target_illegal_termination_reinstatement',2),('labor_illegal_termination','target_illegal_termination_revoke_decision',4),('labor_illegal_termination','target_illegal_termination_wage_gap',3),('labor_injury_compensation','target_add_labor_injury_disability',3),('labor_injury_compensation','target_add_labor_injury_medical',2),('labor_injury_compensation','target_add_labor_injury_recognition',1),('labor_no_contract','target_labor_no_contract_double_wage',1),('labor_no_contract','target_labor_no_contract_open_term',3),('labor_no_contract','target_labor_no_contract_sign_contract',2),('labor_overtime_pay','target_add_labor_overtime_holiday',3),('labor_overtime_pay','target_add_labor_overtime_restday',2),('labor_overtime_pay','target_add_labor_overtime_workday',1),('labor_unpaid_wages','target_labor_unpaid_wages_additional_compensation',4),('labor_unpaid_wages','target_labor_unpaid_wages_full_payment',1),('labor_unpaid_wages','target_labor_unpaid_wages_overtime',2),('labor_unpaid_wages','target_labor_unpaid_wages_termination_compensation',3),('marriage_annulment_dispute','target_annulment_coercion',3),('marriage_annulment_dispute','target_annulment_concealed_disease',4),('marriage_annulment_dispute','target_annulment_effects',2),('marriage_annulment_dispute','target_annulment_request',1),('marriage_annulment_dispute','target_annulment_time_limit',5),('marriage_betrothal_property_dispute','target_add_betrothal_no_refund',5),('marriage_betrothal_property_dispute','target_add_betrothal_refund_full',3),('marriage_betrothal_property_dispute','target_add_betrothal_refund_partial',4),('marriage_betrothal_property_dispute','target_property_no_refund',2),('marriage_betrothal_property_dispute','target_property_refund',1),('marriage_invalid_dispute','target_invalid_marriage_confirm',1),('marriage_invalid_dispute','target_invalid_marriage_property_return',2),('marriage_invalid_dispute','target_invalid_prior_marriage',3),('marriage_invalid_dispute','target_invalid_prohibited_kinship',4),('marriage_invalid_dispute','target_invalid_underage',5),('paternity_confirmation_dispute','target_paternity_confirm',1),('paternity_confirmation_dispute','target_paternity_confirm_birth_record',3),('paternity_confirmation_dispute','target_paternity_confirm_evidence',2),('paternity_confirmation_dispute','target_paternity_confirm_obstruction',4),('paternity_disclaimer_dispute','target_paternity_disclaimer',1),('paternity_disclaimer_dispute','target_paternity_disclaimer_birth_record',3),('paternity_disclaimer_dispute','target_paternity_disclaimer_evidence',2),('paternity_disclaimer_dispute','target_paternity_disclaimer_obstruction',4),('post_divorce_damage_liability_dispute','target_post_divorce_damage_amount_detail',5),('post_divorce_damage_liability_dispute','target_post_divorce_damage_causation',4),('post_divorce_damage_liability_dispute','target_post_divorce_damage_economic',2),('post_divorce_damage_liability_dispute','target_post_divorce_damage_fault',3),('post_divorce_damage_liability_dispute','target_post_divorce_damage_spirit',1),('post_divorce_property','target_add_post_divorce_agreement_enforce',3),('post_divorce_property','target_add_post_divorce_conceal_penalty',2),('post_divorce_property','target_add_post_divorce_redistribute',1),('post_divorce_property','target_post_divorce_agreement_validity',11),('post_divorce_property','target_post_divorce_time_limit_risk',10),('property_dispute','target_property_no_refund',2),('property_dispute','target_property_refund',1),('sibling_support_dispute','target_sibling_support_change',2),('sibling_support_dispute','target_sibling_support_fee_claim',1),('sibling_support_dispute','target_sibling_support_medical',3),('sibling_support_dispute','target_sibling_support_multi_obligor',4),('spousal_property_agreement_dispute','target_spousal_agreement_defense',2),('spousal_property_agreement_dispute','target_spousal_agreement_enforce',1),('spousal_property_agreement_dispute','target_spousal_agreement_performance',4),('spousal_property_agreement_dispute','target_spousal_agreement_validity',3),('support_dispute','target_support_claim',1),('support_dispute','target_support_medical_disability',10),('support_dispute','target_support_multi_obligor_share',11),('visitation_dispute','target_visitation_child_will',3),('visitation_dispute','target_visitation_evidence',2),('visitation_dispute','target_visitation_fix',1),('visitation_dispute','target_visitation_suspension_risk',4);
/*!40000 ALTER TABLE `rule_cause_target` ENABLE KEYS */;
UNLOCK TABLES;

--
-- Table structure for table `rule_common_cause`
--

DROP TABLE IF EXISTS `rule_common_cause`;
/*!40101 SET @saved_cs_client     = @@character_set_client */;
/*!50503 SET character_set_client = utf8mb4 */;
CREATE TABLE `rule_common_cause` (
  `category_code` varchar(64) COLLATE utf8mb4_unicode_ci NOT NULL,
  `cause_code` varchar(64) COLLATE utf8mb4_unicode_ci NOT NULL,
  `sort_order` int NOT NULL DEFAULT '0',
  `enabled` tinyint NOT NULL DEFAULT '1',
  `updated_at` timestamp NOT NULL DEFAULT CURRENT_TIMESTAMP ON UPDATE CURRENT_TIMESTAMP,
  PRIMARY KEY (`category_code`,`cause_code`),
  KEY `idx_common_category_enabled` (`category_code`,`enabled`,`sort_order`)
) ENGINE=InnoDB DEFAULT CHARSET=utf8mb4 COLLATE=utf8mb4_unicode_ci;
/*!40101 SET character_set_client = @saved_cs_client */;

--
-- Dumping data for table `rule_common_cause`
--

LOCK TABLES `rule_common_cause` WRITE;
/*!40000 ALTER TABLE `rule_common_cause` DISABLE KEYS */;
INSERT INTO `rule_common_cause` VALUES ('marriage_family','adoption_dispute',150,1,'2026-04-16 14:58:52'),('marriage_family','child_support_dispute',30,1,'2026-04-14 16:29:35'),('marriage_family','cohabitation_dispute',110,1,'2026-04-16 14:58:52'),('marriage_family','divorce_dispute',10,1,'2026-04-14 16:29:35'),('marriage_family','family_partition_dispute',180,1,'2026-04-16 14:58:52'),('marriage_family','guardianship_dispute',160,1,'2026-04-16 14:58:52'),('marriage_family','in_marriage_property_division_dispute',60,1,'2026-04-16 14:58:52'),('marriage_family','inherit_dispute',50,1,'2026-04-14 16:29:35'),('marriage_family','marriage_annulment_dispute',90,1,'2026-04-16 14:58:52'),('marriage_family','marriage_betrothal_property_dispute',20,1,'2026-04-16 14:58:52'),('marriage_family','marriage_invalid_dispute',80,1,'2026-04-16 14:58:52'),('marriage_family','paternity_confirmation_dispute',120,1,'2026-04-16 14:58:52'),('marriage_family','paternity_disclaimer_dispute',130,1,'2026-04-16 14:58:52'),('marriage_family','post_divorce_damage_liability_dispute',70,1,'2026-04-16 14:58:52'),('marriage_family','post_divorce_property',50,1,'2026-04-16 14:58:52'),('marriage_family','property_dispute',20,0,'2026-04-16 14:58:52'),('marriage_family','sibling_support_dispute',140,1,'2026-04-16 14:58:52'),('marriage_family','spousal_property_agreement_dispute',100,1,'2026-04-16 14:58:52'),('marriage_family','support_dispute',40,1,'2026-04-14 16:29:35'),('marriage_family','visitation_dispute',170,1,'2026-04-16 14:58:52');
/*!40000 ALTER TABLE `rule_common_cause` ENABLE KEYS */;
UNLOCK TABLES;

--
-- Table structure for table `rule_judge_conclusion`
--

DROP TABLE IF EXISTS `rule_judge_conclusion`;
/*!40101 SET @saved_cs_client     = @@character_set_client */;
/*!50503 SET character_set_client = utf8mb4 */;
CREATE TABLE `rule_judge_conclusion` (
  `conclusion_id` varchar(128) COLLATE utf8mb4_unicode_ci NOT NULL,
  `type` varchar(64) COLLATE utf8mb4_unicode_ci NOT NULL,
  `result` varchar(255) COLLATE utf8mb4_unicode_ci NOT NULL,
  `reason` text COLLATE utf8mb4_unicode_ci,
  `level` varchar(32) COLLATE utf8mb4_unicode_ci NOT NULL DEFAULT 'warning',
  `law_refs_json` longtext COLLATE utf8mb4_unicode_ci,
  `final_item` varchar(255) COLLATE utf8mb4_unicode_ci DEFAULT NULL,
  `final_result` varchar(255) COLLATE utf8mb4_unicode_ci DEFAULT NULL,
  `final_detail` text COLLATE utf8mb4_unicode_ci,
  `enabled` tinyint NOT NULL DEFAULT '1',
  `updated_at` timestamp NOT NULL DEFAULT CURRENT_TIMESTAMP ON UPDATE CURRENT_TIMESTAMP,
  PRIMARY KEY (`conclusion_id`)
) ENGINE=InnoDB DEFAULT CHARSET=utf8mb4 COLLATE=utf8mb4_unicode_ci;
/*!40101 SET character_set_client = @saved_cs_client */;

--
-- Dumping data for table `rule_judge_conclusion`
--

LOCK TABLES `rule_judge_conclusion` WRITE;
/*!40000 ALTER TABLE `rule_judge_conclusion` DISABLE KEYS */;
INSERT INTO `rule_judge_conclusion` VALUES ('c_add_betrothal_full','betrothal','可主张全额返还彩礼','满足彩礼给付与法定返还关键要件。','important','[\"law_1042\",\"law_jshj_5\"]','彩礼返还请求','全额返还支持可能性较高','建议重点提交彩礼支付凭证、未登记/困难证明材料。',1,'2026-04-09 13:22:06'),('c_add_betrothal_no_refund','betrothal','存在不返还抗辩空间','已登记并长期共同生活，不返还抗辩空间较大。','warning','[\"law_jshj_5\"]','抗辩方向','可主张不返还或少返还','建议提交共同生活事实与支出证据。',1,'2026-04-09 13:22:06'),('c_add_betrothal_partial','betrothal','可主张部分返还彩礼','存在已登记且共同生活较短等情形，倾向部分返还。','warning','[\"law_jshj_5\"]','彩礼返还请求','部分返还支持可能性较高','建议围绕共同生活时长和财产去向补强证据。',1,'2026-04-09 13:22:06'),('c_add_labor_injury_disability','labor_injury','伤残待遇主张有支持可能','已认定伤残且单位拒绝支付待遇。','important','[\"law_injury_37\"]','伤残待遇请求','可主张一次性伤残补助等','建议提交伤残等级结论与拒付证据。',1,'2026-04-09 13:22:06'),('c_add_labor_injury_medical','labor_injury','工伤医疗费用主张有支持可能','存在工伤医疗支出且已申请认定。','important','[\"law_injury_30\"]','医疗待遇请求','可主张工伤医疗费用','建议汇总票据、病历及支付记录。',1,'2026-04-09 13:22:06'),('c_add_labor_injury_recognition','labor_injury','工伤认定主张有支持可能','工伤认定核心前提基本具备。','important','[\"law_injury_14\"]','工伤认定请求','可优先推进工伤认定','建议尽快提交认定申请及事故材料。',1,'2026-04-09 13:22:06'),('c_add_overtime_holiday','labor_overtime','节假日加班费主张有支持可能','存在法定节假日加班且未足额支付。','important','[\"law_labor_44\"]','加班费请求','可主张节假日加班费','建议提交节假日值班及发薪对照材料。',1,'2026-04-09 13:22:06'),('c_add_overtime_restday','labor_overtime','休息日加班费主张有支持可能','存在休息日加班且未补休。','important','[\"law_labor_44\"]','加班费请求','可主张休息日加班费','建议提交排班与补休记录。',1,'2026-04-09 13:22:06'),('c_add_overtime_workday','labor_overtime','工作日加班费主张有支持可能','工作日延时加班事实与欠付事实较明确。','important','[\"law_labor_44\",\"law_contract_31\"]','加班费请求','可主张工作日加班费差额','建议按月整理工时和工资差额。',1,'2026-04-09 13:22:06'),('c_adoption_confirm_support','conclusion','收养确认存在支持路径','登记收养、事实收养长期维持、送养同意和抚养能力等事实可支持确认主张。','important','[\"law_1093\",\"law_1105\"]','收养确认支持路径','支持继续主张','整理登记材料、送养同意、照顾记录和收入居住材料。',1,'2026-04-16 15:49:26'),('c_adoption_de_facto_confirm','conclusion','收养确认中的事实收养路径较明确','虽未登记但长期共同生活、持续照顾和抚养能力较明确时，可围绕事实收养展开主张。','important','[\"law_1093\"]','事实收养路径','可围绕事实收养主张','重点整理共同生活、照顾记录和收入居住材料。',1,'2026-04-16 15:49:26'),('c_adoption_dissolve_support','conclusion','解除收养存在支持路径','解除原因、长期矛盾或不尽抚养义务等线索较明确，可进入解除收养审查。','important','[\"law_1115\"]','解除收养支持路径','支持继续主张','重点补强解除原因与解除后未成年人安排。',1,'2026-04-16 15:49:26'),('c_adoption_exception','conclusion','收养纠纷需先区分确认路径与解除路径','若登记、事实收养、解除原因与后续抚养安排混在一起，容易导致请求方向不清。','warning','[\"law_1093\",\"law_1115\"]','收养纠纷例外路径','需先校正主张方向','明确是确认收养还是解除收养，再分别补证。',1,'2026-04-16 15:49:26'),('c_adoption_initial','conclusion','收养关系可进入确认或解除审查','存在收养事实/登记且有证据补强时，可形成确认收养关系或解除收养关系的证据链。','important','[\"law_1084\"]','收养确认/解除审查入口','建议补强收养登记材料、照顾记录与解除原因线索。','如无登记，补强长期事实维持证据。',1,'2026-04-16 13:45:06'),('c_adoption_post_dissolve_arrangement','conclusion','解除收养后的未成年人安排需单独成型','解除收养后如未成年人监护、抚养费和生活安排未明确，后续执行性会明显不足。','important','[\"law_1115\",\"law_1084\"]','解除收养后果路径','需同步细化后续安排','整理监护、抚养费用和生活安置方案。',1,'2026-04-16 15:49:26'),('c_adoption_precondition','conclusion','收养关系纠纷已具备审查入口','已存在确认或解除收养的明确请求，可进入收养关系审查。','important','[\"law_1093\",\"law_1115\"]','收养纠纷前置','可进入实体分析','继续锁定收养路径类型及共同生活状态。',1,'2026-04-16 15:49:26'),('c_adoption_registered_confirm','conclusion','收养确认中的登记收养路径较明确','已办理收养登记且有送养同意、抚养能力材料时，确认收养关系路径更稳定。','important','[\"law_1093\",\"law_1105\"]','登记收养路径','优先围绕登记收养主张','重点整理登记材料、送养同意和资格材料。',1,'2026-04-16 15:49:26'),('c_child_support_change_amount','conclusion','抚养费：变更数额路径较明确','子女支出或收入能力发生变化、教育医疗等重大支出明确时，变更数额更有依据。','important','[\"law_1085\"]','变更请求','可主张提高/降低抚养费','建议提交支出变化与收入变化证据。',1,'2026-04-16 15:56:36'),('c_child_support_change_custody','conclusion','变更抚养关系：路径较明确','存在法定变更情形且有利于子女成长证据较充分时，变更抚养主张更有优势。','important','[\"law_1084\"]','变更抚养请求','可主张变更直接抚养','建议提交抚养现状、不利因素及子女意愿材料。',1,'2026-04-16 15:56:36'),('c_child_support_claim_fee','conclusion','抚养费：主张支付/补付路径较明确','对方未支付抚养费且基础文书或约定明确时，补付/持续支付主张更稳。','important','[\"law_1085\"]','抚养费请求','可主张支付/补付抚养费','建议固定拖欠记录、催要记录与对方收入能力证据。',1,'2026-04-16 15:56:36'),('c_child_support_precondition','conclusion','抚养费/变更抚养：具备审查入口','存在亲子关系与抚养费争议线索，可进入抚养费、拖欠补付或变更抚养的分支审查。','important','[\"law_1085\"]','审查入口','进入抚养纠纷分支分析','建议补齐亲子关系材料、既有协议/判决与支付记录。',1,'2026-04-16 15:56:36'),('c_cohabitation_contribution_ratio','conclusion','同居财产中的出资比例与共同购置路径较明确','共同购置房车或大额财物且一方明显高额出资时，更利于细化析产比例。','important','[\"law_308\",\"law_309\"]','同居出资比例路径','可细化财产份额方案','重点整理共同购置合同、出资流水和比例说明。',1,'2026-04-16 15:49:26'),('c_cohabitation_custody_support','conclusion','同居关系中的子女抚养安排可同步处理','存在子女、实际照料和费用承担争议时，可同步处理直接抚养与抚养费。','important','[\"law_1084\",\"law_1085\"]','同居子女路径','可同步主张抚养安排','整理出生材料、照料记录和月支出清单。',1,'2026-04-16 15:49:26'),('c_cohabitation_direct_custody','conclusion','同居子女中的直接抚养与月支出路径较明确','直接抚养主张、现有照料状态和孩子月支出清晰时，更利于形成抚养安排。','important','[\"law_1084\",\"law_1085\"]','同居直接抚养路径','可细化抚养方案','重点整理照料现状、支出清单和支付不足材料。',1,'2026-04-16 15:49:26'),('c_cohabitation_exception','conclusion','同居纠纷需避免财产和身份关系混同','若同居时间、共同投入或子女安排都不清晰，容易导致主张方向泛化。','warning','[\"law_1042\"]','同居关系例外路径','需先明确争点','先区分财产析产、子女抚养和一般返还请求。',1,'2026-04-16 15:49:26'),('c_cohabitation_initial','conclusion','同居关系财产与子女安排可进入裁判分析','同居投入与财产争议并存在抚养问题时，可组织财产析产与抚养费/照护安排证据补强。','important','[\"law_1087\",\"law_1084\"]','同居析产与抚养审查','建议补强同住证据、转账流水、孩子生活照护与支付拒绝线索。','围绕财产范围清晰与证据链条组织证成。',1,'2026-04-16 13:45:06'),('c_cohabitation_precondition','conclusion','同居关系纠纷已具备审查前提','已存在同居关系及财产或子女争议线索，可进入同居关系实体分析。','important','[\"law_1042\",\"law_1084\"]','同居关系前置','可进入实体分析','继续固定同居起止时间和共同投入情况。',1,'2026-04-16 15:49:26'),('c_cohabitation_property_support','conclusion','同居财产分割存在支持路径','共同生活、共同购置或一方明显出资较高时，可围绕共有投入主张析产。','important','[\"law_308\",\"law_309\"]','同居财产支持路径','支持继续主张','重点整理共同购置合同、转账流水和出资比例。',1,'2026-04-16 15:49:26'),('c_divorce_children_priority','divorce_property','分割时需重点照顾未成年子女利益','案件存在未成年子女长期照顾事实，分割时会强化居住稳定性考量。','important','[\"law_1084\"]','分割倾向','照顾子女利益因素显著','可重点提交抚养现状、学籍居住连续性等材料。',1,'2026-04-07 11:41:45'),('c_divorce_common_property','divorce_property','房产更可能被认定为夫妻共同财产','存在婚后取得、共同还贷或共有登记等共同财产特征。','important','[\"law_1062\",\"law_jsyi_25\",\"law_jsyi_27\"]','财产属性判断','共同财产倾向较高','可围绕分割比例、居住需求、还贷贡献提出具体分割方案。',1,'2026-04-07 11:41:45'),('c_divorce_compensation','divorce_property','可主张折价补偿或份额差异化分配','存在明显贡献差异或登记与还贷不一致情形，具备补偿主张空间。','important','[\"law_1087\",\"law_1088\"]','分割方案','可主张补偿/折价款','建议结合评估价、剩余贷款、历史出资形成可执行方案。',1,'2026-04-07 11:41:45'),('c_divorce_dispute_breakdown','conclusion','离婚纠纷：感情破裂路径较明确','分居、冲突、调解失败等事实更有利于支持“感情确已破裂”。','important','[\"law_1079\"]','离婚诉请','判决离婚支持度提升','建议按时间线整理分居/冲突/调解材料并固定证据。',1,'2026-04-16 15:56:36'),('c_divorce_dispute_custody','conclusion','离婚纠纷：子女抚养路径较明确','子女长期随一方生活、另一方存在不利因素或抚养能力对比明确时，抚养请求更有优势。','important','[\"law_1084\"]','抚养诉请','可主张直接抚养/抚养费/探望安排','建议提交就学、照护、收入住房与子女意愿（八周岁以上）材料。',1,'2026-04-16 15:56:36'),('c_divorce_dispute_need_more_facts','conclusion','离婚纠纷：当前事实不足需先补齐','离婚事由、子女或财产债务的关键事实未形成稳定证据链，易导致结论不稳或答非所问。','warning','[\"law_1079\"]','补强方向','先补齐关键事实再判断路径','建议优先补齐结婚登记、分居/冲突证据、子女抚养现状、财产债务清单。',1,'2026-04-16 15:56:36'),('c_divorce_dispute_precondition','conclusion','离婚纠纷：具备审查入口','存在合法婚姻关系并已提出离婚主张线索，可进入离婚事由/子女/财产债务的分支审查。','important','[\"law_1079\"]','审查入口','进入离婚纠纷分支分析','建议补齐结婚登记、感情破裂、子女与财产债务线索。',1,'2026-04-16 15:56:36'),('c_divorce_dispute_property_debt','conclusion','离婚纠纷：财产与债务处理路径较明确','共同财产/共同债务范围越清晰，越利于一次性解决争议。','important','[\"law_1087\",\"law_1089\"]','财产债务诉请','建议同步提出财产债务处理','建议形成资产负债清单并逐项对应证据。',1,'2026-04-16 15:56:36'),('c_divorce_dispute_violence_fault','conclusion','离婚纠纷：家暴/重大过错路径较明确','家暴或重大过错线索清晰时，离婚支持度与衍生请求基础更强。','important','[\"law_1091\",\"law_1079\"]','离婚诉请','可优先走家暴/过错证据链','建议固定报警回执、告诫书、伤情、就医记录等。',1,'2026-04-16 15:56:36'),('c_divorce_personal_property','divorce_property','房产更可能被认定为一方个人财产','现有事实显示房产取得时间或赠与方式倾向个人财产属性。','warning','[\"law_1063\",\"law_jsyi_26\"]','财产属性判断','个人财产倾向较高','需重点核查婚后增值、共同还贷与产权变动对分割的影响。',1,'2026-04-07 11:41:45'),('c_divorce_precondition','divorce_property','满足离婚房产分割审查前提','已形成合法婚姻关系、离婚状态与房产争议三项基础。','important','[\"law_1062\"]','审查入口','可进入房产分割裁判分析','建议继续补充产权、出资、还贷、子女抚养等证据。',1,'2026-04-07 11:41:45'),('c_family_partition_exception','conclusion','分家析产需先澄清成员范围与财产边界','若成员范围、是否已实际分家或财产登记名义不清，易导致析产请求泛化。','warning','[\"law_308\"]','分家析产例外路径','需先补强基础事实','先明确家庭成员、分家状态和占有使用事实。',1,'2026-04-16 15:49:26'),('c_family_partition_initial','conclusion','分家析产可进入财产范围与分割证据审查','同堂共同生活并存在财产争议时，可组织共同财产范围认定与析产分割证成。','important','[\"law_1087\",\"law_1092\"]','析产分割审查入口','建议补强财产清单/账本、登记证据与资金来源。','如存在转移/不当处分，补强对应流水与沟通证据。',1,'2026-04-16 13:45:06'),('c_family_partition_member_boundary','conclusion','分家析产中的成员范围与分家状态路径较明确','家庭成员范围、是否已实际分家和长期占有使用状态明确时，更利于确认析产边界。','important','[\"law_308\"]','分家析产成员边界路径','可细化析产边界','重点整理成员清单、分家证明和占有使用材料。',1,'2026-04-16 15:49:26'),('c_family_partition_precondition','conclusion','分家析产纠纷已具备审查入口','共同生活、共同置办财产和析产请求已形成基础，能够进入析产审查。','important','[\"law_308\",\"law_309\"]','分家析产前置','可进入实体分析','继续明确家庭成员范围、登记名义和出资来源。',1,'2026-04-16 15:49:26'),('c_family_partition_registration_source','conclusion','分家析产中的登记名义与出资来源路径较明确','登记名义、权属材料和主要出资来源较清晰时，更利于细化权利份额。','important','[\"law_309\"]','分家析产权属来源路径','可细化份额主张','重点整理权属证明、转账流水和出资来源材料。',1,'2026-04-16 15:49:26'),('c_family_partition_support','conclusion','分家析产主张存在支持路径','财产范围、登记名义、长期占有使用和主要出资来源较清晰时，可进一步主张析产分割。','important','[\"law_308\",\"law_309\"]','分家析产支持路径','支持继续主张','整理财产清单、账本、登记和出资材料。',1,'2026-04-16 15:49:26'),('c_guardianship_care_ability','conclusion','监护申请人的照护能力路径较明确','照护能力、稳定居住和财产管理需求较明确时，更利于形成可执行的监护方案。','important','[\"law_31\",\"law_35\"]','监护照护能力路径','可继续补强监护适格性','整理收入、居住、照护安排和财产管理材料。',1,'2026-04-16 15:49:26'),('c_guardianship_initial','conclusion','监护权指定/变更可进入实体审查','被监护人无/限制能力与医学鉴定证据具备时，可形成指定/变更监护人请求。','important','[\"law_1084\"]','监护权审查入口','建议补强鉴定/诊断证据与申请文书材料。','如现任监护不适合或不履行，补强对应事实证据。',1,'2026-04-16 13:45:06'),('c_guardianship_precondition','conclusion','监护权纠纷已具备审查入口','被监护人能力状态和监护请求已基本明确，可进入指定或变更监护人审查。','important','[\"law_27\",\"law_31\"]','监护权前置','可进入实体分析','继续核查主体资格、照护能力和基层组织意见。',1,'2026-04-16 15:49:26'),('c_guardianship_property_support','conclusion','监护事项可延伸至财产管理保护路径','若被监护人同时存在财产管理需求，应同步考虑监护范围与财产保护安排。','important','[\"law_35\"]','监护财产路径','可同步主张财产管理','整理财产清单、保管风险和管理需求说明。',1,'2026-04-16 15:49:26'),('c_guardianship_subject_qualification','conclusion','监护申请人的主体资格路径较明确','申请人顺位、亲属关系和基层组织意见较清晰时，指定或变更监护人的主体基础更稳。','important','[\"law_27\"]','监护主体资格路径','优先围绕主体资格主张','重点整理身份顺位、亲属关系和基层意见材料。',1,'2026-04-16 15:49:26'),('c_guardianship_support','conclusion','监护权指定或变更存在支持路径','申请人主体资格、照护能力和现任监护缺位或不适合情形较明确。','important','[\"law_27\",\"law_31\"]','监护权支持路径','支持继续主张','补强诊断鉴定、照护条件和基层组织意见。',1,'2026-04-16 15:49:26'),('c_in_marriage_property_division_initial','conclusion','婚内夫妻财产分割可进入裁判分析','存在婚内共同财产争议及证据线索时，可进入实体审查并形成分割/处置方案。','important','[\"law_1087\",\"law_1092\"]','婚内财产分割','建议继续补强藏匿转移、挥霍处置与医疗紧急支出证据。','围绕范围清晰与交易/登记证据组织证成。',1,'2026-04-16 13:45:06'),('c_in_marriage_property_exception','conclusion','婚内财产分割需先补强范围与紧迫性','目前仅有一般争议线索，若共同财产范围或紧迫处分理由不清，容易导致请求泛化。','warning','[\"law_1087\"]','婚内财产分割例外路径','需先补强再主张','补充财产清单、争议财产类型及对家庭生活影响。',1,'2026-04-16 15:49:26'),('c_in_marriage_property_livelihood_impact','conclusion','婚内财产分割中的基本生活受影响路径较明确','重大医疗、挥霍处置已影响家庭基本生活时，紧迫性和保护必要性更强。','important','[\"law_1087\",\"law_1092\"]','婚内财产生活影响路径','可强化紧迫性主张','整理医疗支出、家庭欠费和生活受影响材料。',1,'2026-04-16 15:49:26'),('c_in_marriage_property_precondition','conclusion','婚内财产分割已具备审查前提','婚姻关系存续且已出现婚内共同财产争议，可进入婚内析产审查。','important','[\"law_1087\",\"law_1092\"]','婚内财产分割前置','可进入实体分析','继续围绕共同财产范围、转移方式和支出影响补强。',1,'2026-04-16 15:49:26'),('c_in_marriage_property_support','conclusion','婚内财产分割主张存在支持路径','存在藏匿转移、挥霍或重大医疗紧急需求等情形，具备请求分割或采取保护措施的空间。','important','[\"law_1087\",\"law_1092\"]','婚内财产分割支持路径','支持继续主张','重点固定共同财产范围、转账流水、医疗票据与挥霍细节。',1,'2026-04-16 15:49:26'),('c_in_marriage_property_type_scope','conclusion','婚内财产分割中的财产类型与范围路径较明确','争议财产类型、范围边界和转移方式较明确时，更利于形成具体分割请求。','important','[\"law_1087\",\"law_1092\"]','婚内财产范围路径','可细化分割标的','重点整理房产、账户、股权等类型及财产清单。',1,'2026-04-16 15:49:26'),('c_inherit_share','conclusion','可主张确认继承份额','继承开始且遗产线索存在时，可主张确认继承人及份额并分割。','success','[\"law_1127\",\"law_1130\"]','确认继承份额','可主张确认并分割','围绕继承人范围、遗产清单、份额证据',1,'2026-04-14 16:29:27'),('c_inherit_will_dispute','conclusion','存在遗嘱效力争议处理空间','存在遗嘱且有形式/意思表示瑕疵线索时，可主张确认遗嘱效力或撤销。','warning','[\"law_1133\"]','遗嘱效力争议','可主张确认/撤销','围绕遗嘱形式、见证、鉴定等举证',1,'2026-04-14 16:29:27'),('c_labor_no_contract_double','labor_contract','可主张未签书面劳动合同期间双倍工资','入职超过一个月未签劳动合同且有工资支付事实支持。','important','[\"law_contract_10\",\"law_contract_82\"]','双倍工资请求','可主张（符合法定要件）','建议按入职时间线整理证据，核算可主张区间后通过劳动仲裁主张。',1,'2026-04-07 11:41:34'),('c_labor_no_contract_open_term','labor_contract','无固定期限合同请求有支持可能','已明确主张且满足法定条件。','important','[\"law_contract_14\"]','无固定期限合同请求','可主张','建议提交工龄、续签记录等证明满足法定条件。',1,'2026-04-07 11:41:34'),('c_labor_no_contract_sign','labor_contract','可请求单位补签书面劳动合同','劳动关系存续且未签书面合同，补签请求具有正当性。','important','[\"law_contract_10\"]','补签劳动合同请求','可主张','建议先发出书面补签申请并保留送达凭证。',1,'2026-04-07 11:41:34'),('c_labor_termination_illegal','labor_termination','解除行为存在较高概率被认定为违法','解除理由或程序不符合法定要求，或存在特殊保护期内解除风险。','important','[\"law_contract_39\",\"law_contract_40\",\"law_contract_41\",\"law_contract_48\",\"law_contract_87\"]','违法解除判断','可优先主张认定为违法解除','建议围绕解除理由合法性、解除程序合法性、特殊保护期事实整理证据。',1,'2026-04-07 11:41:34'),('c_labor_termination_reinstate','labor_termination','可请求继续履行劳动合同','劳动者已明确提出恢复劳动关系请求。','important','[\"law_contract_48\"]','诉请方向','可请求继续履行劳动合同','如劳动者主张继续履行且用人单位仍可继续履行，可作为主要请求。',1,'2026-04-07 11:41:34'),('c_labor_termination_wage_gap','labor_termination','可主张停工期间工资损失','劳动者已明确提出停工期间工资损失请求。','important','[\"law_contract_87\"]','诉请方向','可主张停工期间工资损失','建议结合停工期间证据材料核算损失并一并主张。',1,'2026-04-07 11:41:34'),('c_labor_unpaid_additional','labor_payment','可进一步主张逾期支付加付赔偿金','欠薪在投诉/催告后仍未改正，符合加付赔偿金主张方向。','important','[\"law_contract_85\",\"law_reg_16\"]','加付赔偿金请求','具备主张基础','建议提交投诉回执、限期支付通知及逾期未支付证明材料。',1,'2026-04-07 11:41:34'),('c_labor_unpaid_core','labor_payment','欠薪请求具有较高支持可能性','已具备劳动关系、劳动提供、欠薪事实及核心证据链。','important','[\"law_labor_50\",\"law_contract_30\",\"law_contract_85\"]','欠薪支付请求','可优先主张足额支付拖欠工资','建议申请劳动仲裁并提交劳动关系、劳动提供、欠薪金额及催要记录等证据。',1,'2026-04-07 11:41:34'),('c_labor_unpaid_overtime','labor_payment','加班费请求具备基础支持条件','已明确加班请求，且有加班事实证据及计算依据。','important','[\"law_contract_30\"]','加班费请求','可一并主张','建议按工作日/休息日/法定节假日分开整理加班证据并核算金额。',1,'2026-04-07 11:41:34'),('c_labor_unpaid_term_comp','labor_contract','解除补偿请求有一定支持可能','存在欠薪，且解除原因与单位违约行为相关。','important','[\"law_contract_85\"]','解除补偿请求','可结合欠薪事实一并主张','建议保留解除前催告记录与解除通知，形成完整时间线。',1,'2026-04-07 11:41:34'),('c_marriage_annulment_arrangement','conclusion','撤销婚姻后的赔偿、财产和子女安排可并行处理','撤销后若涉及损害赔偿、财产返还或子女抚养安排，可同步设计后果处理路径。','important','[\"law_1054\",\"law_1084\"]','撤销婚姻后果路径','同步处理后果安排','分别整理赔偿、返还和抚养材料。',1,'2026-04-16 15:49:26'),('c_marriage_annulment_coercion','conclusion','撤销婚姻中的胁迫路径较明确','存在胁迫结婚事实且能说明胁迫终止时间时，撤销请求会更聚焦。','important','[\"law_1052\",\"law_1053\"]','撤销婚姻胁迫路径','优先围绕胁迫主张','提交报警、伤情、录音和时间线证据。',1,'2026-04-16 15:49:26'),('c_marriage_annulment_disease','conclusion','撤销婚姻中的重大疾病隐瞒路径较明确','婚前隐瞒重大疾病且知晓时间可说明时，撤销请求和损害赔偿都更容易成型。','important','[\"law_1053\"]','撤销婚姻重大疾病路径','优先围绕重大疾病隐瞒主张','整理病历、住院记录、婚前告知缺失材料。',1,'2026-04-16 15:49:26'),('c_marriage_annulment_exception','conclusion','撤销婚姻可能受期间限制影响','若不在法定期间内提出，或知晓时间无法说明，撤销请求风险较高。','warning','[\"law_1053\"]','撤销婚姻例外路径','需先核查时效','围绕知晓时间、胁迫终止时间补充证据。',1,'2026-04-16 15:49:26'),('c_marriage_annulment_initial','conclusion','撤销婚姻可进入原因与后果安排审查','存在撤销原因线索且有证据补强时，可组织撤销请求及撤销后财产返还/子女安排。','important','[\"law_1079\",\"law_1087\"]','撤销婚姻审查入口','建议补强胁迫/欺诈/重大疾病隐瞒的证据。','同时整理撤销后的财产与子女抚养需求证据。',1,'2026-04-16 13:45:06'),('c_marriage_annulment_precondition','conclusion','撤销婚姻纠纷已具备审查入口','存在法定撤销事由线索，且已出现撤销请求与期间判断基础。','important','[\"law_1052\",\"law_1053\"]','撤销婚姻前置','可进入实体分析','继续核查胁迫终止时间或知晓疾病时间。',1,'2026-04-16 15:49:26'),('c_marriage_annulment_support','conclusion','撤销婚姻主张存在支持路径','胁迫结婚或婚前隐瞒重大疾病的线索较明确，撤销请求具备继续主张空间。','important','[\"law_1052\",\"law_1053\"]','撤销婚姻支持路径','支持继续主张','重点固定胁迫过程、病历诊断和时间节点。',1,'2026-04-16 15:49:26'),('c_marriage_annulment_time_bar','conclusion','撤销婚姻需优先排查法定期间障碍','如无法证明在法定期间内提出，后续实体争点可能无法展开。','warning','[\"law_1053\"]','撤销婚姻期间障碍路径','需优先核查期间问题','先补知晓时间和立案时间材料。',1,'2026-04-16 15:49:26'),('c_marriage_invalid_arrangement','conclusion','婚姻无效后的财产与子女安排需同步处理','案件同时涉及财产或未成年子女安排时，应同步组织后果处理方案。','important','[\"law_1054\",\"law_1084\"]','婚姻无效后果路径','同步处理后果安排','补充财产给付、抚养现状与支出材料。',1,'2026-04-16 15:49:26'),('c_marriage_invalid_exception','conclusion','婚姻无效主张需排除错误事由混入','若仅有与他人同居等非无效法定事由线索，容易导致 /judge 答非所问。','warning','[\"law_1051\"]','婚姻无效例外路径','需校正主张方向','区分婚姻无效、撤销婚姻和离婚损害责任。',1,'2026-04-16 15:49:26'),('c_marriage_invalid_initial','conclusion','婚姻无效可进入实体确认与返还审查','无效原因线索与请求确认成立时，可组织无效确认及财产返还/安排的证据链。','important','[\"law_1079\",\"law_1087\"]','婚姻无效确认','建议补强无效原因与结婚登记/身份材料证据。','同时整理共同财产与子女抚养安排线索。',1,'2026-04-16 13:45:06'),('c_marriage_invalid_kinship','conclusion','婚姻无效中的近亲属关系路径较明确','若能证明属于禁止结婚的亲属关系，婚姻无效将围绕亲属关系认定展开。','important','[\"law_1051\"]','婚姻无效近亲路径','优先围绕亲属关系主张','重点提交户籍、出生和亲属关系材料。',1,'2026-04-16 15:49:26'),('c_marriage_invalid_precondition','conclusion','婚姻无效纠纷已具备审查入口','存在法定无效事由线索且请求主体较明确，可进入婚姻无效确认审查。','important','[\"law_1051\",\"law_1052\"]','婚姻无效前置','可进入实体分析','先锁定法定无效事由，不再混入非无效原因。',1,'2026-04-16 15:49:26'),('c_marriage_invalid_prior_marriage','conclusion','婚姻无效中的重婚路径较明确','若能证明在先婚姻未解除又再次登记结婚，婚姻无效主张更聚焦也更稳定。','important','[\"law_1051\"]','婚姻无效重婚路径','优先围绕重婚事实主张','重点提交前婚状态、登记档案和身份信息。',1,'2026-04-16 15:49:26'),('c_marriage_invalid_support','conclusion','婚姻无效确认存在支持路径','在先婚姻未解除、禁止结婚亲属关系或未达婚龄等法定事由已出现明确指向。','important','[\"law_1051\",\"law_1052\"]','婚姻无效支持路径','支持继续主张','围绕登记、身份、亲属关系和前婚状态固定证据。',1,'2026-04-16 15:49:26'),('c_marriage_invalid_underage','conclusion','婚姻无效中的未达婚龄路径较明确','若能证明登记结婚时未达法定婚龄，婚姻无效主张将围绕年龄事实展开。','important','[\"law_1051\",\"law_1054\"]','婚姻无效婚龄路径','优先围绕婚龄事实主张','重点提交身份证、户籍和登记材料。',1,'2026-04-16 15:49:26'),('c_paternity_confirmation_birth_record','conclusion','亲子确认中的出生登记与生育往来路径较明确','出生登记与确认主张一致，且存在怀孕生育期间往来和长期抚养记录时，确认路径更稳定。','important','[\"law_1073\"]','亲子确认出生登记路径','可强化确认主张','重点整理出生证明、生育往来和共同抚养记录。',1,'2026-04-16 15:49:26'),('c_paternity_confirmation_initial','conclusion','亲子确认请求具备证据补强方向','亲子争议与鉴定结论支持时，可组织亲子确认请求的证据补强。','important','[\"law_1084\"]','亲子确认审查入口','建议提交亲子鉴定结论、出生/户籍/亲属关系材料及证据清单。','如无鉴定结论，先补强鉴定可用材料。',1,'2026-04-16 13:45:06'),('c_paternity_confirmation_obstruction','conclusion','亲子确认可走举证妨碍路径','对方拒绝配合亲子鉴定或存在举证妨碍时，可强化确认主张的证明评价。','important','[\"law_81\"]','亲子确认举证妨碍路径','可强化证明评价','保留拒检、送达、调查受阻等过程材料。',1,'2026-04-16 15:49:26'),('c_paternity_confirmation_precondition','conclusion','亲子确认纠纷已具备审查入口','存在亲子关系争议且已形成确认请求或鉴定方向，可进入亲子确认审查。','important','[\"law_1073\"]','亲子确认前置','可进入实体分析','继续固定鉴定结论、出生登记和往来记录。',1,'2026-04-16 15:49:26'),('c_paternity_confirmation_support','conclusion','亲子确认存在支持路径','鉴定结论、出生登记一致性和怀孕生育期间往来记录对确认主张形成支持。','important','[\"law_1073\"]','亲子确认支持路径','支持继续主张','整理鉴定材料、出生登记和长期抚养证据。',1,'2026-04-16 15:49:26'),('c_paternity_disclaimer_birth_record','conclusion','亲子否认中的登记不一致与生活缺失路径较明确','出生登记与否认主张不一致，且共同生活或生育往来证据薄弱时，否认主张更聚焦。','important','[\"law_1073\"]','亲子否认出生登记路径','可强化否认主张','重点整理出生登记不一致和共同生活缺失材料。',1,'2026-04-16 15:49:26'),('c_paternity_disclaimer_initial','conclusion','亲子否认请求具备证据补强方向','亲子争议与鉴定结论支持否认主张时，可组织否认请求的证据补强。','important','[\"law_1084\"]','亲子否认审查入口','建议提交亲子鉴定结论、出生/户籍/亲属关系材料及证据清单。','同时整理争议形成沟通记录。',1,'2026-04-16 13:45:06'),('c_paternity_disclaimer_obstruction','conclusion','亲子否认可走举证妨碍路径','对方拒绝配合亲子鉴定或存在举证妨碍时，可强化否认主张的证明评价。','important','[\"law_81\"]','亲子否认举证妨碍路径','可强化证明评价','保留拒检、送达、调查受阻等过程材料。',1,'2026-04-16 15:49:26'),('c_paternity_disclaimer_precondition','conclusion','亲子否认纠纷已具备审查入口','存在亲子关系争议且已形成否认请求或鉴定方向，可进入亲子否认审查。','important','[\"law_1073\"]','亲子否认前置','可进入实体分析','继续固定鉴定结论、出生登记和往来记录。',1,'2026-04-16 15:49:26'),('c_paternity_disclaimer_support','conclusion','亲子否认存在支持路径','鉴定结论、出生登记不一致和怀孕生育期间往来缺失等事实可支持否认主张。','important','[\"law_1073\"]','亲子否认支持路径','支持继续主张','重点整理鉴定报告、登记不一致与生活记录缺失。',1,'2026-04-16 15:49:26'),('c_post_divorce_damage_amount','conclusion','赔偿金额与范围可进一步细化','已出现具体费用、持续治疗或误工损失线索，可细化金额计算与项目拆分。','important','[\"law_1183\",\"law_1179\"]','离婚后损害金额路径','可细化赔偿清单','将医疗费、误工费、精神损害抚慰金分别整理。',1,'2026-04-16 15:49:26'),('c_post_divorce_damage_causation','conclusion','离婚后损害的后果与因果链可继续补强','损害后果、持续治疗和误工线索存在时，可进一步强化因果关系和金额计算。','important','[\"law_1183\",\"law_1179\"]','离婚后损害因果路径','可继续补强因果链','围绕病历时间线、复诊记录和误工收入证明整理。',1,'2026-04-16 15:49:26'),('c_post_divorce_damage_exception','conclusion','离婚后损害责任可能受既判或处理完毕影响','若损害赔偿已在离婚程序中处理，或因果关系、损失范围不明确，后续主张空间会收窄。','warning','[\"law_1091\"]','离婚后损害例外路径','需先核查程序障碍','核查离婚判决、协议和既往请求处理情况。',1,'2026-04-16 15:49:26'),('c_post_divorce_damage_fault','conclusion','离婚后损害已形成明确过错识别路径','重婚、与他人同居、家庭暴力或虐待遗弃等过错类型较清晰时，更利于围绕法定过错展开主张。','important','[\"law_1091\"]','离婚后损害过错路径','过错类型较明确','围绕过错类型分别整理聊天、报警、判决或证人证言。',1,'2026-04-16 15:49:26'),('c_post_divorce_damage_liability_initial','conclusion','离婚后损害责任有证据补强空间','过错侵害事实线索与后果损害要件具备时，可形成精神损害/经济损失赔偿证成。','important','[\"law_1079\",\"law_1087\"]','损害责任审查入口','建议按“过错-后果-请求范围”补强聊天/病历/费用清单。','重点固定电子证据与损失计算依据。',1,'2026-04-16 13:45:06'),('c_post_divorce_damage_precondition','conclusion','离婚后损害责任已具备独立审查前提','离婚事实已生效且已出现过错侵害与损害后果线索，可独立进入赔偿审查。','important','[\"law_1091\",\"law_1079\"]','离婚后损害前置','可进入实体分析','继续补强过错类型、程序处理情况和因果关系。',1,'2026-04-16 15:49:26'),('c_post_divorce_damage_support','conclusion','离婚后损害责任存在支持路径','过错类型、损害后果和因果关系较明确，具备继续主张赔偿的基础。','important','[\"law_1091\",\"law_1079\"]','离婚后损害支持路径','支持继续主张','重点固定聊天、病历、报警记录及离婚阶段未处理事实。',1,'2026-04-16 15:49:26'),('c_post_divorce_property_agreement_enforce','conclusion','离婚后财产：协议履行路径较明确','离婚协议财产条款未履行且文本/催告证据充分时，可主张确认并履行。','important','[\"law_jsyi_69\",\"law_1087\"]','协议履行请求','可主张履行协议条款','建议提交协议原件、公证/登记与履行障碍证据。',1,'2026-04-16 15:56:36'),('c_post_divorce_property_conceal_penalty','conclusion','离婚后财产：隐藏转移责任路径较明确','隐藏转移线索与交易证据较充分时，可主张少分/不分或追究责任。','important','[\"law_1092\",\"law_jsyi_84\"]','责任追究请求','可主张少分/不分或返还','建议固定流水、交易对手、资产去向及时间线。',1,'2026-04-16 15:56:36'),('c_post_divorce_property_precondition','conclusion','离婚后财产：具备审查入口','离婚已生效且存在未分割/隐藏转移/协议履行争议线索，可进入再分割、责任追究或协议履行分支。','important','[\"law_1087\",\"law_jsyi_84\"]','审查入口','进入离婚后财产分支分析','建议补齐离婚文书、财产线索与交易材料。',1,'2026-04-16 15:56:36'),('c_post_divorce_property_redistribute','conclusion','离婚后财产：再分割路径较明确','存在未分割共同财产且请求方向明确时，可主张离婚后再次分割。','important','[\"law_1087\"]','再分割请求','具备再分割基础','建议整理未分割财产清单与线索来源证据。',1,'2026-04-16 15:56:36'),('c_post_divorce_property_time_limit_risk','conclusion','离婚后财产：存在发现时间/时效风险需先处理','发现时间不清或可能超过时效时，需要先补强发现节点与中断/中止线索。','warning','[\"law_jsyi_84\"]','风险提示','优先补强发现时间与时效说明','建议固定查询回执、聊天记录、线索形成过程等材料。',1,'2026-04-16 15:56:36'),('c_property_refund_defense','conclusion','存在不返还/少返还抗辩点','已登记且长期共同生活等情形下可抗辩不返还或少返还。','warning','[\"law_jshj_5\"]','抗辩返还请求','可抗辩不返还/少返还','围绕共同生活时间、过错、返还比例举证',1,'2026-04-14 16:29:27'),('c_property_refund_support','conclusion','支持主张返还彩礼/婚约财产','存在给付且满足法定返还情形，建议主张返还。','success','[\"law_jshj_5\",\"law_1042\"]','返还彩礼/婚约财产','可主张返还','围绕给付凭证、登记/共同生活、困难等举证',1,'2026-04-14 16:29:27'),('c_sibling_support_change_support','conclusion','扶养安排变更存在支持路径','已有长期照料一方且法定变更原因较明确时，可进一步主张调整扶养安排。','important','[\"law_1075\"]','扶养变更路径','可主张调整安排','补强长期照料事实及其他义务人分担情况。',1,'2026-04-16 15:49:26'),('c_sibling_support_exception','conclusion','扶养纠纷需先厘清义务人范围与能力','若义务主体、履行能力或困难程度不清，容易导致扶养请求笼统。','warning','[\"law_1075\"]','扶养纠纷例外路径','需先补强基础事实','明确多名义务人、收入水平和既往履行情况。',1,'2026-04-16 15:49:26'),('c_sibling_support_fee_support','conclusion','扶养费主张存在支持路径','生活困难、无劳动能力或重大医疗护理支出较明确时，可主张扶养费分担。','important','[\"law_1075\"]','扶养费支持路径','支持继续主张','整理亲属关系、收入能力与月扶养费测算。',1,'2026-04-16 15:49:26'),('c_sibling_support_initial','conclusion','扶养纠纷可进入扶养义务要件审查','被扶养人生活困难、扶养人能力与拒绝履行/不足时，可组织扶养费给付或变更证成。','important','[\"law_1067\"]','扶养义务审查入口','建议补强亲属关系、生活困难、收入能力与拒绝履行证据。','必要时补强变更原因属于法定情形材料。',1,'2026-04-16 13:45:06'),('c_sibling_support_medical','conclusion','扶养纠纷中的重大医疗护理支出路径较明确','存在重病、失能或长期护理支出时，扶养费请求更适合围绕医疗护理负担展开。','important','[\"law_1075\"]','扶养医疗护理路径','可围绕医疗护理支出主张','重点整理病历、护理费和费用清单。',1,'2026-04-16 15:49:26'),('c_sibling_support_multi_obligor','conclusion','扶养纠纷中的多义务人分担路径较明确','有多名扶养义务人且已存在长期照料一方时，可进一步细化分担比例和履行方式。','important','[\"law_1075\"]','扶养多义务人路径','可细化分担方案','整理成员范围、照料现状和各自收入能力。',1,'2026-04-16 15:49:26'),('c_sibling_support_precondition','conclusion','扶养纠纷已具备审查入口','已明确扶养义务关系和被扶养人困难状态，可进入扶养义务审查。','important','[\"law_1075\"]','扶养纠纷前置','可进入实体分析','继续核查医疗护理支出、多义务人和金额测算。',1,'2026-04-16 15:49:26'),('c_spousal_agreement_defense','conclusion','夫妻财产约定存在效力抗辩风险','若存在胁迫、欺诈或协议真实性不足等情形，协议效力会成为核心争点。','warning','[\"law_143\",\"law_148\"]','夫妻财产约定抗辩路径','需同步应对效力争议','核查签署过程、自由意思表示和履行行为。',1,'2026-04-16 15:49:26'),('c_spousal_agreement_performance','conclusion','夫妻财产约定的履行争议路径较明确','协议已成立但履行存在争议时，可围绕催告、支付和争议标的进一步主张履行。','important','[\"law_1065\"]','夫妻财产约定履行路径','可继续主张履行','重点整理催告记录、转账凭证和财产标的材料。',1,'2026-04-16 15:49:26'),('c_spousal_agreement_precondition','conclusion','夫妻财产约定纠纷已具备审查入口','存在夫妻财产约定协议且约定内容基本明确，可进入效力与履行审查。','important','[\"law_1065\"]','夫妻财产约定前置','可进入实体分析','继续固定书面文本、签署时间和争议财产类型。',1,'2026-04-16 15:49:26'),('c_spousal_agreement_support','conclusion','夫妻财产约定存在履行支持路径','协议文本、签署真实及履行争议较明确，具备主张有效并要求履行的空间。','important','[\"law_1065\"]','夫妻财产约定支持路径','支持继续主张','重点补强书面协议、公证登记和催告履行材料。',1,'2026-04-16 15:49:26'),('c_spousal_agreement_validity','conclusion','夫妻财产约定的成立与效力路径较明确','存在书面协议、签署时间清晰且财产范围明确时，协议效力主张更稳定。','important','[\"law_1065\"]','夫妻财产约定效力路径','可继续强化效力主张','重点整理文本、公证登记和财产范围材料。',1,'2026-04-16 15:49:26'),('c_spousal_property_agreement_initial','conclusion','夫妻财产约定纠纷可主张有效并履行（或应对无效抗辩）','协议存在、约定明确且未履行/争议履行时，可形成有效并履行的证成。','important','[\"law_1087\",\"law_1092\"]','协议有效与履行/抗辩','建议补强协议文本、公证/登记与催告履行证据。','如对方主张无效/被撤销，补强签署真实与履行证据。',1,'2026-04-16 13:45:06'),('c_support_fee_claim','conclusion','赡养费：支付请求路径较明确','生活困难事实较明确且对方拒绝履行时，赡养费支付请求更有支持度。','important','[\"law_1067\"]','赡养费请求','可主张按月/定期赡养费','建议提交生活困难、拒绝履行和收入能力材料。',1,'2026-04-16 15:56:36'),('c_support_medical_disability','conclusion','赡养纠纷：医疗/失能费用路径较明确','医疗失能、护理支出证据越充分，越利于明确赡养金额与支付方式。','important','[\"law_1067\"]','赡养费请求','可围绕医疗护理费用主张','建议汇总病历、票据、护理合同与支付凭证。',1,'2026-04-16 15:56:36'),('c_support_multi_obligor','conclusion','赡养纠纷：多名赡养人分担路径较明确','赡养人范围与各自收入能力明确时，更利于提出分担方案并落地执行。','important','[\"law_1067\"]','分担方案','可主张多名赡养人分担','建议提交赡养人清单、收入证据与既往分担记录。',1,'2026-04-16 15:56:36'),('c_support_precondition','conclusion','赡养纠纷：具备审查入口','存在赡养关系与生活困难线索，可进入赡养费、医疗护理与分担安排分支审查。','important','[\"law_1067\"]','审查入口','进入赡养纠纷分支分析','建议补齐亲属关系证明、生活困难与医疗失能材料。',1,'2026-04-16 15:56:36'),('c_visitation_child_will','conclusion','探望权中的子女意愿与既有安排路径较明确','八周岁以上子女意愿明确且既有探望频率较清晰时，更容易形成可执行探望方案。','important','[\"law_1086\"]','探望权子女意愿路径','可细化执行方案','重点整理子女意愿、既有探望频率和接送安排。',1,'2026-04-16 15:49:26'),('c_visitation_exception','conclusion','探望权可能受中止风险因素影响','若存在不利于未成年人身心健康的风险线索，探望方式和频率需要收敛设计。','warning','[\"law_1086\"]','探望权例外路径','需控制探望风险','重点核查子女意愿和中止探望风险事实。',1,'2026-04-16 15:49:26'),('c_visitation_initial','conclusion','探望权纠纷可进入明确探望安排审查','非直接抚养方存在拒绝探望/障碍且有探望请求时，可组织明确探望方式与时间的证成。','important','[\"law_1084\"]','探望权审查入口','建议补强拒绝探望证据、沟通记录与探望安排文书。','形成可执行的时间/方式/安排证据链。',1,'2026-04-16 13:45:06'),('c_visitation_precondition','conclusion','探望权纠纷已具备审查入口','已分开生活且申请方属于非直接抚养一方，可进入探望权安排审查。','important','[\"law_1086\"]','探望权前置','可进入实体分析','继续固定子女年龄、意愿和既有安排。',1,'2026-04-16 15:49:26'),('c_visitation_support','conclusion','探望权主张存在支持路径','拒绝探望、既有安排不明或需节假日住宿探望时，可进一步明确探望方案。','important','[\"law_1086\"]','探望权支持路径','支持继续主张','细化频率、接送、节假日及住宿安排。',1,'2026-04-16 15:49:26'),('c_visitation_suspension_risk','conclusion','探望权中的中止或限制风险需优先审查','存在不利于未成年人身心健康的风险线索时，探望方式和范围可能被限制。','warning','[\"law_1086\"]','探望权风险审查路径','需先控制探望风险','围绕风险事实、节假日住宿方案和保护措施整理。',1,'2026-04-16 15:49:26');
/*!40000 ALTER TABLE `rule_judge_conclusion` ENABLE KEYS */;
UNLOCK TABLES;

--
-- Table structure for table `rule_judge_rule`
--

DROP TABLE IF EXISTS `rule_judge_rule`;
/*!40101 SET @saved_cs_client     = @@character_set_client */;
/*!50503 SET character_set_client = utf8mb4 */;
CREATE TABLE `rule_judge_rule` (
  `rule_id` varchar(128) COLLATE utf8mb4_unicode_ci NOT NULL,
  `cause_code` varchar(64) COLLATE utf8mb4_unicode_ci NOT NULL,
  `rule_name` varchar(255) COLLATE utf8mb4_unicode_ci NOT NULL,
  `path_name` varchar(255) COLLATE utf8mb4_unicode_ci DEFAULT NULL,
  `calc_expr` varchar(64) COLLATE utf8mb4_unicode_ci NOT NULL DEFAULT '与',
  `law_ref` varchar(64) COLLATE utf8mb4_unicode_ci DEFAULT NULL,
  `priority` int NOT NULL DEFAULT '1000',
  `condition_json` longtext COLLATE utf8mb4_unicode_ci NOT NULL,
  `enabled` tinyint NOT NULL DEFAULT '1',
  `updated_at` timestamp NOT NULL DEFAULT CURRENT_TIMESTAMP ON UPDATE CURRENT_TIMESTAMP,
  PRIMARY KEY (`rule_id`),
  KEY `idx_rule_cause_priority` (`cause_code`,`priority`,`enabled`)
) ENGINE=InnoDB DEFAULT CHARSET=utf8mb4 COLLATE=utf8mb4_unicode_ci;
/*!40101 SET character_set_client = @saved_cs_client */;

--
-- Dumping data for table `rule_judge_rule`
--

LOCK TABLES `rule_judge_rule` WRITE;
/*!40000 ALTER TABLE `rule_judge_rule` DISABLE KEYS */;
INSERT INTO `rule_judge_rule` VALUES ('r_add_betrothal_full','betrothal_property','彩礼全额返还路径','彩礼全额返还路径命中','与','law_jshj_5',10,'{\"op\":\"and\",\"children\":[{\"fact\":\"存在彩礼给付\",\"cmp\":\"eq\",\"value\":true},{\"fact\":\"存在法定返还情形\",\"cmp\":\"eq\",\"value\":true},{\"op\":\"or\",\"children\":[{\"fact\":\"未办理结婚登记\",\"cmp\":\"eq\",\"value\":true},{\"fact\":\"给付导致生活困难\",\"cmp\":\"eq\",\"value\":true}]}]}',1,'2026-04-09 13:22:06'),('r_add_betrothal_no_refund','betrothal_property','彩礼不返还抗辩路径','彩礼不返还抗辩路径命中','与','law_jshj_5',30,'{\"op\":\"and\",\"children\":[{\"fact\":\"已办理结婚登记\",\"cmp\":\"eq\",\"value\":true},{\"fact\":\"已登记后共同生活\",\"cmp\":\"eq\",\"value\":true}]}',1,'2026-04-09 13:22:06'),('r_add_betrothal_partial','betrothal_property','彩礼部分返还路径','彩礼部分返还路径命中','与/或','law_jshj_5',20,'{\"op\":\"and\",\"children\":[{\"fact\":\"存在彩礼给付\",\"cmp\":\"eq\",\"value\":true},{\"fact\":\"已办理结婚登记\",\"cmp\":\"eq\",\"value\":true},{\"fact\":\"共同生活时间较短\",\"cmp\":\"eq\",\"value\":true}]}',1,'2026-04-09 13:22:06'),('r_add_labor_injury_disability','labor_injury_compensation','伤残待遇路径','伤残待遇路径命中','与','law_injury_37',30,'{\"op\":\"and\",\"children\":[{\"fact\":\"已认定伤残等级\",\"cmp\":\"eq\",\"value\":true},{\"fact\":\"单位拒绝支付工伤待遇\",\"cmp\":\"eq\",\"value\":true}]}',1,'2026-04-09 13:22:06'),('r_add_labor_injury_medical','labor_injury_compensation','工伤医疗路径','工伤医疗路径命中','与','law_injury_30',20,'{\"op\":\"and\",\"children\":[{\"fact\":\"存在医疗费用支出\",\"cmp\":\"eq\",\"value\":true},{\"fact\":\"已申请或拟申请工伤认定\",\"cmp\":\"eq\",\"value\":true}]}',1,'2026-04-09 13:22:06'),('r_add_labor_injury_recognition','labor_injury_compensation','工伤认定路径','工伤认定路径命中','与','law_injury_14',10,'{\"op\":\"and\",\"children\":[{\"fact\":\"存在劳动关系\",\"cmp\":\"eq\",\"value\":true},{\"fact\":\"发生工作时间工作场所事故\",\"cmp\":\"eq\",\"value\":true},{\"fact\":\"已申请或拟申请工伤认定\",\"cmp\":\"eq\",\"value\":true}]}',1,'2026-04-09 13:22:06'),('r_add_overtime_holiday','labor_overtime_pay','节假日加班费路径','节假日加班费路径命中','与','law_labor_44',30,'{\"op\":\"and\",\"children\":[{\"fact\":\"存在法定节假日加班\",\"cmp\":\"eq\",\"value\":true},{\"fact\":\"单位未足额支付加班费\",\"cmp\":\"eq\",\"value\":true}]}',1,'2026-04-09 13:22:06'),('r_add_overtime_restday','labor_overtime_pay','休息日加班费路径','休息日加班费路径命中','与','law_labor_44',20,'{\"op\":\"and\",\"children\":[{\"fact\":\"存在休息日加班\",\"cmp\":\"eq\",\"value\":true},{\"fact\":\"休息日未安排补休\",\"cmp\":\"eq\",\"value\":true},{\"fact\":\"单位未足额支付加班费\",\"cmp\":\"eq\",\"value\":true}]}',1,'2026-04-09 13:22:06'),('r_add_overtime_workday','labor_overtime_pay','工作日加班费路径','工作日加班费路径命中','与','law_labor_44',10,'{\"op\":\"and\",\"children\":[{\"fact\":\"存在劳动关系\",\"cmp\":\"eq\",\"value\":true},{\"fact\":\"主张加班费\",\"cmp\":\"eq\",\"value\":true},{\"fact\":\"存在工作日延时加班\",\"cmp\":\"eq\",\"value\":true},{\"fact\":\"单位未足额支付加班费\",\"cmp\":\"eq\",\"value\":true}]}',1,'2026-04-09 13:22:06'),('r_adoption_confirm_support','adoption_dispute','收养确认支持路径','support_path','与/或','law_1093',20,'{\"op\":\"and\",\"children\":[{\"fact\":\"请求确认收养关系\",\"cmp\":\"eq\",\"value\":true},{\"op\":\"or\",\"children\":[{\"fact\":\"是否已办理收养登记\",\"cmp\":\"eq\",\"value\":true},{\"fact\":\"存在事实收养长期维持\",\"cmp\":\"eq\",\"value\":true},{\"fact\":\"收养路径类型\",\"cmp\":\"eq\",\"value\":\"registered\"},{\"fact\":\"收养路径类型\",\"cmp\":\"eq\",\"value\":\"登记收养\"},{\"fact\":\"收养路径类型\",\"cmp\":\"eq\",\"value\":\"de_facto\"},{\"fact\":\"收养路径类型\",\"cmp\":\"eq\",\"value\":\"事实收养\"}]},{\"op\":\"or\",\"children\":[{\"fact\":\"存在送养同意或协议材料\",\"cmp\":\"eq\",\"value\":true},{\"fact\":\"收养人具备长期抚养能力\",\"cmp\":\"eq\",\"value\":true},{\"fact\":\"存在长期共同生活情况\",\"cmp\":\"eq\",\"value\":true}]}]}',1,'2026-04-16 15:49:26'),('r_adoption_de_facto_confirm','adoption_dispute','事实收养确认路径','support_path','与/或','law_1093',22,'{\"op\":\"and\",\"children\":[{\"fact\":\"请求确认收养关系\",\"cmp\":\"eq\",\"value\":true},{\"op\":\"or\",\"children\":[{\"fact\":\"存在事实收养长期维持\",\"cmp\":\"eq\",\"value\":true},{\"fact\":\"收养路径类型\",\"cmp\":\"eq\",\"value\":\"de_facto\"},{\"fact\":\"收养路径类型\",\"cmp\":\"eq\",\"value\":\"事实收养\"}]},{\"op\":\"or\",\"children\":[{\"fact\":\"存在长期共同生活情况\",\"cmp\":\"eq\",\"value\":true},{\"fact\":\"收养人具备长期抚养能力\",\"cmp\":\"eq\",\"value\":true}]}]}',1,'2026-04-16 15:49:26'),('r_adoption_dissolve_support','adoption_dispute','解除收养支持路径','support_path','与/或','law_1115',30,'{\"op\":\"and\",\"children\":[{\"fact\":\"请求解除收养关系\",\"cmp\":\"eq\",\"value\":true},{\"op\":\"or\",\"children\":[{\"fact\":\"存在解除原因线索\",\"cmp\":\"eq\",\"value\":true},{\"fact\":\"收养路径类型\",\"cmp\":\"eq\",\"value\":\"dissolution\"},{\"fact\":\"收养路径类型\",\"cmp\":\"eq\",\"value\":\"解除收养\"}]},{\"op\":\"or\",\"children\":[{\"fact\":\"解除后未成年人抚养安排明确\",\"cmp\":\"eq\",\"value\":true},{\"fact\":\"有证据材料可补强\",\"cmp\":\"eq\",\"value\":true}]}]}',1,'2026-04-16 15:49:26'),('r_adoption_exception','adoption_dispute','收养纠纷例外路径','defense_or_exception_path','与','law_1093',40,'{\"op\":\"and\",\"children\":[{\"fact\":\"请求确认收养关系\",\"cmp\":\"eq\",\"value\":true},{\"fact\":\"是否已办理收养登记\",\"cmp\":\"eq\",\"value\":false},{\"fact\":\"存在事实收养长期维持\",\"cmp\":\"eq\",\"value\":false},{\"fact\":\"存在送养同意或协议材料\",\"cmp\":\"eq\",\"value\":false}]}',1,'2026-04-16 15:49:26'),('r_adoption_post_dissolve_arrangement','adoption_dispute','解除收养后果安排路径','arrangement_path','与/或','law_1115',31,'{\"op\":\"and\",\"children\":[{\"fact\":\"请求解除收养关系\",\"cmp\":\"eq\",\"value\":true},{\"fact\":\"解除后未成年人抚养安排明确\",\"cmp\":\"eq\",\"value\":true}]}',1,'2026-04-16 15:49:26'),('r_adoption_precondition','adoption_dispute','收养纠纷前置条件','precondition','与/或','law_1093',10,'{\"op\":\"or\",\"children\":[{\"fact\":\"请求确认收养关系\",\"cmp\":\"eq\",\"value\":true},{\"fact\":\"请求解除收养关系\",\"cmp\":\"eq\",\"value\":true}]}',1,'2026-04-16 15:49:26'),('r_adoption_registered_confirm','adoption_dispute','登记收养确认路径','support_path','与/或','law_1093',21,'{\"op\":\"and\",\"children\":[{\"fact\":\"请求确认收养关系\",\"cmp\":\"eq\",\"value\":true},{\"op\":\"or\",\"children\":[{\"fact\":\"是否已办理收养登记\",\"cmp\":\"eq\",\"value\":true},{\"fact\":\"收养路径类型\",\"cmp\":\"eq\",\"value\":\"registered\"},{\"fact\":\"收养路径类型\",\"cmp\":\"eq\",\"value\":\"登记收养\"}]},{\"fact\":\"存在送养同意或协议材料\",\"cmp\":\"eq\",\"value\":true}]}',1,'2026-04-16 15:49:26'),('r_child_support_change_amount','child_support_dispute','抚养费变更数额路径','amount_path','与/或','law_1085',30,'{\"op\":\"and\",\"children\":[{\"fact\":\"是否存在重大支出变化\",\"cmp\":\"eq\",\"value\":true},{\"op\":\"or\",\"children\":[{\"fact\":\"孩子实际月支出\",\"cmp\":\"eq\",\"value\":0},{\"fact\":\"对方收入水平大致明确\",\"cmp\":\"eq\",\"value\":true}]}]}',1,'2026-04-16 15:56:36'),('r_child_support_change_custody','child_support_dispute','变更抚养关系路径','custody_path','与/或','law_1084',40,'{\"op\":\"and\",\"children\":[{\"fact\":\"是否主张变更抚养关系\",\"cmp\":\"eq\",\"value\":true},{\"fact\":\"变更原因属于法定情形\",\"cmp\":\"eq\",\"value\":true}]}',1,'2026-04-16 15:56:36'),('r_child_support_claim_fee','child_support_dispute','抚养费主张/补付路径','support_path','与','law_1085',20,'{\"op\":\"and\",\"children\":[{\"fact\":\"存在亲子关系\",\"cmp\":\"eq\",\"value\":true},{\"fact\":\"对方未支付抚养费\",\"cmp\":\"eq\",\"value\":true},{\"op\":\"or\",\"children\":[{\"fact\":\"是否有离婚协议或判决\",\"cmp\":\"eq\",\"value\":true},{\"fact\":\"约定抚养费金额\",\"cmp\":\"eq\",\"value\":0}]}]}',1,'2026-04-16 15:56:36'),('r_child_support_precondition','child_support_dispute','抚养费/变更抚养前置条件','precondition','与','law_1085',10,'{\"op\":\"and\",\"children\":[{\"fact\":\"存在亲子关系\",\"cmp\":\"eq\",\"value\":true},{\"op\":\"or\",\"children\":[{\"fact\":\"对方未支付抚养费\",\"cmp\":\"eq\",\"value\":true},{\"fact\":\"是否主张变更抚养关系\",\"cmp\":\"eq\",\"value\":true},{\"fact\":\"是否存在重大支出变化\",\"cmp\":\"eq\",\"value\":true}]}]}',1,'2026-04-16 15:56:36'),('r_cohabitation_contribution_ratio','cohabitation_dispute','同居出资比例路径','support_path','与/或','law_308',21,'{\"op\":\"and\",\"children\":[{\"fact\":\"是否存在同居关系\",\"cmp\":\"eq\",\"value\":true},{\"fact\":\"存在财产分割争议\",\"cmp\":\"eq\",\"value\":true},{\"op\":\"or\",\"children\":[{\"fact\":\"共同购置房车或大额财物\",\"cmp\":\"eq\",\"value\":true},{\"fact\":\"一方出资比例明显更高\",\"cmp\":\"eq\",\"value\":true},{\"fact\":\"同居起止时间明确\",\"cmp\":\"eq\",\"value\":true}]}]}',1,'2026-04-16 15:49:26'),('r_cohabitation_custody_support','cohabitation_dispute','同居子女支持路径','custody_path','与/或','law_1084',30,'{\"op\":\"and\",\"children\":[{\"fact\":\"是否存在子女\",\"cmp\":\"eq\",\"value\":true},{\"op\":\"or\",\"children\":[{\"fact\":\"主张子女直接抚养安排\",\"cmp\":\"eq\",\"value\":true},{\"fact\":\"子女主要由一方抚养\",\"cmp\":\"eq\",\"value\":true},{\"fact\":\"对方拒绝或未支付抚养费\",\"cmp\":\"eq\",\"value\":true},{\"fact\":\"孩子月支出明确\",\"cmp\":\"eq\",\"value\":true}]}]}',1,'2026-04-16 15:49:26'),('r_cohabitation_direct_custody','cohabitation_dispute','同居直接抚养路径','custody_path','与/或','law_1084',31,'{\"op\":\"and\",\"children\":[{\"fact\":\"是否存在子女\",\"cmp\":\"eq\",\"value\":true},{\"op\":\"or\",\"children\":[{\"fact\":\"主张子女直接抚养安排\",\"cmp\":\"eq\",\"value\":true},{\"fact\":\"子女主要由一方抚养\",\"cmp\":\"eq\",\"value\":true},{\"fact\":\"孩子月支出明确\",\"cmp\":\"eq\",\"value\":true}]}]}',1,'2026-04-16 15:49:26'),('r_cohabitation_exception','cohabitation_dispute','同居关系例外路径','defense_or_exception_path','与','law_1042',40,'{\"op\":\"and\",\"children\":[{\"fact\":\"是否存在同居关系\",\"cmp\":\"eq\",\"value\":true},{\"fact\":\"存在财产分割争议\",\"cmp\":\"eq\",\"value\":true},{\"fact\":\"同居期间共同生活或共同投入\",\"cmp\":\"eq\",\"value\":false},{\"fact\":\"共同财产范围清晰\",\"cmp\":\"eq\",\"value\":false}]}',1,'2026-04-16 15:49:26'),('r_cohabitation_precondition','cohabitation_dispute','同居关系前置条件','precondition','与','law_1042',10,'{\"op\":\"and\",\"children\":[{\"fact\":\"是否存在同居关系\",\"cmp\":\"eq\",\"value\":true},{\"op\":\"or\",\"children\":[{\"fact\":\"存在财产分割争议\",\"cmp\":\"eq\",\"value\":true},{\"fact\":\"是否存在子女\",\"cmp\":\"eq\",\"value\":true}]}]}',1,'2026-04-16 15:49:26'),('r_cohabitation_property_support','cohabitation_dispute','同居财产支持路径','support_path','与/或','law_308',20,'{\"op\":\"and\",\"children\":[{\"fact\":\"是否存在同居关系\",\"cmp\":\"eq\",\"value\":true},{\"fact\":\"存在财产分割争议\",\"cmp\":\"eq\",\"value\":true},{\"op\":\"or\",\"children\":[{\"fact\":\"同居期间共同生活或共同投入\",\"cmp\":\"eq\",\"value\":true},{\"fact\":\"共同购置房车或大额财物\",\"cmp\":\"eq\",\"value\":true},{\"fact\":\"一方出资比例明显更高\",\"cmp\":\"eq\",\"value\":true}]},{\"op\":\"or\",\"children\":[{\"fact\":\"共同财产范围清晰\",\"cmp\":\"eq\",\"value\":true},{\"fact\":\"同居起止时间明确\",\"cmp\":\"eq\",\"value\":true}]}]}',1,'2026-04-16 15:49:26'),('r_divorce_children_priority','divorce_property','未成年子女照顾倾向','照顾子女与女方权益路径命中','与','law_1084',40,'{\"fact\":\"存在未成年子女且由一方长期照顾\",\"cmp\":\"eq\",\"value\":true}',1,'2026-04-07 11:41:45'),('r_divorce_common_property','divorce_property','夫妻共同财产倾向认定','夫妻共同财产路径命中','与/或','law_1062',30,'{\"op\":\"or\",\"children\":[{\"fact\":\"房产属于婚后共同财产\",\"cmp\":\"eq\",\"value\":true},{\"fact\":\"房贷主要由夫妻共同收入偿还\",\"cmp\":\"eq\",\"value\":true},{\"fact\":\"产权登记存在共有情形\",\"cmp\":\"eq\",\"value\":true}]}',1,'2026-04-07 11:41:45'),('r_divorce_compensation','divorce_property','可主张补偿/折价款','折价补偿路径命中','与/或','law_1087',50,'{\"op\":\"or\",\"children\":[{\"fact\":\"一方主张取得房屋并向对方补偿\",\"cmp\":\"eq\",\"value\":true},{\"fact\":\"存在较大出资差异\",\"cmp\":\"eq\",\"value\":true},{\"fact\":\"存在共同还贷但登记在一方名下\",\"cmp\":\"eq\",\"value\":true}]}',1,'2026-04-07 11:41:45'),('r_divorce_dispute_breakdown','divorce_dispute','离婚纠纷感情破裂路径','support_path','与/或','law_1079',20,'{\"op\":\"and\",\"children\":[{\"fact\":\"存在合法婚姻关系\",\"cmp\":\"eq\",\"value\":true},{\"fact\":\"感情确已破裂\",\"cmp\":\"eq\",\"value\":true},{\"op\":\"or\",\"children\":[{\"fact\":\"分居满一年\",\"cmp\":\"eq\",\"value\":true},{\"fact\":\"存在分居事实\",\"cmp\":\"eq\",\"value\":true},{\"fact\":\"有分居证据\",\"cmp\":\"eq\",\"value\":true}]}]}',1,'2026-04-16 15:56:36'),('r_divorce_dispute_custody','divorce_dispute','离婚纠纷子女抚养路径','custody_path','与/或','law_1084',30,'{\"op\":\"and\",\"children\":[{\"fact\":\"涉及子女抚养\",\"cmp\":\"eq\",\"value\":true},{\"op\":\"or\",\"children\":[{\"fact\":\"子女长期随一方生活\",\"cmp\":\"eq\",\"value\":true},{\"fact\":\"另一方存在不利抚养因素\",\"cmp\":\"eq\",\"value\":true},{\"fact\":\"是否存在子女意愿争议\",\"cmp\":\"eq\",\"value\":true},{\"fact\":\"有抚养能力材料\",\"cmp\":\"eq\",\"value\":true}]}]}',1,'2026-04-16 15:56:36'),('r_divorce_dispute_need_more_facts','divorce_dispute','离婚纠纷补强提示路径','defense_or_exception_path','与/或','law_1079',90,'{\"op\":\"and\",\"children\":[{\"fact\":\"存在合法婚姻关系\",\"cmp\":\"eq\",\"value\":true},{\"fact\":\"感情确已破裂\",\"cmp\":\"eq\",\"value\":false},{\"fact\":\"涉及子女抚养\",\"cmp\":\"eq\",\"value\":false},{\"fact\":\"涉及夫妻共同财产\",\"cmp\":\"eq\",\"value\":false},{\"fact\":\"存在共同债务\",\"cmp\":\"eq\",\"value\":false}]}',1,'2026-04-16 15:56:36'),('r_divorce_dispute_precondition','divorce_dispute','离婚纠纷前置条件','precondition','与','law_1079',10,'{\"op\":\"and\",\"children\":[{\"fact\":\"存在合法婚姻关系\",\"cmp\":\"eq\",\"value\":true},{\"op\":\"or\",\"children\":[{\"fact\":\"感情确已破裂\",\"cmp\":\"eq\",\"value\":true},{\"fact\":\"对方不同意离婚或拖延\",\"cmp\":\"eq\",\"value\":true},{\"fact\":\"存在家庭暴力或重大过错\",\"cmp\":\"eq\",\"value\":true}]}]}',1,'2026-04-16 15:56:36'),('r_divorce_dispute_property_debt','divorce_dispute','离婚纠纷财产债务路径','support_path','与/或','law_1089',40,'{\"op\":\"or\",\"children\":[{\"fact\":\"涉及夫妻共同财产\",\"cmp\":\"eq\",\"value\":true},{\"fact\":\"存在共同债务\",\"cmp\":\"eq\",\"value\":true},{\"fact\":\"共同财产范围清晰\",\"cmp\":\"eq\",\"value\":true},{\"fact\":\"是否存在共同债务争议\",\"cmp\":\"eq\",\"value\":true}]}',1,'2026-04-16 15:56:36'),('r_divorce_dispute_violence_fault','divorce_dispute','离婚纠纷家暴/过错路径','support_path','与/或','law_1091',21,'{\"op\":\"and\",\"children\":[{\"fact\":\"存在家庭暴力或重大过错\",\"cmp\":\"eq\",\"value\":true},{\"op\":\"or\",\"children\":[{\"fact\":\"有家暴或报警记录\",\"cmp\":\"eq\",\"value\":true},{\"fact\":\"有家暴或报警记录\",\"cmp\":\"eq\",\"value\":false}]}]}',1,'2026-04-16 15:56:36'),('r_divorce_personal_property','divorce_property','个人财产倾向认定','婚前个人财产路径命中','与/或','law_1063',20,'{\"op\":\"or\",\"children\":[{\"fact\":\"房产属于婚前个人财产\",\"cmp\":\"eq\",\"value\":true},{\"fact\":\"房产由一方父母明确赠与且登记在其子女名下\",\"cmp\":\"eq\",\"value\":true}]}',1,'2026-04-07 11:41:45'),('r_divorce_precondition','divorce_property','离婚房产分割前置条件成立','离婚房产分割前置条件','与','law_1062',10,'{\"op\":\"and\",\"children\":[{\"fact\":\"存在合法婚姻关系\",\"cmp\":\"eq\",\"value\":true},{\"fact\":\"婚姻关系已经解除或正在解除\",\"cmp\":\"eq\",\"value\":true},{\"fact\":\"存在房产分割争议\",\"cmp\":\"eq\",\"value\":true}]}',1,'2026-04-07 11:41:45'),('r_family_partition_exception','family_partition_dispute','分家析产例外路径','defense_or_exception_path','与/或','law_308',30,'{\"op\":\"or\",\"children\":[{\"fact\":\"家庭成员范围明确\",\"cmp\":\"eq\",\"value\":false},{\"fact\":\"财产登记名义明确\",\"cmp\":\"eq\",\"value\":false},{\"fact\":\"已实际分家\",\"cmp\":\"eq\",\"value\":false},{\"fact\":\"共同财产范围清晰\",\"cmp\":\"eq\",\"value\":false}]}',1,'2026-04-16 15:49:26'),('r_family_partition_member_boundary','family_partition_dispute','分家析产成员边界路径','support_path','与/或','law_308',21,'{\"op\":\"and\",\"children\":[{\"fact\":\"请求分割/析产\",\"cmp\":\"eq\",\"value\":true},{\"op\":\"or\",\"children\":[{\"fact\":\"家庭成员范围明确\",\"cmp\":\"eq\",\"value\":true},{\"fact\":\"已实际分家\",\"cmp\":\"eq\",\"value\":true},{\"fact\":\"存在长期占有使用一方\",\"cmp\":\"eq\",\"value\":true}]}]}',1,'2026-04-16 15:49:26'),('r_family_partition_precondition','family_partition_dispute','分家析产前置条件','precondition','与','law_308',10,'{\"op\":\"and\",\"children\":[{\"fact\":\"家庭共同生活或共同置办财产\",\"cmp\":\"eq\",\"value\":true},{\"fact\":\"请求分割/析产\",\"cmp\":\"eq\",\"value\":true}]}',1,'2026-04-16 15:49:26'),('r_family_partition_registration_source','family_partition_dispute','分家析产权属来源路径','support_path','与/或','law_309',22,'{\"op\":\"and\",\"children\":[{\"fact\":\"存在分割争议\",\"cmp\":\"eq\",\"value\":true},{\"op\":\"or\",\"children\":[{\"fact\":\"财产登记名义明确\",\"cmp\":\"eq\",\"value\":true},{\"fact\":\"主要出资来源明确\",\"cmp\":\"eq\",\"value\":true},{\"fact\":\"共同财产范围清晰\",\"cmp\":\"eq\",\"value\":true}]}]}',1,'2026-04-16 15:49:26'),('r_family_partition_support','family_partition_dispute','分家析产支持路径','support_path','与/或','law_309',20,'{\"op\":\"and\",\"children\":[{\"fact\":\"存在分割争议\",\"cmp\":\"eq\",\"value\":true},{\"op\":\"or\",\"children\":[{\"fact\":\"共同财产范围清晰\",\"cmp\":\"eq\",\"value\":true},{\"fact\":\"财产登记名义明确\",\"cmp\":\"eq\",\"value\":true},{\"fact\":\"主要出资来源明确\",\"cmp\":\"eq\",\"value\":true},{\"fact\":\"存在长期占有使用一方\",\"cmp\":\"eq\",\"value\":true}]},{\"op\":\"or\",\"children\":[{\"fact\":\"家庭成员范围明确\",\"cmp\":\"eq\",\"value\":true},{\"fact\":\"有不动产或财产登记证据\",\"cmp\":\"eq\",\"value\":true},{\"fact\":\"有财产清单/账本/沟通记录\",\"cmp\":\"eq\",\"value\":true}]}]}',1,'2026-04-16 15:49:26'),('r_guardianship_care_ability','guardianship_dispute','监护照护能力路径','support_path','与/或','law_31',22,'{\"op\":\"and\",\"children\":[{\"fact\":\"请求指定或变更监护人\",\"cmp\":\"eq\",\"value\":true},{\"fact\":\"申请人照护能力较强\",\"cmp\":\"eq\",\"value\":true},{\"op\":\"or\",\"children\":[{\"fact\":\"有医学鉴定或诊断证据\",\"cmp\":\"eq\",\"value\":true},{\"fact\":\"存在财产管理需求\",\"cmp\":\"eq\",\"value\":true}]}]}',1,'2026-04-16 15:49:26'),('r_guardianship_precondition','guardianship_dispute','监护权前置条件','precondition','与','law_27',10,'{\"op\":\"and\",\"children\":[{\"fact\":\"需要确定或变更监护人\",\"cmp\":\"eq\",\"value\":true},{\"fact\":\"被监护人无或限制民事行为能力\",\"cmp\":\"eq\",\"value\":true}]}',1,'2026-04-16 15:49:26'),('r_guardianship_property_support','guardianship_dispute','监护财产支持路径','arrangement_path','与/或','law_35',30,'{\"op\":\"and\",\"children\":[{\"fact\":\"请求指定或变更监护人\",\"cmp\":\"eq\",\"value\":true},{\"fact\":\"存在财产管理需求\",\"cmp\":\"eq\",\"value\":true}]}',1,'2026-04-16 15:49:26'),('r_guardianship_subject_qualification','guardianship_dispute','监护主体资格路径','support_path','与/或','law_27',21,'{\"op\":\"and\",\"children\":[{\"fact\":\"请求指定或变更监护人\",\"cmp\":\"eq\",\"value\":true},{\"fact\":\"申请人主体资格明确\",\"cmp\":\"eq\",\"value\":true},{\"op\":\"or\",\"children\":[{\"fact\":\"存在居委村委或民政意见\",\"cmp\":\"eq\",\"value\":true},{\"fact\":\"当前监护人不适合或不履行\",\"cmp\":\"eq\",\"value\":true}]}]}',1,'2026-04-16 15:49:26'),('r_guardianship_support','guardianship_dispute','监护权支持路径','support_path','与/或','law_31',20,'{\"op\":\"and\",\"children\":[{\"fact\":\"请求指定或变更监护人\",\"cmp\":\"eq\",\"value\":true},{\"op\":\"or\",\"children\":[{\"fact\":\"有医学鉴定或诊断证据\",\"cmp\":\"eq\",\"value\":true},{\"fact\":\"当前监护人不适合或不履行\",\"cmp\":\"eq\",\"value\":true}]},{\"op\":\"or\",\"children\":[{\"fact\":\"申请人主体资格明确\",\"cmp\":\"eq\",\"value\":true},{\"fact\":\"申请人照护能力较强\",\"cmp\":\"eq\",\"value\":true},{\"fact\":\"存在居委村委或民政意见\",\"cmp\":\"eq\",\"value\":true}]}]}',1,'2026-04-16 15:49:26'),('r_in_marriage_property_exception','in_marriage_property_division_dispute','婚内财产分割例外路径','defense_or_exception_path','与','law_1087',30,'{\"op\":\"and\",\"children\":[{\"fact\":\"婚姻关系已存续且未离婚\",\"cmp\":\"eq\",\"value\":true},{\"fact\":\"存在婚内共同财产争议\",\"cmp\":\"eq\",\"value\":true},{\"fact\":\"共同财产范围清晰\",\"cmp\":\"eq\",\"value\":false},{\"fact\":\"争议财产类型明确\",\"cmp\":\"eq\",\"value\":false}]}',1,'2026-04-16 15:49:26'),('r_in_marriage_property_livelihood_impact','in_marriage_property_division_dispute','婚内财产生活影响路径','arrangement_path','与/或','law_1092',31,'{\"op\":\"and\",\"children\":[{\"fact\":\"婚姻关系已存续且未离婚\",\"cmp\":\"eq\",\"value\":true},{\"op\":\"or\",\"children\":[{\"fact\":\"存在重大医疗支出或紧急治疗需求\",\"cmp\":\"eq\",\"value\":true},{\"fact\":\"医疗支出金额大致明确\",\"cmp\":\"eq\",\"value\":true},{\"fact\":\"已影响家庭基本生活\",\"cmp\":\"eq\",\"value\":true}]}]}',1,'2026-04-16 15:49:26'),('r_in_marriage_property_precondition','in_marriage_property_division_dispute','婚内财产分割前置条件','precondition','与','law_1087',10,'{\"op\":\"and\",\"children\":[{\"fact\":\"婚姻关系已存续且未离婚\",\"cmp\":\"eq\",\"value\":true},{\"fact\":\"存在婚内共同财产争议\",\"cmp\":\"eq\",\"value\":true}]}',1,'2026-04-16 15:49:26'),('r_in_marriage_property_support','in_marriage_property_division_dispute','婚内财产分割支持路径','support_path','与/或','law_1092',20,'{\"op\":\"and\",\"children\":[{\"fact\":\"婚姻关系已存续且未离婚\",\"cmp\":\"eq\",\"value\":true},{\"op\":\"or\",\"children\":[{\"fact\":\"存在藏匿转移共同财产线索\",\"cmp\":\"eq\",\"value\":true},{\"fact\":\"存在挥霍家产或恶意处置\",\"cmp\":\"eq\",\"value\":true},{\"fact\":\"存在重大医疗支出或紧急治疗需求\",\"cmp\":\"eq\",\"value\":true}]},{\"op\":\"or\",\"children\":[{\"fact\":\"共同财产范围清晰\",\"cmp\":\"eq\",\"value\":true},{\"fact\":\"争议财产类型明确\",\"cmp\":\"eq\",\"value\":true},{\"fact\":\"转移方式已可说明\",\"cmp\":\"eq\",\"value\":true}]}]}',1,'2026-04-16 15:49:26'),('r_in_marriage_property_type_scope','in_marriage_property_division_dispute','婚内财产类型范围路径','support_path','与/或','law_1087',21,'{\"op\":\"and\",\"children\":[{\"fact\":\"婚姻关系已存续且未离婚\",\"cmp\":\"eq\",\"value\":true},{\"op\":\"or\",\"children\":[{\"fact\":\"争议财产类型明确\",\"cmp\":\"eq\",\"value\":true},{\"fact\":\"共同财产范围清晰\",\"cmp\":\"eq\",\"value\":true},{\"fact\":\"转移方式已可说明\",\"cmp\":\"eq\",\"value\":true}]}]}',1,'2026-04-16 15:49:26'),('r_inherit_share','inherit_dispute','继承份额确认路径','继承份额命中','与','law_1127',10,'{\"op\":\"and\",\"children\":[{\"fact\":\"继承已经开始\",\"cmp\":\"eq\",\"value\":true},{\"fact\":\"遗产范围大致明确\",\"cmp\":\"eq\",\"value\":true}]}',1,'2026-04-14 16:29:27'),('r_inherit_will_dispute','inherit_dispute','遗嘱效力争议路径','遗嘱争议命中','与','law_1133',30,'{\"op\":\"and\",\"children\":[{\"fact\":\"是否存在遗嘱\",\"cmp\":\"eq\",\"value\":true},{\"fact\":\"是否存在遗嘱效力争议\",\"cmp\":\"eq\",\"value\":true}]}',1,'2026-04-14 16:29:27'),('r_labor_no_contract_double','labor_no_contract','未签合同双倍工资成立','未签合同双倍工资要件成立','与','law_contract_82',10,'{\"op\":\"and\",\"children\":[{\"fact\":\"存在劳动关系\",\"cmp\":\"eq\",\"value\":true},{\"fact\":\"未签书面劳动合同\",\"cmp\":\"eq\",\"value\":true},{\"fact\":\"入职月数\",\"cmp\":\"gt\",\"value\":1},{\"fact\":\"已补签劳动合同\",\"cmp\":\"eq\",\"value\":false},{\"fact\":\"有工资支付记录\",\"cmp\":\"eq\",\"value\":true}]}',1,'2026-04-07 11:41:34'),('r_labor_no_contract_open_term','labor_no_contract','无固定期限合同成立',NULL,'与','law_contract_14',30,'{\"op\":\"and\",\"children\":[{\"fact\":\"主张无固定期限合同\",\"cmp\":\"eq\",\"value\":true},{\"fact\":\"满足无固定期限条件\",\"cmp\":\"eq\",\"value\":true}]}',1,'2026-04-07 11:41:34'),('r_labor_no_contract_sign','labor_no_contract','补签劳动合同请求成立','补签劳动合同请求路径命中','与','law_contract_10',20,'{\"op\":\"and\",\"children\":[{\"fact\":\"存在劳动关系\",\"cmp\":\"eq\",\"value\":true},{\"fact\":\"未签书面劳动合同\",\"cmp\":\"eq\",\"value\":true},{\"fact\":\"主张补签书面合同\",\"cmp\":\"eq\",\"value\":true}]}',1,'2026-04-07 11:41:34'),('r_labor_termination_illegal','labor_illegal_termination','违法解除判断路径','违法解除判断路径命中','与/或','law_contract_48',10,'{\"op\":\"and\",\"children\":[{\"fact\":\"存在劳动关系\",\"cmp\":\"eq\",\"value\":true},{\"fact\":\"已被解除或辞退\",\"cmp\":\"eq\",\"value\":true},{\"op\":\"or\",\"children\":[{\"fact\":\"解除理由不明确\",\"cmp\":\"eq\",\"value\":true},{\"op\":\"and\",\"children\":[{\"fact\":\"有解除通知\",\"cmp\":\"eq\",\"value\":true},{\"fact\":\"解除通知为书面\",\"cmp\":\"eq\",\"value\":false}]},{\"op\":\"and\",\"children\":[{\"fact\":\"解除理由_40\",\"cmp\":\"eq\",\"value\":true},{\"fact\":\"提前30日通知或支付代通知金\",\"cmp\":\"eq\",\"value\":false}]},{\"op\":\"and\",\"children\":[{\"fact\":\"解除理由_39\",\"cmp\":\"eq\",\"value\":true},{\"op\":\"or\",\"children\":[{\"fact\":\"单位有严重违纪证据\",\"cmp\":\"eq\",\"value\":false},{\"fact\":\"规章制度已公示且合法\",\"cmp\":\"eq\",\"value\":false}]}]},{\"op\":\"and\",\"children\":[{\"fact\":\"解除理由_41\",\"cmp\":\"eq\",\"value\":true},{\"fact\":\"经济性裁员符合法定人数与报告程序\",\"cmp\":\"eq\",\"value\":false}]},{\"fact\":\"单位是否履行工会程序\",\"cmp\":\"eq\",\"value\":false},{\"fact\":\"处于特殊保护期\",\"cmp\":\"eq\",\"value\":true}]}]}',1,'2026-04-07 11:41:34'),('r_labor_termination_reinstatement','labor_illegal_termination','继续履行请求',NULL,'与','law_contract_48',20,'{\"fact\":\"主张继续履行劳动合同\",\"cmp\":\"eq\",\"value\":true}',1,'2026-04-07 11:41:34'),('r_labor_termination_wage_gap','labor_illegal_termination','停工工资请求',NULL,'与','law_contract_87',30,'{\"fact\":\"主张停工期间工资损失\",\"cmp\":\"eq\",\"value\":true}',1,'2026-04-07 11:41:34'),('r_labor_unpaid_additional_comp','labor_unpaid_wages','欠薪逾期支付路径','欠薪逾期支付路径命中','与','law_contract_85',40,'{\"op\":\"and\",\"children\":[{\"fact\":\"存在欠薪\",\"cmp\":\"eq\",\"value\":true},{\"fact\":\"已向劳动监察投诉\",\"cmp\":\"eq\",\"value\":true},{\"fact\":\"单位逾期仍未支付\",\"cmp\":\"eq\",\"value\":true}]}',1,'2026-04-07 11:41:34'),('r_labor_unpaid_core_strong','labor_unpaid_wages','拖欠工资核心证据链成立','拖欠工资核心事实成立','与+或','law_contract_30',10,'{\"op\":\"and\",\"children\":[{\"fact\":\"存在劳动关系\",\"cmp\":\"eq\",\"value\":true},{\"fact\":\"已提供劳动\",\"cmp\":\"eq\",\"value\":true},{\"fact\":\"存在欠薪\",\"cmp\":\"eq\",\"value\":true},{\"op\":\"or\",\"children\":[{\"fact\":\"有工资约定依据\",\"cmp\":\"eq\",\"value\":true},{\"fact\":\"有考勤或工作记录\",\"cmp\":\"eq\",\"value\":true},{\"fact\":\"有工资支付记录\",\"cmp\":\"eq\",\"value\":true},{\"fact\":\"单位书面承认欠薪\",\"cmp\":\"eq\",\"value\":true}]}]}',1,'2026-04-07 11:41:34'),('r_labor_unpaid_overtime','labor_unpaid_wages','加班费请求要件成立','加班费请求要件路径命中','与','law_contract_30',20,'{\"op\":\"and\",\"children\":[{\"fact\":\"主张加班费\",\"cmp\":\"eq\",\"value\":true},{\"fact\":\"有加班事实证据\",\"cmp\":\"eq\",\"value\":true},{\"fact\":\"有加班工资约定依据\",\"cmp\":\"eq\",\"value\":true}]}',1,'2026-04-07 11:41:34'),('r_labor_unpaid_termination_comp','labor_unpaid_wages','欠薪解除补偿路径','欠薪解除补偿路径命中','与','law_contract_85',30,'{\"op\":\"and\",\"children\":[{\"fact\":\"主张解除补偿\",\"cmp\":\"eq\",\"value\":true},{\"fact\":\"存在欠薪\",\"cmp\":\"eq\",\"value\":true},{\"fact\":\"解除原因偏向单位责任\",\"cmp\":\"eq\",\"value\":true}]}',1,'2026-04-07 11:41:34'),('r_marriage_annulment_arrangement','marriage_annulment_dispute','撤销婚姻后果路径','arrangement_path','与/或','law_1054',40,'{\"op\":\"or\",\"children\":[{\"fact\":\"主张撤销后损害赔偿\",\"cmp\":\"eq\",\"value\":true},{\"fact\":\"存在撤销后财产返还问题\",\"cmp\":\"eq\",\"value\":true},{\"fact\":\"存在撤销后子女抚养安排问题\",\"cmp\":\"eq\",\"value\":true}]}',1,'2026-04-16 15:49:26'),('r_marriage_annulment_coercion','marriage_annulment_dispute','撤销婚姻胁迫路径','support_path','与/或','law_1052',21,'{\"op\":\"and\",\"children\":[{\"fact\":\"请求撤销婚姻\",\"cmp\":\"eq\",\"value\":true},{\"op\":\"or\",\"children\":[{\"fact\":\"存在胁迫结婚事实\",\"cmp\":\"eq\",\"value\":true},{\"fact\":\"撤销事由类型\",\"cmp\":\"eq\",\"value\":\"coercion\"},{\"fact\":\"撤销事由类型\",\"cmp\":\"eq\",\"value\":\"胁迫结婚\"}]},{\"fact\":\"在法定期间内提出撤销请求\",\"cmp\":\"eq\",\"value\":true}]}',1,'2026-04-16 15:49:26'),('r_marriage_annulment_disease','marriage_annulment_dispute','撤销婚姻重大疾病路径','support_path','与/或','law_1053',22,'{\"op\":\"and\",\"children\":[{\"fact\":\"请求撤销婚姻\",\"cmp\":\"eq\",\"value\":true},{\"op\":\"or\",\"children\":[{\"fact\":\"婚前隐瞒重大疾病\",\"cmp\":\"eq\",\"value\":true},{\"fact\":\"撤销事由类型\",\"cmp\":\"eq\",\"value\":\"concealed_disease\"},{\"fact\":\"撤销事由类型\",\"cmp\":\"eq\",\"value\":\"婚前隐瞒重大疾病\"}]},{\"fact\":\"在法定期间内提出撤销请求\",\"cmp\":\"eq\",\"value\":true}]}',1,'2026-04-16 15:49:26'),('r_marriage_annulment_exception','marriage_annulment_dispute','撤销婚姻例外路径','defense_or_exception_path','与/或','law_1053',30,'{\"op\":\"or\",\"children\":[{\"fact\":\"在法定期间内提出撤销请求\",\"cmp\":\"eq\",\"value\":false},{\"fact\":\"知道撤销事由时间明确\",\"cmp\":\"eq\",\"value\":false}]}',1,'2026-04-16 15:49:26'),('r_marriage_annulment_precondition','marriage_annulment_dispute','撤销婚姻前置条件','precondition','与','law_1052',10,'{\"op\":\"and\",\"children\":[{\"fact\":\"请求撤销婚姻\",\"cmp\":\"eq\",\"value\":true},{\"fact\":\"在法定期间内提出撤销请求\",\"cmp\":\"eq\",\"value\":true}]}',1,'2026-04-16 15:49:26'),('r_marriage_annulment_support','marriage_annulment_dispute','撤销婚姻支持路径','support_path','与/或','law_1052',20,'{\"op\":\"and\",\"children\":[{\"fact\":\"请求撤销婚姻\",\"cmp\":\"eq\",\"value\":true},{\"op\":\"or\",\"children\":[{\"fact\":\"存在胁迫结婚事实\",\"cmp\":\"eq\",\"value\":true},{\"fact\":\"婚前隐瞒重大疾病\",\"cmp\":\"eq\",\"value\":true},{\"fact\":\"撤销事由类型\",\"cmp\":\"eq\",\"value\":\"coercion\"},{\"fact\":\"撤销事由类型\",\"cmp\":\"eq\",\"value\":\"胁迫结婚\"},{\"fact\":\"撤销事由类型\",\"cmp\":\"eq\",\"value\":\"concealed_disease\"},{\"fact\":\"撤销事由类型\",\"cmp\":\"eq\",\"value\":\"婚前隐瞒重大疾病\"}]},{\"fact\":\"有证据材料可补强\",\"cmp\":\"eq\",\"value\":true}]}',1,'2026-04-16 15:49:26'),('r_marriage_annulment_time_bar','marriage_annulment_dispute','撤销婚姻法定期间障碍路径','defense_or_exception_path','与/或','law_1053',31,'{\"op\":\"or\",\"children\":[{\"fact\":\"在法定期间内提出撤销请求\",\"cmp\":\"eq\",\"value\":false},{\"fact\":\"知道撤销事由时间明确\",\"cmp\":\"eq\",\"value\":false}]}',1,'2026-04-16 15:49:26'),('r_marriage_invalid_arrangement','marriage_invalid_dispute','婚姻无效后果路径','arrangement_path','与/或','law_1054',40,'{\"op\":\"or\",\"children\":[{\"fact\":\"是否同时主张财产处理\",\"cmp\":\"eq\",\"value\":true},{\"fact\":\"是否同时主张子女安排\",\"cmp\":\"eq\",\"value\":true}]}',1,'2026-04-16 15:49:26'),('r_marriage_invalid_exception','marriage_invalid_dispute','婚姻无效例外路径','defense_or_exception_path','与','law_1051',30,'{\"op\":\"and\",\"children\":[{\"fact\":\"请求确认婚姻无效\",\"cmp\":\"eq\",\"value\":true},{\"fact\":\"存在在先婚姻未解除事实\",\"cmp\":\"eq\",\"value\":false},{\"fact\":\"属于禁止结婚亲属关系\",\"cmp\":\"eq\",\"value\":false},{\"fact\":\"结婚时未达法定婚龄\",\"cmp\":\"eq\",\"value\":false}]}',1,'2026-04-16 15:49:26'),('r_marriage_invalid_kinship','marriage_invalid_dispute','婚姻无效近亲路径','support_path','与/或','law_1051',22,'{\"op\":\"and\",\"children\":[{\"fact\":\"请求确认婚姻无效\",\"cmp\":\"eq\",\"value\":true},{\"op\":\"or\",\"children\":[{\"fact\":\"属于禁止结婚亲属关系\",\"cmp\":\"eq\",\"value\":true},{\"fact\":\"无效事由类型\",\"cmp\":\"eq\",\"value\":\"prohibited_kinship\"},{\"fact\":\"无效事由类型\",\"cmp\":\"eq\",\"value\":\"属于禁止结婚亲属关系\"}]},{\"fact\":\"请求人为利害关系人\",\"cmp\":\"eq\",\"value\":true}]}',1,'2026-04-16 15:49:26'),('r_marriage_invalid_precondition','marriage_invalid_dispute','婚姻无效前置条件','precondition','与','law_1051',10,'{\"op\":\"and\",\"children\":[{\"fact\":\"请求确认婚姻无效\",\"cmp\":\"eq\",\"value\":true},{\"fact\":\"请求人为利害关系人\",\"cmp\":\"eq\",\"value\":true}]}',1,'2026-04-16 15:49:26'),('r_marriage_invalid_prior_marriage','marriage_invalid_dispute','婚姻无效重婚路径','support_path','与/或','law_1051',21,'{\"op\":\"and\",\"children\":[{\"fact\":\"请求确认婚姻无效\",\"cmp\":\"eq\",\"value\":true},{\"op\":\"or\",\"children\":[{\"fact\":\"存在在先婚姻未解除事实\",\"cmp\":\"eq\",\"value\":true},{\"fact\":\"无效事由类型\",\"cmp\":\"eq\",\"value\":\"prior_marriage\"},{\"fact\":\"无效事由类型\",\"cmp\":\"eq\",\"value\":\"存在在先婚姻未解除\"}]},{\"fact\":\"请求人为利害关系人\",\"cmp\":\"eq\",\"value\":true}]}',1,'2026-04-16 15:49:26'),('r_marriage_invalid_support','marriage_invalid_dispute','婚姻无效支持路径','support_path','与/或','law_1051',20,'{\"op\":\"and\",\"children\":[{\"fact\":\"请求确认婚姻无效\",\"cmp\":\"eq\",\"value\":true},{\"op\":\"or\",\"children\":[{\"fact\":\"存在在先婚姻未解除事实\",\"cmp\":\"eq\",\"value\":true},{\"fact\":\"属于禁止结婚亲属关系\",\"cmp\":\"eq\",\"value\":true},{\"fact\":\"结婚时未达法定婚龄\",\"cmp\":\"eq\",\"value\":true},{\"fact\":\"无效事由类型\",\"cmp\":\"eq\",\"value\":\"prior_marriage\"},{\"fact\":\"无效事由类型\",\"cmp\":\"eq\",\"value\":\"存在在先婚姻未解除\"},{\"fact\":\"无效事由类型\",\"cmp\":\"eq\",\"value\":\"prohibited_kinship\"},{\"fact\":\"无效事由类型\",\"cmp\":\"eq\",\"value\":\"属于禁止结婚亲属关系\"},{\"fact\":\"无效事由类型\",\"cmp\":\"eq\",\"value\":\"underage\"},{\"fact\":\"无效事由类型\",\"cmp\":\"eq\",\"value\":\"结婚时未达法定婚龄\"}]},{\"fact\":\"有证据材料可补强\",\"cmp\":\"eq\",\"value\":true}]}',1,'2026-04-16 15:49:26'),('r_marriage_invalid_underage','marriage_invalid_dispute','婚姻无效未达婚龄路径','support_path','与/或','law_1051',23,'{\"op\":\"and\",\"children\":[{\"fact\":\"请求确认婚姻无效\",\"cmp\":\"eq\",\"value\":true},{\"op\":\"or\",\"children\":[{\"fact\":\"结婚时未达法定婚龄\",\"cmp\":\"eq\",\"value\":true},{\"fact\":\"无效事由类型\",\"cmp\":\"eq\",\"value\":\"underage\"},{\"fact\":\"无效事由类型\",\"cmp\":\"eq\",\"value\":\"结婚时未达法定婚龄\"}]},{\"fact\":\"请求人为利害关系人\",\"cmp\":\"eq\",\"value\":true}]}',1,'2026-04-16 15:49:26'),('r_merge_12_betrothal_full','marriage_betrothal_property_dispute','合并12：彩礼全额返还路径','彩礼全额返还路径命中','与','law_jshj_5',10,'{\"op\":\"and\",\"children\":[{\"fact\":\"存在彩礼给付\",\"cmp\":\"eq\",\"value\":true},{\"fact\":\"存在法定返还情形\",\"cmp\":\"eq\",\"value\":true},{\"op\":\"or\",\"children\":[{\"fact\":\"未办理结婚登记\",\"cmp\":\"eq\",\"value\":true},{\"fact\":\"给付导致生活困难\",\"cmp\":\"eq\",\"value\":true}]}]}',1,'2026-04-16 14:04:56'),('r_merge_12_betrothal_no_refund','marriage_betrothal_property_dispute','合并12：彩礼不返还抗辩路径','彩礼不返还抗辩路径命中','与','law_jshj_5',30,'{\"op\":\"and\",\"children\":[{\"fact\":\"已办理结婚登记\",\"cmp\":\"eq\",\"value\":true},{\"fact\":\"已登记后共同生活\",\"cmp\":\"eq\",\"value\":true}]}',1,'2026-04-16 14:04:56'),('r_merge_12_betrothal_partial','marriage_betrothal_property_dispute','合并12：彩礼部分返还路径','彩礼部分返还路径命中','与/或','law_jshj_5',20,'{\"op\":\"and\",\"children\":[{\"fact\":\"存在彩礼给付\",\"cmp\":\"eq\",\"value\":true},{\"fact\":\"已办理结婚登记\",\"cmp\":\"eq\",\"value\":true},{\"fact\":\"共同生活时间较短\",\"cmp\":\"eq\",\"value\":true}]}',1,'2026-04-16 14:04:56'),('r_merge_12_property_refund_defense','marriage_betrothal_property_dispute','合并12：不返还抗辩路径','不返还抗辩命中','与','law_jshj_5',20,'{\"op\":\"and\",\"children\":[{\"fact\":\"是否已办理结婚登记\",\"cmp\":\"eq\",\"value\":\"已登记\"},{\"fact\":\"是否已共同生活\",\"cmp\":\"eq\",\"value\":true}]}',1,'2026-04-16 14:04:56'),('r_merge_12_property_refund_support','marriage_betrothal_property_dispute','合并12：返还支持路径','返还支持命中','与','law_jshj_5',10,'{\"op\":\"and\",\"children\":[{\"fact\":\"存在彩礼或财产给付\",\"cmp\":\"eq\",\"value\":true},{\"fact\":\"是否存在法定返还情形\",\"cmp\":\"eq\",\"value\":true}]}',1,'2026-04-16 14:04:56'),('r_paternity_confirmation_birth_record','paternity_confirmation_dispute','亲子确认出生登记路径','support_path','与/或','law_1073',25,'{\"op\":\"and\",\"children\":[{\"fact\":\"请求确认亲子关系\",\"cmp\":\"eq\",\"value\":true},{\"fact\":\"出生登记信息与确认主张一致\",\"cmp\":\"eq\",\"value\":true},{\"op\":\"or\",\"children\":[{\"fact\":\"存在怀孕生育期间往来记录\",\"cmp\":\"eq\",\"value\":true},{\"fact\":\"存在长期共同生活或抚养记录\",\"cmp\":\"eq\",\"value\":true}]}]}',1,'2026-04-16 15:49:26'),('r_paternity_confirmation_obstruction','paternity_confirmation_dispute','亲子确认举证妨碍路径','evidence_obstruction_path','与/或','law_81',30,'{\"op\":\"or\",\"children\":[{\"fact\":\"对方拒绝配合亲子鉴定\",\"cmp\":\"eq\",\"value\":true},{\"fact\":\"存在举证妨碍线索\",\"cmp\":\"eq\",\"value\":true}]}',1,'2026-04-16 15:49:26'),('r_paternity_confirmation_precondition','paternity_confirmation_dispute','亲子确认前置条件','precondition','与','law_1073',10,'{\"op\":\"and\",\"children\":[{\"fact\":\"存在亲子关系争议\",\"cmp\":\"eq\",\"value\":true},{\"fact\":\"请求确认亲子关系\",\"cmp\":\"eq\",\"value\":true}]}',1,'2026-04-16 15:49:26'),('r_paternity_confirmation_support','paternity_confirmation_dispute','亲子确认支持路径','support_path','与/或','law_1073',20,'{\"op\":\"and\",\"children\":[{\"fact\":\"请求确认亲子关系\",\"cmp\":\"eq\",\"value\":true},{\"op\":\"or\",\"children\":[{\"fact\":\"亲子鉴定结论支持主张\",\"cmp\":\"eq\",\"value\":true},{\"fact\":\"出生登记信息与确认主张一致\",\"cmp\":\"eq\",\"value\":true},{\"fact\":\"存在长期共同生活或抚养记录\",\"cmp\":\"eq\",\"value\":true}]},{\"op\":\"or\",\"children\":[{\"fact\":\"存在怀孕生育期间往来记录\",\"cmp\":\"eq\",\"value\":true},{\"fact\":\"有出生证明/户口簿或亲属关系证明\",\"cmp\":\"eq\",\"value\":true}]}]}',1,'2026-04-16 15:49:26'),('r_paternity_disclaimer_birth_record','paternity_disclaimer_dispute','亲子否认出生登记路径','support_path','与/或','law_1073',25,'{\"op\":\"and\",\"children\":[{\"fact\":\"请求否认亲子关系\",\"cmp\":\"eq\",\"value\":true},{\"fact\":\"出生登记信息与否认主张不一致\",\"cmp\":\"eq\",\"value\":true},{\"op\":\"or\",\"children\":[{\"fact\":\"存在怀孕生育期间往来记录\",\"cmp\":\"eq\",\"value\":false},{\"fact\":\"存在长期共同生活或抚养记录\",\"cmp\":\"eq\",\"value\":false}]}]}',1,'2026-04-16 15:49:26'),('r_paternity_disclaimer_obstruction','paternity_disclaimer_dispute','亲子否认举证妨碍路径','evidence_obstruction_path','与/或','law_81',30,'{\"op\":\"or\",\"children\":[{\"fact\":\"对方拒绝配合亲子鉴定\",\"cmp\":\"eq\",\"value\":true},{\"fact\":\"存在举证妨碍线索\",\"cmp\":\"eq\",\"value\":true}]}',1,'2026-04-16 15:49:26'),('r_paternity_disclaimer_precondition','paternity_disclaimer_dispute','亲子否认前置条件','precondition','与','law_1073',10,'{\"op\":\"and\",\"children\":[{\"fact\":\"存在亲子关系争议\",\"cmp\":\"eq\",\"value\":true},{\"fact\":\"请求否认亲子关系\",\"cmp\":\"eq\",\"value\":true}]}',1,'2026-04-16 15:49:26'),('r_paternity_disclaimer_support','paternity_disclaimer_dispute','亲子否认支持路径','support_path','与/或','law_1073',20,'{\"op\":\"and\",\"children\":[{\"fact\":\"请求否认亲子关系\",\"cmp\":\"eq\",\"value\":true},{\"op\":\"or\",\"children\":[{\"fact\":\"亲子鉴定结论支持否认方主张\",\"cmp\":\"eq\",\"value\":true},{\"fact\":\"出生登记信息与否认主张不一致\",\"cmp\":\"eq\",\"value\":true}]},{\"op\":\"or\",\"children\":[{\"fact\":\"存在怀孕生育期间往来记录\",\"cmp\":\"eq\",\"value\":false},{\"fact\":\"存在长期共同生活或抚养记录\",\"cmp\":\"eq\",\"value\":false},{\"fact\":\"有出生证明/户口簿或亲属关系证明\",\"cmp\":\"eq\",\"value\":true}]}]}',1,'2026-04-16 15:49:26'),('r_post_divorce_damage_amount','post_divorce_damage_liability_dispute','离婚后损害金额路径','amount_path','与/或','law_1183',30,'{\"op\":\"and\",\"children\":[{\"fact\":\"赔偿金额或范围明确\",\"cmp\":\"eq\",\"value\":true},{\"op\":\"or\",\"children\":[{\"fact\":\"存在持续治疗材料\",\"cmp\":\"eq\",\"value\":true},{\"fact\":\"存在误工收入损失材料\",\"cmp\":\"eq\",\"value\":true},{\"fact\":\"有具体损失或治疗费用/收入损失线索\",\"cmp\":\"eq\",\"value\":true}]}]}',1,'2026-04-16 15:49:26'),('r_post_divorce_damage_causation','post_divorce_damage_liability_dispute','离婚后损害因果补强路径','amount_path','与','law_1183',35,'{\"op\":\"and\",\"children\":[{\"op\":\"or\",\"children\":[{\"fact\":\"损害后果类型\",\"cmp\":\"eq\",\"value\":\"medical\"},{\"fact\":\"损害后果类型\",\"cmp\":\"eq\",\"value\":\"治疗费用\"}]},{\"fact\":\"存在因果关系材料\",\"cmp\":\"eq\",\"value\":true},{\"op\":\"or\",\"children\":[{\"fact\":\"存在持续治疗材料\",\"cmp\":\"eq\",\"value\":true},{\"fact\":\"存在误工收入损失材料\",\"cmp\":\"eq\",\"value\":true}]}]}',1,'2026-04-16 15:49:26'),('r_post_divorce_damage_exception','post_divorce_damage_liability_dispute','离婚后损害例外路径','defense_or_exception_path','与','law_1091',40,'{\"op\":\"and\",\"children\":[{\"fact\":\"离婚事实已生效\",\"cmp\":\"eq\",\"value\":true},{\"op\":\"or\",\"children\":[{\"fact\":\"离婚程序中是否已处理损害赔偿\",\"cmp\":\"eq\",\"value\":\"handled_yes\"},{\"fact\":\"离婚程序中是否已处理损害赔偿\",\"cmp\":\"eq\",\"value\":\"已处理\"}]}]}',1,'2026-04-16 15:49:26'),('r_post_divorce_damage_fault','post_divorce_damage_liability_dispute','离婚后损害过错识别路径','support_path','与/或','law_1091',25,'{\"op\":\"and\",\"children\":[{\"fact\":\"离婚事实已生效\",\"cmp\":\"eq\",\"value\":true},{\"op\":\"or\",\"children\":[{\"fact\":\"过错类型\",\"cmp\":\"eq\",\"value\":\"bigamy\"},{\"fact\":\"过错类型\",\"cmp\":\"eq\",\"value\":\"重婚\"},{\"fact\":\"过错类型\",\"cmp\":\"eq\",\"value\":\"cohabitation\"},{\"fact\":\"过错类型\",\"cmp\":\"eq\",\"value\":\"与他人同居\"},{\"fact\":\"过错类型\",\"cmp\":\"eq\",\"value\":\"domestic_violence\"},{\"fact\":\"过错类型\",\"cmp\":\"eq\",\"value\":\"家庭暴力\"},{\"fact\":\"过错类型\",\"cmp\":\"eq\",\"value\":\"abuse_abandonment\"},{\"fact\":\"过错类型\",\"cmp\":\"eq\",\"value\":\"虐待遗弃\"},{\"fact\":\"过错类型\",\"cmp\":\"eq\",\"value\":\"other_tort\"},{\"fact\":\"过错类型\",\"cmp\":\"eq\",\"value\":\"其他侵害行为\"}]}]}',1,'2026-04-16 15:49:26'),('r_post_divorce_damage_precondition','post_divorce_damage_liability_dispute','离婚后损害前置条件','precondition','与','law_1091',10,'{\"op\":\"and\",\"children\":[{\"fact\":\"离婚事实已生效\",\"cmp\":\"eq\",\"value\":true},{\"fact\":\"存在婚内严重过错或侵害事实线索\",\"cmp\":\"eq\",\"value\":true},{\"fact\":\"存在精神损害或经济损失后果\",\"cmp\":\"eq\",\"value\":true}]}',1,'2026-04-16 15:49:26'),('r_post_divorce_damage_support','post_divorce_damage_liability_dispute','离婚后损害支持路径','support_path','与','law_1091',20,'{\"op\":\"and\",\"children\":[{\"fact\":\"离婚事实已生效\",\"cmp\":\"eq\",\"value\":true},{\"fact\":\"赔偿金额或范围明确\",\"cmp\":\"eq\",\"value\":true},{\"fact\":\"存在因果关系材料\",\"cmp\":\"eq\",\"value\":true},{\"op\":\"or\",\"children\":[{\"fact\":\"存在婚内严重过错或侵害事实线索\",\"cmp\":\"eq\",\"value\":true},{\"fact\":\"存在精神损害或经济损失后果\",\"cmp\":\"eq\",\"value\":true},{\"fact\":\"有具体损失或治疗费用/收入损失线索\",\"cmp\":\"eq\",\"value\":true}]}]}',1,'2026-04-16 15:49:26'),('r_post_divorce_property_agreement_enforce','post_divorce_property','协议履行路径','support_path','与/或','law_jsyi_69',30,'{\"op\":\"and\",\"children\":[{\"fact\":\"存在离婚协议\",\"cmp\":\"eq\",\"value\":true},{\"fact\":\"离婚协议财产条款未履行\",\"cmp\":\"eq\",\"value\":true},{\"fact\":\"请求执行离婚协议\",\"cmp\":\"eq\",\"value\":true}]}',1,'2026-04-16 15:56:36'),('r_post_divorce_property_conceal_penalty','post_divorce_property','隐藏转移责任路径','support_path','与/或','law_1092',21,'{\"op\":\"and\",\"children\":[{\"fact\":\"存在隐藏转移财产线索\",\"cmp\":\"eq\",\"value\":true},{\"fact\":\"有证据证明隐藏转移\",\"cmp\":\"eq\",\"value\":true}]}',1,'2026-04-16 15:56:36'),('r_post_divorce_property_precondition','post_divorce_property','离婚后财产前置条件','precondition','与','law_1087',10,'{\"op\":\"and\",\"children\":[{\"fact\":\"离婚事实已生效\",\"cmp\":\"eq\",\"value\":true},{\"op\":\"or\",\"children\":[{\"fact\":\"存在未分割共同财产\",\"cmp\":\"eq\",\"value\":true},{\"fact\":\"存在隐藏转移财产线索\",\"cmp\":\"eq\",\"value\":true},{\"fact\":\"离婚协议财产条款未履行\",\"cmp\":\"eq\",\"value\":true},{\"fact\":\"新发现财产线索\",\"cmp\":\"eq\",\"value\":true}]}]}',1,'2026-04-16 15:56:36'),('r_post_divorce_property_redistribute','post_divorce_property','离婚后再分割路径','support_path','与','law_1087',20,'{\"op\":\"and\",\"children\":[{\"fact\":\"存在未分割共同财产\",\"cmp\":\"eq\",\"value\":true},{\"fact\":\"请求再次分割\",\"cmp\":\"eq\",\"value\":true}]}',1,'2026-04-16 15:56:36'),('r_post_divorce_property_time_limit_risk','post_divorce_property','发现时间/时效风险路径','defense_or_exception_path','与/或','law_jsyi_84',80,'{\"op\":\"and\",\"children\":[{\"fact\":\"新发现财产线索\",\"cmp\":\"eq\",\"value\":true},{\"op\":\"or\",\"children\":[{\"fact\":\"发现财产线索时间明确\",\"cmp\":\"eq\",\"value\":false},{\"fact\":\"离婚后已过三年风险\",\"cmp\":\"eq\",\"value\":true}]}]}',1,'2026-04-16 15:56:36'),('r_property_refund_defense','property_dispute','不返还抗辩路径','不返还抗辩命中','与','law_jshj_5',20,'{\"op\":\"and\",\"children\":[{\"fact\":\"是否已办理结婚登记\",\"cmp\":\"eq\",\"value\":\"已登记\"},{\"fact\":\"是否已共同生活\",\"cmp\":\"eq\",\"value\":true}]}',1,'2026-04-14 16:29:27'),('r_property_refund_support','property_dispute','返还支持路径','返还支持命中','与','law_jshj_5',10,'{\"op\":\"and\",\"children\":[{\"fact\":\"存在彩礼或财产给付\",\"cmp\":\"eq\",\"value\":true},{\"fact\":\"是否存在法定返还情形\",\"cmp\":\"eq\",\"value\":true}]}',1,'2026-04-14 16:29:27'),('r_sibling_support_change_support','sibling_support_dispute','扶养变更支持路径','arrangement_path','与/或','law_1075',30,'{\"op\":\"and\",\"children\":[{\"fact\":\"主张变更扶养关系\",\"cmp\":\"eq\",\"value\":true},{\"op\":\"or\",\"children\":[{\"fact\":\"变更原因属于法定情形\",\"cmp\":\"eq\",\"value\":true},{\"fact\":\"已有长期照料一方\",\"cmp\":\"eq\",\"value\":true},{\"fact\":\"存在多名扶养义务人\",\"cmp\":\"eq\",\"value\":true}]}]}',1,'2026-04-16 15:49:26'),('r_sibling_support_exception','sibling_support_dispute','扶养纠纷例外路径','defense_or_exception_path','与','law_1075',40,'{\"op\":\"and\",\"children\":[{\"fact\":\"存在扶养义务关系\",\"cmp\":\"eq\",\"value\":true},{\"fact\":\"扶养人收入能力明确\",\"cmp\":\"eq\",\"value\":false},{\"fact\":\"存在多名扶养义务人\",\"cmp\":\"eq\",\"value\":false},{\"fact\":\"月扶养费金额明确\",\"cmp\":\"eq\",\"value\":false}]}',1,'2026-04-16 15:49:26'),('r_sibling_support_fee_support','sibling_support_dispute','扶养费支持路径','support_path','与/或','law_1075',20,'{\"op\":\"and\",\"children\":[{\"fact\":\"存在扶养义务关系\",\"cmp\":\"eq\",\"value\":true},{\"op\":\"or\",\"children\":[{\"fact\":\"被扶养人无劳动能力或患病\",\"cmp\":\"eq\",\"value\":true},{\"fact\":\"存在重大医疗护理支出\",\"cmp\":\"eq\",\"value\":true},{\"fact\":\"月扶养费金额明确\",\"cmp\":\"eq\",\"value\":true}]},{\"op\":\"or\",\"children\":[{\"fact\":\"扶养人收入能力明确\",\"cmp\":\"eq\",\"value\":true},{\"fact\":\"存在多名扶养义务人\",\"cmp\":\"eq\",\"value\":true},{\"fact\":\"已有长期照料一方\",\"cmp\":\"eq\",\"value\":true}]}]}',1,'2026-04-16 15:49:26'),('r_sibling_support_medical','sibling_support_dispute','扶养医疗护理路径','support_path','与/或','law_1075',21,'{\"op\":\"and\",\"children\":[{\"fact\":\"存在扶养义务关系\",\"cmp\":\"eq\",\"value\":true},{\"op\":\"or\",\"children\":[{\"fact\":\"被扶养人无劳动能力或患病\",\"cmp\":\"eq\",\"value\":true},{\"fact\":\"存在重大医疗护理支出\",\"cmp\":\"eq\",\"value\":true}]},{\"fact\":\"月扶养费金额明确\",\"cmp\":\"eq\",\"value\":true}]}',1,'2026-04-16 15:49:26'),('r_sibling_support_multi_obligor','sibling_support_dispute','扶养多义务人路径','arrangement_path','与/或','law_1075',31,'{\"op\":\"and\",\"children\":[{\"fact\":\"存在扶养义务关系\",\"cmp\":\"eq\",\"value\":true},{\"fact\":\"存在多名扶养义务人\",\"cmp\":\"eq\",\"value\":true},{\"op\":\"or\",\"children\":[{\"fact\":\"已有长期照料一方\",\"cmp\":\"eq\",\"value\":true},{\"fact\":\"扶养人收入能力明确\",\"cmp\":\"eq\",\"value\":true}]}]}',1,'2026-04-16 15:49:26'),('r_sibling_support_precondition','sibling_support_dispute','扶养纠纷前置条件','precondition','与','law_1075',10,'{\"op\":\"and\",\"children\":[{\"fact\":\"存在扶养义务关系\",\"cmp\":\"eq\",\"value\":true},{\"fact\":\"被扶养人生活困难\",\"cmp\":\"eq\",\"value\":true}]}',1,'2026-04-16 15:49:26'),('r_spousal_agreement_defense','spousal_property_agreement_dispute','夫妻财产约定抗辩路径','defense_or_exception_path','与/或','law_143',30,'{\"op\":\"or\",\"children\":[{\"fact\":\"对方主张协议无效或被撤销\",\"cmp\":\"eq\",\"value\":true},{\"fact\":\"存在受胁迫欺诈等效力抗辩\",\"cmp\":\"eq\",\"value\":true}]}',1,'2026-04-16 15:49:26'),('r_spousal_agreement_performance','spousal_property_agreement_dispute','夫妻财产约定履行路径','support_path','与/或','law_1065',22,'{\"op\":\"and\",\"children\":[{\"fact\":\"请求确认协议有效并要求履行\",\"cmp\":\"eq\",\"value\":true},{\"fact\":\"协议未履行或争议履行\",\"cmp\":\"eq\",\"value\":true},{\"op\":\"or\",\"children\":[{\"fact\":\"争议财产类型明确\",\"cmp\":\"eq\",\"value\":true},{\"fact\":\"协议签署时间明确\",\"cmp\":\"eq\",\"value\":true}]}]}',1,'2026-04-16 15:49:26'),('r_spousal_agreement_precondition','spousal_property_agreement_dispute','夫妻财产约定前置条件','precondition','与','law_1065',10,'{\"op\":\"and\",\"children\":[{\"fact\":\"存在夫妻财产约定协议\",\"cmp\":\"eq\",\"value\":true},{\"fact\":\"约定内容明确\",\"cmp\":\"eq\",\"value\":true},{\"fact\":\"存在书面协议文本\",\"cmp\":\"eq\",\"value\":true}]}',1,'2026-04-16 15:49:26'),('r_spousal_agreement_support','spousal_property_agreement_dispute','夫妻财产约定支持路径','support_path','与/或','law_1065',20,'{\"op\":\"and\",\"children\":[{\"fact\":\"请求确认协议有效并要求履行\",\"cmp\":\"eq\",\"value\":true},{\"op\":\"or\",\"children\":[{\"fact\":\"协议未履行或争议履行\",\"cmp\":\"eq\",\"value\":true},{\"fact\":\"已办理公证或登记\",\"cmp\":\"eq\",\"value\":true},{\"fact\":\"协议签署时间明确\",\"cmp\":\"eq\",\"value\":true}]}]}',1,'2026-04-16 15:49:26'),('r_spousal_agreement_validity','spousal_property_agreement_dispute','夫妻财产约定效力路径','support_path','与/或','law_1065',21,'{\"op\":\"and\",\"children\":[{\"fact\":\"存在夫妻财产约定协议\",\"cmp\":\"eq\",\"value\":true},{\"fact\":\"存在书面协议文本\",\"cmp\":\"eq\",\"value\":true},{\"op\":\"or\",\"children\":[{\"fact\":\"协议签署时间明确\",\"cmp\":\"eq\",\"value\":true},{\"fact\":\"已办理公证或登记\",\"cmp\":\"eq\",\"value\":true},{\"fact\":\"争议财产类型明确\",\"cmp\":\"eq\",\"value\":true}]}]}',1,'2026-04-16 15:49:26'),('r_support_fee_claim','support_dispute','赡养费支付路径','support_path','与/或','law_1067',20,'{\"op\":\"and\",\"children\":[{\"fact\":\"存在赡养关系\",\"cmp\":\"eq\",\"value\":true},{\"fact\":\"赡养人拒绝履行\",\"cmp\":\"eq\",\"value\":true},{\"op\":\"or\",\"children\":[{\"fact\":\"被赡养人月基本支出\",\"cmp\":\"eq\",\"value\":0},{\"fact\":\"赡养人收入能力大致明确\",\"cmp\":\"eq\",\"value\":true}]}]}',1,'2026-04-16 15:56:36'),('r_support_medical_disability','support_dispute','赡养医疗/失能路径','support_path','与/或','law_1067',21,'{\"op\":\"and\",\"children\":[{\"fact\":\"有医疗或失能证明\",\"cmp\":\"eq\",\"value\":true},{\"op\":\"or\",\"children\":[{\"fact\":\"被赡养人生活困难\",\"cmp\":\"eq\",\"value\":true},{\"fact\":\"被赡养人月基本支出\",\"cmp\":\"eq\",\"value\":0}]}]}',1,'2026-04-16 15:56:36'),('r_support_multi_obligor','support_dispute','赡养多义务人分担路径','arrangement_path','与/或','law_1067',30,'{\"op\":\"and\",\"children\":[{\"fact\":\"是否存在多名赡养人\",\"cmp\":\"eq\",\"value\":true},{\"op\":\"or\",\"children\":[{\"fact\":\"赡养人收入能力大致明确\",\"cmp\":\"eq\",\"value\":true},{\"fact\":\"赡养人拒绝履行\",\"cmp\":\"eq\",\"value\":true}]}]}',1,'2026-04-16 15:56:36'),('r_support_precondition','support_dispute','赡养纠纷前置条件','precondition','与','law_1067',10,'{\"op\":\"and\",\"children\":[{\"fact\":\"存在赡养关系\",\"cmp\":\"eq\",\"value\":true},{\"fact\":\"被赡养人生活困难\",\"cmp\":\"eq\",\"value\":true}]}',1,'2026-04-16 15:56:36'),('r_visitation_child_will','visitation_dispute','探望权子女意愿路径','support_path','与/或','law_1086',21,'{\"op\":\"and\",\"children\":[{\"fact\":\"请求法院明确探望方式时间\",\"cmp\":\"eq\",\"value\":true},{\"fact\":\"子女已满八周岁\",\"cmp\":\"eq\",\"value\":true},{\"op\":\"or\",\"children\":[{\"fact\":\"子女有明确探望意愿\",\"cmp\":\"eq\",\"value\":true},{\"fact\":\"既有探望频率安排明确\",\"cmp\":\"eq\",\"value\":true}]}]}',1,'2026-04-16 15:49:26'),('r_visitation_exception','visitation_dispute','探望权例外路径','defense_or_exception_path','与/或','law_1086',30,'{\"op\":\"or\",\"children\":[{\"fact\":\"存在中止探望风险线索\",\"cmp\":\"eq\",\"value\":true},{\"fact\":\"子女已满八周岁\",\"cmp\":\"eq\",\"value\":true},{\"fact\":\"子女有明确探望意愿\",\"cmp\":\"eq\",\"value\":false}]}',1,'2026-04-16 15:49:26'),('r_visitation_precondition','visitation_dispute','探望权前置条件','precondition','与','law_1086',10,'{\"op\":\"and\",\"children\":[{\"fact\":\"已离婚或已分开\",\"cmp\":\"eq\",\"value\":true},{\"fact\":\"为非直接抚养方\",\"cmp\":\"eq\",\"value\":true}]}',1,'2026-04-16 15:49:26'),('r_visitation_support','visitation_dispute','探望权支持路径','support_path','与/或','law_1086',20,'{\"op\":\"and\",\"children\":[{\"fact\":\"请求法院明确探望方式时间\",\"cmp\":\"eq\",\"value\":true},{\"op\":\"or\",\"children\":[{\"fact\":\"存在拒绝探望或障碍\",\"cmp\":\"eq\",\"value\":true},{\"fact\":\"主张节假日或住宿探望\",\"cmp\":\"eq\",\"value\":true},{\"fact\":\"既有探望频率安排明确\",\"cmp\":\"eq\",\"value\":true},{\"fact\":\"子女有明确探望意愿\",\"cmp\":\"eq\",\"value\":true}]}]}',1,'2026-04-16 15:49:26'),('r_visitation_suspension_risk','visitation_dispute','探望权中止风险路径','defense_or_exception_path','与/或','law_1086',31,'{\"op\":\"or\",\"children\":[{\"fact\":\"存在中止探望风险线索\",\"cmp\":\"eq\",\"value\":true},{\"op\":\"and\",\"children\":[{\"fact\":\"主张节假日或住宿探望\",\"cmp\":\"eq\",\"value\":true},{\"fact\":\"子女有明确探望意愿\",\"cmp\":\"eq\",\"value\":false}]}]}',1,'2026-04-16 15:49:26');
/*!40000 ALTER TABLE `rule_judge_rule` ENABLE KEYS */;
UNLOCK TABLES;

--
-- Table structure for table `rule_judge_rule_conclusion`
--

DROP TABLE IF EXISTS `rule_judge_rule_conclusion`;
/*!40101 SET @saved_cs_client     = @@character_set_client */;
/*!50503 SET character_set_client = utf8mb4 */;
CREATE TABLE `rule_judge_rule_conclusion` (
  `rule_id` varchar(128) COLLATE utf8mb4_unicode_ci NOT NULL,
  `conclusion_id` varchar(128) COLLATE utf8mb4_unicode_ci NOT NULL,
  `sort_order` int NOT NULL DEFAULT '1',
  PRIMARY KEY (`rule_id`,`conclusion_id`),
  KEY `idx_rule_conclusion_sort` (`rule_id`,`sort_order`)
) ENGINE=InnoDB DEFAULT CHARSET=utf8mb4 COLLATE=utf8mb4_unicode_ci;
/*!40101 SET character_set_client = @saved_cs_client */;

--
-- Dumping data for table `rule_judge_rule_conclusion`
--

LOCK TABLES `rule_judge_rule_conclusion` WRITE;
/*!40000 ALTER TABLE `rule_judge_rule_conclusion` DISABLE KEYS */;
INSERT INTO `rule_judge_rule_conclusion` VALUES ('r_add_betrothal_full','c_add_betrothal_full',1),('r_add_betrothal_no_refund','c_add_betrothal_no_refund',1),('r_add_betrothal_partial','c_add_betrothal_partial',1),('r_add_labor_injury_disability','c_add_labor_injury_disability',1),('r_add_labor_injury_medical','c_add_labor_injury_medical',1),('r_add_labor_injury_recognition','c_add_labor_injury_recognition',1),('r_add_overtime_holiday','c_add_overtime_holiday',1),('r_add_overtime_restday','c_add_overtime_restday',1),('r_add_overtime_workday','c_add_overtime_workday',1),('r_adoption_confirm_support','c_adoption_confirm_support',1),('r_adoption_de_facto_confirm','c_adoption_de_facto_confirm',1),('r_adoption_dissolve_support','c_adoption_dissolve_support',1),('r_adoption_exception','c_adoption_exception',1),('r_adoption_post_dissolve_arrangement','c_adoption_post_dissolve_arrangement',1),('r_adoption_precondition','c_adoption_precondition',1),('r_adoption_registered_confirm','c_adoption_registered_confirm',1),('r_child_support_change_amount','c_child_support_change_amount',1),('r_child_support_change_custody','c_child_support_change_custody',1),('r_child_support_claim_fee','c_child_support_claim_fee',1),('r_child_support_precondition','c_child_support_precondition',1),('r_cohabitation_contribution_ratio','c_cohabitation_contribution_ratio',1),('r_cohabitation_custody_support','c_cohabitation_custody_support',1),('r_cohabitation_direct_custody','c_cohabitation_direct_custody',1),('r_cohabitation_exception','c_cohabitation_exception',1),('r_cohabitation_precondition','c_cohabitation_precondition',1),('r_cohabitation_property_support','c_cohabitation_property_support',1),('r_divorce_children_priority','c_divorce_children_priority',1),('r_divorce_common_property','c_divorce_common_property',1),('r_divorce_compensation','c_divorce_compensation',1),('r_divorce_dispute_breakdown','c_divorce_dispute_breakdown',1),('r_divorce_dispute_custody','c_divorce_dispute_custody',1),('r_divorce_dispute_need_more_facts','c_divorce_dispute_need_more_facts',1),('r_divorce_dispute_precondition','c_divorce_dispute_precondition',1),('r_divorce_dispute_property_debt','c_divorce_dispute_property_debt',1),('r_divorce_dispute_violence_fault','c_divorce_dispute_violence_fault',1),('r_divorce_personal_property','c_divorce_personal_property',1),('r_divorce_precondition','c_divorce_precondition',1),('r_family_partition_exception','c_family_partition_exception',1),('r_family_partition_member_boundary','c_family_partition_member_boundary',1),('r_family_partition_precondition','c_family_partition_precondition',1),('r_family_partition_registration_source','c_family_partition_registration_source',1),('r_family_partition_support','c_family_partition_support',1),('r_guardianship_care_ability','c_guardianship_care_ability',1),('r_guardianship_precondition','c_guardianship_precondition',1),('r_guardianship_property_support','c_guardianship_property_support',1),('r_guardianship_subject_qualification','c_guardianship_subject_qualification',1),('r_guardianship_support','c_guardianship_support',1),('r_in_marriage_property_exception','c_in_marriage_property_exception',1),('r_in_marriage_property_livelihood_impact','c_in_marriage_property_livelihood_impact',1),('r_in_marriage_property_precondition','c_in_marriage_property_precondition',1),('r_in_marriage_property_support','c_in_marriage_property_support',1),('r_in_marriage_property_type_scope','c_in_marriage_property_type_scope',1),('r_inherit_share','c_inherit_share',1),('r_inherit_will_dispute','c_inherit_will_dispute',1),('r_labor_no_contract_double','c_labor_no_contract_double',1),('r_labor_no_contract_open_term','c_labor_no_contract_open_term',1),('r_labor_no_contract_sign','c_labor_no_contract_sign',1),('r_labor_termination_illegal','c_labor_termination_illegal',1),('r_labor_termination_reinstatement','c_labor_termination_reinstate',1),('r_labor_termination_wage_gap','c_labor_termination_wage_gap',1),('r_labor_unpaid_additional_comp','c_labor_unpaid_additional',1),('r_labor_unpaid_core_strong','c_labor_unpaid_core',1),('r_labor_unpaid_overtime','c_labor_unpaid_overtime',1),('r_labor_unpaid_termination_comp','c_labor_unpaid_term_comp',1),('r_marriage_annulment_arrangement','c_marriage_annulment_arrangement',1),('r_marriage_annulment_coercion','c_marriage_annulment_coercion',1),('r_marriage_annulment_disease','c_marriage_annulment_disease',1),('r_marriage_annulment_exception','c_marriage_annulment_exception',1),('r_marriage_annulment_precondition','c_marriage_annulment_precondition',1),('r_marriage_annulment_support','c_marriage_annulment_support',1),('r_marriage_annulment_time_bar','c_marriage_annulment_time_bar',1),('r_marriage_invalid_arrangement','c_marriage_invalid_arrangement',1),('r_marriage_invalid_exception','c_marriage_invalid_exception',1),('r_marriage_invalid_kinship','c_marriage_invalid_kinship',1),('r_marriage_invalid_precondition','c_marriage_invalid_precondition',1),('r_marriage_invalid_prior_marriage','c_marriage_invalid_prior_marriage',1),('r_marriage_invalid_support','c_marriage_invalid_support',1),('r_marriage_invalid_underage','c_marriage_invalid_underage',1),('r_merge_12_betrothal_full','c_add_betrothal_full',1),('r_merge_12_betrothal_no_refund','c_add_betrothal_no_refund',1),('r_merge_12_betrothal_partial','c_add_betrothal_partial',1),('r_merge_12_property_refund_defense','c_property_refund_defense',1),('r_merge_12_property_refund_support','c_property_refund_support',1),('r_paternity_confirmation_birth_record','c_paternity_confirmation_birth_record',1),('r_paternity_confirmation_obstruction','c_paternity_confirmation_obstruction',1),('r_paternity_confirmation_precondition','c_paternity_confirmation_precondition',1),('r_paternity_confirmation_support','c_paternity_confirmation_support',1),('r_paternity_disclaimer_birth_record','c_paternity_disclaimer_birth_record',1),('r_paternity_disclaimer_obstruction','c_paternity_disclaimer_obstruction',1),('r_paternity_disclaimer_precondition','c_paternity_disclaimer_precondition',1),('r_paternity_disclaimer_support','c_paternity_disclaimer_support',1),('r_post_divorce_damage_amount','c_post_divorce_damage_amount',1),('r_post_divorce_damage_causation','c_post_divorce_damage_causation',1),('r_post_divorce_damage_exception','c_post_divorce_damage_exception',1),('r_post_divorce_damage_fault','c_post_divorce_damage_fault',1),('r_post_divorce_damage_precondition','c_post_divorce_damage_precondition',1),('r_post_divorce_damage_support','c_post_divorce_damage_support',1),('r_post_divorce_property_agreement_enforce','c_post_divorce_property_agreement_enforce',1),('r_post_divorce_property_conceal_penalty','c_post_divorce_property_conceal_penalty',1),('r_post_divorce_property_precondition','c_post_divorce_property_precondition',1),('r_post_divorce_property_redistribute','c_post_divorce_property_redistribute',1),('r_post_divorce_property_time_limit_risk','c_post_divorce_property_time_limit_risk',1),('r_property_refund_defense','c_property_refund_defense',1),('r_property_refund_support','c_property_refund_support',1),('r_sibling_support_change_support','c_sibling_support_change_support',1),('r_sibling_support_exception','c_sibling_support_exception',1),('r_sibling_support_fee_support','c_sibling_support_fee_support',1),('r_sibling_support_medical','c_sibling_support_medical',1),('r_sibling_support_multi_obligor','c_sibling_support_multi_obligor',1),('r_sibling_support_precondition','c_sibling_support_precondition',1),('r_spousal_agreement_defense','c_spousal_agreement_defense',1),('r_spousal_agreement_performance','c_spousal_agreement_performance',1),('r_spousal_agreement_precondition','c_spousal_agreement_precondition',1),('r_spousal_agreement_support','c_spousal_agreement_support',1),('r_spousal_agreement_validity','c_spousal_agreement_validity',1),('r_support_fee_claim','c_support_fee_claim',1),('r_support_medical_disability','c_support_medical_disability',1),('r_support_multi_obligor','c_support_multi_obligor',1),('r_support_precondition','c_support_precondition',1),('r_visitation_child_will','c_visitation_child_will',1),('r_visitation_exception','c_visitation_exception',1),('r_visitation_precondition','c_visitation_precondition',1),('r_visitation_support','c_visitation_support',1),('r_visitation_suspension_risk','c_visitation_suspension_risk',1);
/*!40000 ALTER TABLE `rule_judge_rule_conclusion` ENABLE KEYS */;
UNLOCK TABLES;

--
-- Table structure for table `rule_law`
--

DROP TABLE IF EXISTS `rule_law`;
/*!40101 SET @saved_cs_client     = @@character_set_client */;
/*!50503 SET character_set_client = utf8mb4 */;
CREATE TABLE `rule_law` (
  `id` varchar(64) COLLATE utf8mb4_unicode_ci NOT NULL,
  `name` varchar(255) COLLATE utf8mb4_unicode_ci NOT NULL,
  `article` varchar(255) COLLATE utf8mb4_unicode_ci NOT NULL,
  `summary` text COLLATE utf8mb4_unicode_ci,
  `text` mediumtext COLLATE utf8mb4_unicode_ci,
  `updated_at` datetime NOT NULL DEFAULT CURRENT_TIMESTAMP ON UPDATE CURRENT_TIMESTAMP,
  PRIMARY KEY (`id`),
  UNIQUE KEY `uk_rule_law_id` (`id`)
) ENGINE=InnoDB DEFAULT CHARSET=utf8mb4 COLLATE=utf8mb4_unicode_ci;
/*!40101 SET character_set_client = @saved_cs_client */;

--
-- Dumping data for table `rule_law`
--

LOCK TABLES `rule_law` WRITE;
/*!40000 ALTER TABLE `rule_law` DISABLE KEYS */;
INSERT INTO `rule_law` VALUES ('law_1042','中华人民共和国民法典','第一千零四十二条','婚姻家庭的禁止性规定','禁止包办、买卖婚姻和其他干涉婚姻自由的行为。禁止借婚姻索取财物。\n禁止重婚。禁止有配偶者与他人同居。\n禁止家庭暴力。禁止家庭成员间的虐待和遗弃。','2026-04-12 23:53:20'),('law_1062','中华人民共和国民法典','第一千零六十二条','夫妻共同财产认定','夫妻在婚姻关系存续期间所得的下列财产，为夫妻的共同财产，归夫妻共同所有：工资、奖金、劳务报酬；生产、经营、投资的收益；知识产权的收益；继承或者受赠的财产，但是本法第一千零六十三条第三项规定的除外；其他应当归共同所有的财产。','2026-03-31 17:27:25'),('law_1063','中华人民共和国民法典','第一千零六十三条','夫妻一方个人财产认定','下列财产为夫妻一方的个人财产：一方的婚前财产；一方因受到人身损害获得的赔偿或者补偿；遗嘱或者赠与合同中确定只归一方的财产；一方专用的生活用品；其他应当归一方的财产。','2026-03-31 17:27:25'),('law_1067','中华人民共和国民法典','第一千零六十七条','父母对子女的抚养义务与子女对父母的赡养义务','父母不履行抚养义务的，未成年子女或者不能独立生活的成年子女，有要求父母给付抚养费的权利。子女不履行赡养义务的，缺乏劳动能力或者生活困难的父母，有要求子女给付赡养费的权利。','2026-04-15 00:29:27'),('law_1076','中华人民共和国民法典','第一千零七十六条','协议离婚','夫妻双方自愿离婚的，应当签订书面离婚协议，并亲自到婚姻登记机关申请离婚登记。离婚协议应当载明双方自愿离婚的意思表示和对子女抚养、财产以及债务处理等事项协商一致的意见。','2026-03-31 17:27:25'),('law_1079','中华人民共和国民法典','第一千零七十九条','诉讼离婚与调解','夫妻一方要求离婚的，可以由有关组织进行调解或者直接向人民法院提起离婚诉讼。\n人民法院审理离婚案件，应当进行调解；如果感情确已破裂，调解无效的，应当准予离婚。\n有下列情形之一，调解无效的，应当准予离婚：\n（一）重婚或者与他人同居；\n（二）实施家庭暴力或者虐待、遗弃家庭成员；\n（三）有赌博、吸毒等恶习屡教不改；\n（四）因感情不和分居满二年；\n（五）其他导致夫妻感情破裂的情形。\n一方被宣告失踪，另一方提起离婚诉讼的，应当准予离婚。\n经人民法院判决不准离婚后，双方又分居满一年，一方再次提起离婚诉讼的，应当准予离婚。','2026-04-12 23:53:20'),('law_1084','中华人民共和国民法典','第一千零八十四条','离婚后的父母子女关系','父母与子女间的关系，不因父母离婚而消除。离婚后，子女无论由父或者母直接抚养，仍是父母双方的子女。\n离婚后，父母对于子女仍有抚养、教育、保护的权利和义务。\n离婚后，不满两周岁的子女，以由母亲直接抚养为原则。已满两周岁的子女，父母双方对抚养问题协议不成的，由人民法院根据双方的具体情况，按照最有利于未成年子女的原则判决。子女已满八周岁的，应当尊重其真实意愿。','2026-04-12 23:53:20'),('law_1085','中华人民共和国民法典','第一千零八十五条','离婚后子女抚养费负担','离婚后，子女由一方直接抚养的，另一方应当负担部分或者全部抚养费。','2026-04-15 00:29:27'),('law_1087','中华人民共和国民法典','第一千零八十七条','离婚时夫妻共同财产的处理','离婚时，夫妻的共同财产由双方协议处理；协议不成的，由人民法院根据财产的具体情况，按照照顾子女、女方和无过错方权益的原则判决。\n对夫或者妻在家庭土地承包经营中享有的权益等，应当依法予以保护。','2026-04-12 23:53:20'),('law_1088','中华人民共和国民法典','第一千零八十八条','家务劳动补偿','夫妻一方因抚育子女、照料老年人、协助另一方工作等负担较多义务的，离婚时有权向另一方请求补偿，另一方应当给予补偿。','2026-03-31 17:27:26'),('law_1089','中华人民共和国民法典','第一千零八十九条','离婚时夫妻共同债务清偿','离婚时，夫妻共同债务应当共同偿还。共同财产不足清偿或者财产归各自所有的，由双方协议清偿；协议不成的，由人民法院判决。','2026-04-12 23:53:22'),('law_1091','中华人民共和国民法典','第一千零九十一条','离婚损害赔偿','有下列情形之一，导致离婚的，无过错方有权请求损害赔偿：\n（一）重婚；\n（二）与他人同居；\n（三）实施家庭暴力；\n（四）虐待、遗弃家庭成员；\n（五）有其他重大过错。','2026-04-12 23:53:20'),('law_1092','中华人民共和国民法典','第一千零九十二条','侵害夫妻共同财产的法律后果','夫妻一方隐藏、转移、变卖、毁损、挥霍夫妻共同财产，或者伪造夫妻共同债务企图侵占另一方财产的，在离婚分割夫妻共同财产时，对该方可以少分或者不分。离婚后，另一方发现有上述行为的，可以向人民法院提起诉讼，请求再次分割夫妻共同财产。','2026-04-12 23:53:20'),('law_1127','中华人民共和国民法典','第一千一百二十七条','法定继承人的范围与顺序','遗产按照下列顺序继承：第一顺序：配偶、子女、父母；第二顺序：兄弟姐妹、祖父母、外祖父母。','2026-04-15 00:29:27'),('law_1130','中华人民共和国民法典','第一千一百三十条','同一顺序继承份额一般均等','同一顺序继承人继承遗产的份额，一般应当均等。','2026-04-15 00:29:27'),('law_1133','中华人民共和国民法典','第一千一百三十三条','遗嘱处分与遗嘱形式','自然人可以依照本法规定立遗嘱处分个人财产。','2026-04-15 00:29:27'),('law_contract_10','中华人民共和国劳动合同法','第十条','书面劳动合同的订立','建立劳动关系，应当订立书面劳动合同。\n已建立劳动关系，未同时订立书面劳动合同的，应当自用工之日起一个月内订立书面劳动合同。\n用人单位与劳动者在用工前订立劳动合同的，劳动关系自用工之日起建立。','2026-04-12 23:53:20'),('law_contract_14','中华人民共和国劳动合同法','第十四条','无固定期限劳动合同','无固定期限劳动合同，是指用人单位与劳动者约定无确定终止时间的劳动合同。\n用人单位与劳动者协商一致，可以订立无固定期限劳动合同。有下列情形之一，劳动者提出或者同意续订、订立劳动合同的，除劳动者提出订立固定期限劳动合同外，应当订立无固定期限劳动合同：\n（一）劳动者在该用人单位连续工作满十年的；\n（二）用人单位初次实行劳动合同制度或者国有企业改制重新订立劳动合同时，劳动者在该用人单位连续工作满十年且距法定退休年龄不足十年的；\n（三）连续订立二次固定期限劳动合同，且劳动者没有本法第三十九条和第四十条第一项、第二项规定的情形，续订劳动合同的。\n用人单位自用工之日起满一年不与劳动者订立书面劳动合同的，视为用人单位与劳动者已订立无固定期限劳动合同。','2026-04-12 23:53:20'),('law_contract_30','中华人民共和国劳动合同法','第三十条','劳动报酬的及时足额支付','用人单位应当按照劳动合同约定和国家规定，向劳动者及时足额支付劳动报酬。\n用人单位拖欠或者未足额支付劳动报酬的，劳动者可以依法向当地人民法院申请支付令，人民法院应当依法发出支付令。','2026-04-12 23:53:20'),('law_contract_31','中华人民共和国劳动合同法','第三十一条','加班与加班费','用人单位应当严格执行劳动定额标准，不得强迫或者变相强迫劳动者加班。用人单位安排加班的，应当按照国家有关规定向劳动者支付加班费。','2026-04-12 23:53:20'),('law_contract_38','中华人民共和国劳动合同法','第三十八条','劳动者可以解除劳动合同的情形','用人单位有下列情形之一的，劳动者可以解除劳动合同：\n（一）未按照劳动合同约定提供劳动保护或者劳动条件的；\n（二）未及时足额支付劳动报酬的；\n（三）未依法为劳动者缴纳社会保险费的；\n（四）用人单位的规章制度违反法律、法规的规定，损害劳动者权益的；\n（五）因本法第二十六条第一款规定的情形致使劳动合同无效的；\n（六）法律、行政法规规定劳动者可以解除劳动合同的其他情形。\n用人单位以暴力、威胁或者非法限制人身自由的手段强迫劳动者劳动的，或者用人单位违章指挥、强令冒险作业危及劳动者人身安全的，劳动者可以立即解除劳动合同，不需事先告知用人单位。','2026-04-12 23:53:22'),('law_contract_39','中华人民共和国劳动合同法','第三十九条','用人单位单方解除劳动合同（过失性辞退）','劳动者有下列情形之一的，用人单位可以解除劳动合同：\n（一）在试用期间被证明不符合录用条件的；\n（二）严重违反用人单位的规章制度的；\n（三）严重失职，营私舞弊，给用人单位造成重大损害的；\n（四）劳动者同时与其他用人单位建立劳动关系，对完成本单位的工作任务造成严重影响，或者经用人单位提出，拒不改正的；\n（五）因本法第二十六条第一款第一项规定的情形致使劳动合同无效的；\n（六）被依法追究刑事责任的。','2026-04-12 23:53:20'),('law_contract_40','中华人民共和国劳动合同法','第四十条','无过失性辞退与代通知金','有下列情形之一的，用人单位提前三十日以书面形式通知劳动者本人或者额外支付劳动者一个月工资后，可以解除劳动合同：\n（一）劳动者患病或者非因工负伤，在规定的医疗期满后不能从事原工作，也不能从事由用人单位另行安排的工作的；\n（二）劳动者不能胜任工作，经过培训或者调整工作岗位，仍不能胜任工作的；\n（三）劳动合同订立时所依据的客观情况发生重大变化，致使劳动合同无法履行，经用人单位与劳动者协商，未能就变更劳动合同内容达成协议的。','2026-04-12 23:53:20'),('law_contract_41','中华人民共和国劳动合同法','第四十一条','经济性裁员','有下列情形之一，需要裁减人员二十人以上或者裁减不足二十人但占企业职工总数百分之十以上的，用人单位提前三十日向工会或者全体职工说明情况，听取工会或者职工的意见后，裁减人员方案经向劳动行政部门报告，可以裁减人员：\n（一）依照企业破产法规定进行重整的；\n（二）生产经营发生严重困难的；\n（三）企业转产、重大技术革新或者经营方式调整，经变更劳动合同后，仍需裁减人员的；\n（四）其他因劳动合同订立时所依据的客观经济情况发生重大变化，致使劳动合同无法履行的。\n裁减人员时，应当优先留用下列人员：\n（一）与本单位订立较长期限的固定期限劳动合同的；\n（二）与本单位订立无固定期限劳动合同的；\n（三）家庭无其他就业人员，有需要扶养的老人或者未成年人的。\n用人单位依照本条第一款规定裁减人员，在六个月内重新招用人员的，应当通知被裁减的人员，并在同等条件下优先招用被裁减的人员。','2026-04-12 23:53:20'),('law_contract_46','中华人民共和国劳动合同法','第四十六条','用人单位应当向劳动者支付经济补偿的情形','有下列情形之一的，用人单位应当向劳动者支付经济补偿：\n（一）劳动者依照本法第三十八条规定解除劳动合同的；\n（二）用人单位依照本法第三十六条规定向劳动者提出解除劳动合同并与劳动者协商一致解除劳动合同的；\n（三）用人单位依照本法第四十条规定解除劳动合同的；\n（四）用人单位依照本法第四十一条第一款规定解除劳动合同的；\n（五）除用人单位维持或者提高劳动合同约定条件续订劳动合同，劳动者不同意续订的情形外，依照本法第四十四条第一项规定终止固定期限劳动合同的；\n（六）依照本法第四十四条第四项、第五项规定终止劳动合同的；\n（七）法律、行政法规规定的其他情形。','2026-04-12 23:53:22'),('law_contract_47','中华人民共和国劳动合同法','第四十七条','经济补偿的计算标准','经济补偿按劳动者在本单位工作的年限，每满一年支付一个月工资的标准向劳动者支付。六个月以上不满一年的，按一年计算；不满六个月的，向劳动者支付半个月工资的经济补偿。\n劳动者月工资高于用人单位所在直辖市、设区的市级人民政府公布的本地区上年度职工月平均工资三倍的，向其支付经济补偿的标准按职工月平均工资三倍的数额支付，向其支付经济补偿的年限最高不超过十二年。\n本条所称月工资是指劳动者在劳动合同解除或者终止前十二个月的平均工资。','2026-04-12 23:53:22'),('law_contract_48','中华人民共和国劳动合同法','第四十八条','违法解除或终止劳动合同的后果','用人单位违反本法规定解除或者终止劳动合同，劳动者要求继续履行劳动合同的，用人单位应当继续履行；劳动者不要求继续履行劳动合同或者劳动合同已经不能继续履行的，用人单位应当依照本法第八十七条规定支付赔偿金。','2026-04-12 23:53:20'),('law_contract_82','中华人民共和国劳动合同法','第八十二条','未订立书面劳动合同的二倍工资','用人单位自用工之日起超过一个月不满一年未与劳动者订立书面劳动合同的，应当向劳动者每月支付二倍的工资。\n用人单位违反本法规定不与劳动者订立无固定期限劳动合同的，自应当订立无固定期限劳动合同之日起向劳动者每月支付二倍的工资。','2026-04-12 23:53:20'),('law_contract_85','中华人民共和国劳动合同法','第八十五条','劳动报酬等逾期支付的行政处理与加付赔偿金','用人单位有下列情形之一的，由劳动行政部门责令限期支付劳动报酬、加班费或者经济补偿；劳动报酬低于当地最低工资标准的，应当支付其差额部分；逾期不支付的，责令用人单位按应付金额百分之五十以上百分之一百以下的标准向劳动者加付赔偿金：\n（一）未按照劳动合同的约定或者国家规定及时足额支付劳动者劳动报酬的；\n（二）低于当地最低工资标准支付劳动者工资的；\n（三）安排加班不支付加班费的；\n（四）解除或者终止劳动合同，未依照本法规定向劳动者支付经济补偿的。','2026-04-12 23:53:20'),('law_contract_87','中华人民共和国劳动合同法','第八十七条','违法解除或终止劳动合同的赔偿金','用人单位违反本法规定解除或者终止劳动合同的，应当依照本法第四十七条规定的经济补偿标准的二倍向劳动者支付赔偿金。','2026-04-12 23:53:20'),('law_injury_14','工伤保险条例（2010年修订）','第十四条','应当认定为工伤的情形','职工有下列情形之一的，应当认定为工伤：\n（一）在工作时间和工作场所内，因工作原因受到事故伤害的；\n（二）工作时间前后在工作场所内，从事与工作有关的预备性或者收尾性工作受到事故伤害的；\n（三）在工作时间和工作场所内，因履行工作职责受到暴力等意外伤害的；\n（四）患职业病的；\n（五）因工外出期间，由于工作原因受到伤害或者发生事故下落不明的；\n（六）在上下班途中，受到非本人主要责任的交通事故或者城市轨道交通、客运轮渡、火车事故伤害的；\n（七）法律、行政法规规定应当认定为工伤的其他情形。','2026-04-12 23:53:20'),('law_injury_17','工伤保险条例（2010年修订）','第十七条','工伤认定申请时限与责任','职工发生事故伤害或者按照职业病防治法规定被诊断、鉴定为职业病，所在单位应当自事故伤害发生之日或者被诊断、鉴定为职业病之日起30日内，向统筹地区社会保险行政部门提出工伤认定申请。遇有特殊情况，经报社会保险行政部门同意，申请时限可以适当延长。\n用人单位未按前款规定提出工伤认定申请的，工伤职工或者其近亲属、工会组织在事故伤害发生之日或者被诊断、鉴定为职业病之日起1年内，可以直接向用人单位所在地统筹地区社会保险行政部门提出工伤认定申请。\n按照本条第一款规定应当由省级社会保险行政部门进行工伤认定的事项，根据属地原则由用人单位所在地的设区的市级社会保险行政部门办理。\n用人单位未在本条第一款规定的时限内提交工伤认定申请，在此期间发生符合本条例规定的工伤待遇等有关费用由该用人单位负担。','2026-04-12 23:53:22'),('law_injury_30','工伤保险条例（2010年修订）','第三十条','工伤医疗待遇','职工因工作遭受事故伤害或者患职业病进行治疗，享受工伤医疗待遇。\n职工治疗工伤应当在签订服务协议的医疗机构就医，情况紧急时可以先到就近的医疗机构急救。\n治疗工伤所需费用符合工伤保险诊疗项目目录、工伤保险药品目录、工伤保险住院服务标准的，从工伤保险基金支付。工伤保险诊疗项目目录、工伤保险药品目录、工伤保险住院服务标准，由国务院社会保险行政部门会同国务院卫生行政部门、食品药品监督管理部门等部门规定。\n职工住院治疗工伤的伙食补助费，以及经医疗机构出具证明，报经办机构同意，工伤职工到统筹地区以外就医所需的交通、食宿费用从工伤保险基金支付，基金支付的具体标准由统筹地区人民政府规定。\n工伤职工治疗非工伤引发的疾病，不享受工伤医疗待遇，按照基本医疗保险办法处理。\n工伤职工到签订服务协议的医疗机构进行工伤康复的费用，符合规定的，从工伤保险基金支付。','2026-04-12 23:53:20'),('law_injury_33','工伤保险条例（2010年修订）','第三十三条','停工留薪期待遇','职工因工作遭受事故伤害或者患职业病需要暂停工作接受工伤医疗的，在停工留薪期内，原工资福利待遇不变，由所在单位按月支付。\n停工留薪期一般不超过12个月。伤情严重或者情况特殊，经设区的市级劳动能力鉴定委员会确认，可以适当延长，但延长不得超过12个月。工伤职工评定伤残等级后，停发原待遇，按照本章的有关规定享受伤残待遇。工伤职工在停工留薪期满后仍需治疗的，继续享受工伤医疗待遇。\n生活不能自理的工伤职工在停工留薪期需要护理的，由所在单位负责。','2026-04-12 23:53:20'),('law_injury_35','工伤保险条例（2010年修订）','第三十五条','一级至四级伤残的工伤保险待遇','职工因工致残被鉴定为一级至四级伤残的，保留劳动关系，退出工作岗位，享受以下待遇：\n（一）从工伤保险基金按伤残等级支付一次性伤残补助金，标准为：一级伤残为27个月的本人工资，二级伤残为25个月的本人工资，三级伤残为23个月的本人工资，四级伤残为21个月的本人工资；\n（二）从工伤保险基金按月支付伤残津贴，标准为：一级伤残为本人工资的90%，二级伤残为本人工资的85%，三级伤残为本人工资的80%，四级伤残为本人工资的75%。伤残津贴实际金额低于当地最低工资标准的，由工伤保险基金补足差额；\n（三）工伤职工达到退休年龄并办理退休手续后，停发伤残津贴，按照国家有关规定享受基本养老保险待遇。基本养老保险待遇低于伤残津贴的，由工伤保险基金补足差额。\n（四）由用人单位和职工个人以伤残津贴为基数，缴纳基本医疗保险费。','2026-04-12 23:53:22'),('law_injury_36','工伤保险条例（2010年修订）','第三十六条','五级至六级伤残的工伤保险待遇','职工因工致残被鉴定为五级、六级伤残的，享受以下待遇：\n（一）从工伤保险基金按伤残等级支付一次性伤残补助金，标准为：五级伤残为18个月的本人工资，六级伤残为16个月的本人工资；\n（二）保留与用人单位的劳动关系，由用人单位安排适当工作。难以安排工作的，由用人单位按月发给伤残津贴，标准为：五级伤残为本人工资的70%，六级伤残为本人工资的60%，并由用人单位按照规定为其缴纳应缴纳的各项社会保险费。伤残津贴实际金额低于当地最低工资标准的，由用人单位补足差额。\n经工伤职工本人提出，该职工可以与用人单位解除或者终止劳动关系，由工伤保险基金支付一次性工伤医疗补助金，由用人单位支付一次性伤残就业补助金。一次性工伤医疗补助金和一次性伤残就业补助金的具体标准由省、自治区、直辖市人民政府规定。','2026-04-12 23:53:22'),('law_injury_37','工伤保险条例（2010年修订）','第三十七条','七级至十级伤残的工伤保险待遇','职工因工致残被鉴定为七级至十级伤残的，享受以下待遇：\n（一）从工伤保险基金按伤残等级支付一次性伤残补助金，标准为：七级伤残为13个月的本人工资，八级伤残为11个月的本人工资，九级伤残为9个月的本人工资，十级伤残为7个月的本人工资；\n（二）劳动、聘用合同期满终止，或者职工本人提出解除劳动、聘用合同的，由工伤保险基金支付一次性工伤医疗补助金，由用人单位支付一次性伤残就业补助金。一次性工伤医疗补助金和一次性伤残就业补助金的具体标准由省、自治区、直辖市人民政府规定。','2026-04-12 23:53:20'),('law_jser_21','婚姻家庭编解释（二）','第二十一条','家务劳动补偿因素','人民法院在确定家务劳动补偿数额时，应当综合考虑一方负担家务劳动的内容和时间、双方的经济状况、当地一般生活水平等因素。','2026-03-31 17:27:26'),('law_jser_5','婚姻家庭编解释（二）','第五条','短婚赠与可撤销','婚姻关系存续期间，夫妻一方将个人所有的房屋赠与另一方或约定为共有，赠与方在赠与房产变更登记后反悔，请求分割或撤销的，人民法院应综合考虑婚姻存续时间、是否实际共同生活、离婚过错、赠与房产在双方婚姻中的作用等因素，判决赠与方是否有权撤销赠与或请求重新分割。','2026-03-31 17:27:26'),('law_jser_8','婚姻家庭编解释（二）','第八条','父母婚后出资新规','婚姻关系存续期间，一方父母全额出资为夫妻购置房屋，没有约定或者约定不明确的，原则上应认定为对夫妻双方的赠与，但父母明确表示赠与自己子女个人的除外。一方父母部分出资为夫妻购置房屋，夫妻双方以共同财产支付其余房款的，除当事人另有约定外，该房屋为夫妻共同财产，对父母的出资份额可参照相关规定处理。','2026-03-31 17:27:26'),('law_jshj_5','最高人民法院关于适用《中华人民共和国民法典》婚姻家庭编的解释（一）（法释〔2020〕22号）','第五条','彩礼返还的法定情形','当事人请求返还按照习俗给付的彩礼的，如果查明属于以下情形，人民法院应当予以支持：\n（一）双方未办理结婚登记手续；\n（二）双方办理结婚登记手续但确未共同生活；\n（三）婚前给付并导致给付人生活困难。\n适用前款第二项、第三项的规定，应当以双方离婚为条件。','2026-04-12 23:53:20'),('law_jsyi_25','婚姻家庭编解释（一）','第二十五条','婚前个人财产婚后收益','婚姻关系存续期间，一方以个人财产投资取得的收益，该收益为夫妻共同财产。','2026-03-31 17:27:26'),('law_jsyi_26','婚姻家庭编解释（一）','第二十六条','个人财产自然增值','夫妻一方个人财产在婚后产生的收益，除孳息和自然增值外，应认定为夫妻共同财产。','2026-03-31 17:27:26'),('law_jsyi_27','婚姻家庭编解释（一）','第二十七条','婚前承租公房','婚前由一方承租、婚后用共同财产购买的房屋，虽房屋权属证书登记在一方名下，但应认定为夫妻共同财产。','2026-03-31 17:27:26'),('law_jsyi_29','婚姻家庭编解释（一）','第二十九条','父母出资购房','当事人结婚前，父母为双方购置房屋出资的，该出资应当认定为对自己子女个人的赠与，但父母明确表示赠与双方的除外。当事人结婚后，父母为双方购置房屋出资的，依照约定处理；没有约定或者约定不明确的，按照民法典第一千零六十二条第一款第四项规定的原则处理。','2026-03-31 17:27:26'),('law_jsyi_32','婚姻家庭编解释（一）','第三十二条','夫妻间赠与撤销','婚前或者婚姻关系存续期间，当事人约定将一方所有的房产赠与另一方或者共有，赠与方在赠与房产变更登记之前撤销赠与，另一方请求判令继续履行的，人民法院可以按照民法典第六百五十八条的规定处理。','2026-03-31 17:27:26'),('law_jsyi_5','最高人民法院关于适用《中华人民共和国民法典》婚姻家庭编的解释（一）（法释〔2020〕22号）','第五条','彩礼返还的法定情形','当事人请求返还按照习俗给付的彩礼的，如果查明属于以下情形，人民法院应当予以支持：\n（一）双方未办理结婚登记手续；\n（二）双方办理结婚登记手续但确未共同生活；\n（三）婚前给付并导致给付人生活困难。\n适用前款第二项、第三项的规定，应当以双方离婚为条件。','2026-04-12 23:53:20'),('law_jsyi_69','最高人民法院关于适用《中华人民共和国民法典》婚姻家庭编的解释（一）（法释〔2020〕22号）','第六十九条','附协议离婚条件的财产债务处理协议效力','当事人达成的以协议离婚或者到人民法院调解离婚为条件的财产以及债务处理协议，如果双方离婚未成，一方在离婚诉讼中反悔的，人民法院应当认定该财产以及债务处理协议没有生效，并根据实际情况依照民法典第一千零八十七条和第一千零八十九条的规定判决。','2026-04-12 23:53:22'),('law_jsyi_76','婚姻家庭编解释（一）','第七十六条','房屋处置方式','双方对夫妻共同财产中的房屋价值及归属无法达成协议时，人民法院按以下情形分别处理：双方均主张房屋所有权并且同意竞价取得的，应当准许；一方主张房屋所有权的，由评估机构按市场价格对房屋作出评估，取得房屋所有权的一方应当给予另一方相应的补偿；双方均不主张房屋所有权的，根据当事人的申请拍卖、变卖房屋，就所得价款进行分割。','2026-03-31 17:27:26'),('law_jsyi_78','婚姻家庭编解释（一）','第七十八条','婚前按揭房分割','夫妻一方婚前签订不动产买卖合同，以个人财产支付首付款并在银行贷款，婚后用夫妻共同财产还贷，不动产登记于首付款支付方名下的，离婚时该不动产由双方协议处理。协议不成的，人民法院可以判决该不动产归登记一方，尚未归还的贷款为不动产登记一方的个人债务。双方婚后共同还贷支付的款项及其相对应财产增值部分，离婚时应根据民法典第一千零八十七条第一款规定的原则，由不动产登记一方对另一方进行补偿。','2026-03-31 17:27:26'),('law_jsyi_79','婚姻家庭编解释（一）','第七十九条','房改房父母名下','婚姻关系存续期间，双方用夫妻共同财产出资购买以一方父母名义参加房改的房屋，登记在一方父母名下，离婚时另一方主张按照夫妻共同财产对该房屋进行分割的，人民法院不予支持。购买该房屋时的出资，可以作为债权处理。','2026-03-31 17:27:26'),('law_jsyi_83','最高人民法院关于适用《中华人民共和国民法典》婚姻家庭编的解释（一）（法释〔2020〕22号）','第八十三条','离婚后请求分割离婚时未涉及夫妻共同财产','离婚后，一方以尚有夫妻共同财产未处理为由向人民法院起诉请求分割的，经审查该财产确属离婚时未涉及的夫妻共同财产，人民法院应当依法予以分割。','2026-04-12 23:53:20'),('law_jsyi_84','最高人民法院关于适用《中华人民共和国民法典》婚姻家庭编的解释（一）（法释〔2020〕22号）','第八十四条','依据第一千零九十二条再次分割财产的诉讼时效','当事人依据民法典第一千零九十二条的规定向人民法院提起诉讼，请求再次分割夫妻共同财产的诉讼时效期间为三年，从当事人发现之日起计算。','2026-04-12 23:53:22'),('law_labor_44','中华人民共和国劳动法','第四十四条','加班工资支付标准','有下列情形之一的，用人单位应当按照下列标准支付高于劳动者正常工作时间工资的工资报酬：\n（一）安排劳动者延长工作时间的，支付不低于工资的百分之一百五十的工资报酬；\n（二）休息日安排劳动者工作又不能安排补休的，支付不低于工资的百分之二百的工资报酬；\n（三）法定休假日安排劳动者工作的，支付不低于工资的百分之三百的工资报酬。','2026-04-12 23:53:20'),('law_labor_50','中华人民共和国劳动法','第五十条','工资应当以货币形式按月支付','工资应当以货币形式按月支付给劳动者本人。不得克扣或者无故拖欠劳动者的工资。','2026-04-12 23:53:20'),('law_labor_arbitration_2','中华人民共和国劳动争议调解仲裁法','第二条','适用范围','中华人民共和国境内的用人单位与劳动者发生的下列劳动争议，适用本法：\n（一）因确认劳动关系发生的争议；\n（二）因订立、履行、变更、解除和终止劳动合同发生的争议；\n（三）因除名、辞退和辞职、离职发生的争议；\n（四）因工作时间、休息休假、社会保险、福利、培训以及劳动保护发生的争议；\n（五）因劳动报酬、工伤医疗费、经济补偿或者赔偿金等发生的争议；\n（六）法律、法规规定的其他劳动争议。','2026-04-12 23:53:22'),('law_labor_arbitration_27','中华人民共和国劳动争议调解仲裁法','第二十七条','申请仲裁的时效','劳动争议申请仲裁的时效期间为一年。仲裁时效期间从当事人知道或者应当知道其权利被侵害之日起计算。\n前款规定的仲裁时效，因当事人一方向对方当事人主张权利，或者向有关部门请求权利救济，或者对方当事人同意履行义务而中断。从中断时起，仲裁时效期间重新计算。\n因不可抗力或者有其他正当理由，当事人不能在本条第一款规定的仲裁时效期间申请仲裁的，仲裁时效中止。从中止时效的原因消除之日起，仲裁时效期间继续计算。\n劳动关系存续期间因拖欠劳动报酬发生争议的，劳动者申请仲裁不受本条第一款规定的仲裁时效期间的限制；但是，劳动关系终止的，应当自劳动关系终止之日起一年内提出。','2026-04-12 23:53:22'),('law_labor_arbitration_5','中华人民共和国劳动争议调解仲裁法','第五条','劳动争议处理的基本方式','发生劳动争议，当事人不愿协商、协商不成或者达成和解协议后不履行的，可以向调解组织申请调解；不愿调解、调解不成或者达成调解协议后不履行的，可以向劳动争议仲裁委员会申请仲裁；对仲裁裁决不服的，除本法另有规定的外，可以向人民法院提起诉讼。','2026-04-12 23:53:22'),('law_reg_16','工资支付暂行规定（劳部发〔1994〕489号）','第十八条','劳动行政部门对克扣、无故拖欠工资等的监察处理','各级劳动行政部门有权监察用人单位工资支付的情况。用人单位有下列侵害劳动者合法权益行为的，由劳动行政部门责令其支付劳动者工资和经济补偿，并可责令其支付赔偿金：\n（一）克扣或者无故拖欠劳动者工资的；\n（二）拒不支付劳动者延长工作时间工资报酬的；\n（三）低于当地最低工资标准支付劳动者工资的。\n经济补偿和赔偿金的标准，按国家有关规定执行。','2026-04-12 23:53:20'),('law_sf_hzlj_2024_2','最高人民法院关于审理涉彩礼纠纷案件适用法律若干问题的规定（法释〔2024〕1号）','第二条','禁止借婚姻索取财物','禁止借婚姻索取财物。一方以彩礼为名借婚姻索取财物，另一方要求返还的，人民法院应予支持。','2026-04-12 23:53:20'),('law_sf_hzlj_2024_3','最高人民法院关于审理涉彩礼纠纷案件适用法律若干问题的规定（法释〔2024〕1号）','第三条','彩礼范围的认定','人民法院在审理涉彩礼纠纷案件中，可以根据一方给付财物的目的，综合考虑双方当地习俗、给付的时间和方式、财物价值、给付人及接收人等事实，认定彩礼范围。\n下列情形给付的财物，不属于彩礼：\n（一）一方在节日、生日等有特殊纪念意义时点给付的价值不大的礼物、礼金；\n（二）一方为表达或者增进感情的日常消费性支出；\n（三）其他价值不大的财物。','2026-04-12 23:53:20'),('law_sf_hzlj_2024_5','最高人民法院关于审理涉彩礼纠纷案件适用法律若干问题的规定（法释〔2024〕1号）','第五条','已结婚登记并共同生活情形下彩礼是否返还','双方已办理结婚登记且共同生活，离婚时一方请求返还按照习俗给付的彩礼的，人民法院一般不予支持。但是，如果共同生活时间较短且彩礼数额过高的，人民法院可以根据彩礼实际使用及嫁妆情况，综合考虑彩礼数额、共同生活及孕育情况、双方过错等事实，结合当地习俗，确定是否返还以及返还的具体比例。\n人民法院认定彩礼数额是否过高，应当综合考虑彩礼给付方所在地居民人均可支配收入、给付方家庭经济情况以及当地习俗等因素。','2026-04-12 23:53:20'),('law_sf_hzlj_2024_6','最高人民法院关于审理涉彩礼纠纷案件适用法律若干问题的规定（法释〔2024〕1号）','第六条','未结婚登记但已共同生活情形下彩礼是否返还','双方未办理结婚登记但已共同生活，一方请求返还按照习俗给付的彩礼的，人民法院应当根据彩礼实际使用及嫁妆情况，综合考虑共同生活及孕育情况、双方过错等事实，结合当地习俗，确定是否返还以及返还的具体比例。','2026-04-12 23:53:20');
/*!40000 ALTER TABLE `rule_law` ENABLE KEYS */;
UNLOCK TABLES;

--
-- Table structure for table `rule_question`
--

DROP TABLE IF EXISTS `rule_question`;
/*!40101 SET @saved_cs_client     = @@character_set_client */;
/*!50503 SET character_set_client = utf8mb4 */;
CREATE TABLE `rule_question` (
  `id` bigint NOT NULL AUTO_INCREMENT,
  `questionnaire_id` varchar(64) COLLATE utf8mb4_unicode_ci NOT NULL,
  `group_key` varchar(64) COLLATE utf8mb4_unicode_ci NOT NULL,
  `question_key` varchar(128) COLLATE utf8mb4_unicode_ci NOT NULL,
  `answer_key` varchar(128) COLLATE utf8mb4_unicode_ci NOT NULL,
  `label` varchar(255) COLLATE utf8mb4_unicode_ci NOT NULL,
  `hint` text COLLATE utf8mb4_unicode_ci,
  `input_type` varchar(32) COLLATE utf8mb4_unicode_ci NOT NULL,
  `required` tinyint NOT NULL DEFAULT '0',
  `question_order` int NOT NULL DEFAULT '0',
  `enabled` tinyint NOT NULL DEFAULT '1',
  `updated_at` datetime NOT NULL DEFAULT CURRENT_TIMESTAMP ON UPDATE CURRENT_TIMESTAMP,
  `unit` varchar(64) COLLATE utf8mb4_unicode_ci DEFAULT NULL,
  PRIMARY KEY (`id`),
  UNIQUE KEY `uk_questionnaire_questionkey` (`questionnaire_id`,`question_key`),
  KEY `idx_questionnaire_group` (`questionnaire_id`,`group_key`)
) ENGINE=InnoDB AUTO_INCREMENT=836 DEFAULT CHARSET=utf8mb4 COLLATE=utf8mb4_unicode_ci;
/*!40101 SET character_set_client = @saved_cs_client */;

--
-- Dumping data for table `rule_question`
--

LOCK TABLES `rule_question` WRITE;
/*!40000 ALTER TABLE `rule_question` DISABLE KEYS */;
INSERT INTO `rule_question` VALUES (1,'questionnaire_divorce_property_split','G0','存在合法婚姻关系','存在合法婚姻关系','双方是否依法办理了结婚登记，存在合法婚姻关系？','须持有结婚证或可查询到有效的婚姻登记记录。','boolean',1,0,1,'2026-03-31 17:25:07',NULL),(2,'questionnaire_divorce_property_split','G0','婚姻关系已经解除或正在解除','婚姻关系已经解除或正在解除','双方是否已经离婚或正在进行离婚诉讼？','包括协议离婚（已领取离婚证）或已向法院提起离婚诉讼。','boolean',1,1,1,'2026-03-31 17:25:07',NULL),(3,'questionnaire_divorce_property_split','G0','存在房产分割争议','存在房产分割争议','双方是否就房屋的归属或价值分割存在争议？','如有一方认为房产应归自己，另一方不同意；或双方对房产价值认定不一致。','boolean',1,2,1,'2026-03-31 17:25:07',NULL),(4,'questionnaire_divorce_property_split','G1','房产购置时间','房产购置时间','该房产是在婚前还是婚后购置的？','以签订购房合同的日期为准，对比结婚登记日期。','choice',1,0,1,'2026-03-31 17:25:07',NULL),(5,'questionnaire_divorce_property_split','G1','房产出资主体','房产出资主体','房产购置的出资主体是谁？','指实际支付房款的人。','choice',1,1,1,'2026-03-31 17:25:07',NULL),(6,'questionnaire_divorce_property_split','G1','房产出资性质','房产出资性质','购房的付款方式是什么？','全款指一次性付清全部房款；按揭指支付首付后银行贷款。','choice',1,2,1,'2026-03-31 17:25:07',NULL),(7,'questionnaire_divorce_property_split','G1','产权登记主体','产权登记主体','房产证（不动产权证）上登记的是谁的名字？','以不动产权证书上记载的权利人为准。','choice',1,3,1,'2026-03-31 17:25:07',NULL),(8,'questionnaire_divorce_property_split','G1','婚后共同还贷','婚后共同还贷','婚后是否使用夫妻共同财产偿还过房贷？','夫妻共同财产包括婚后工资、奖金、经营收益等，也包括住房公积金、住房补贴。','boolean',0,4,1,'2026-03-31 17:25:07',NULL),(9,'questionnaire_divorce_property_split','G1','房产增值类型','房产增值类型','该房产在婚姻存续期间是否存在增值？增值原因是什么？','自然增值指因市场行情上涨带来的增值；投资收益指因装修翻新、出租经营等主动行为带来的增值。','choice',0,5,1,'2026-03-31 17:25:07',NULL),(10,'questionnaire_divorce_property_split','G2','签订离婚协议','签订离婚协议','双方是否签订了合法有效的离婚协议？','离婚协议需双方自愿签订，且内容不违反法律强制性规定。','boolean',0,0,1,'2026-03-31 17:25:07',NULL),(11,'questionnaire_divorce_property_split','G2','协议约定房产分割','协议约定房产分割','离婚协议中是否明确约定了房产的分割方案？','如协议中明确写明房产归谁所有、如何补偿等。','boolean',0,1,1,'2026-03-31 17:25:07',NULL),(12,'questionnaire_divorce_property_split','G2','存在房产赠与约定','存在房产赠与约定','夫妻之间是否存在房产赠与（加名/过户）的约定或承诺？','例如：一方承诺将个人名下房产加上配偶名字，或赠与给配偶。','boolean',0,2,1,'2026-03-31 17:25:07',NULL),(13,'questionnaire_divorce_property_split','G2','赠与完成过户','赠与完成过户','房产赠与是否已经完成了不动产权变更登记（过户）？','以不动产登记中心的变更登记手续是否办理完毕为准。','choice',0,3,1,'2026-03-31 17:25:07',NULL),(14,'questionnaire_divorce_property_split','G2','赠与房产认定为彩礼','赠与房产认定为彩礼','该赠与的房产是否可能被认定为彩礼性质？','判断标准：以缔结婚姻为目的、符合当地彩礼习俗、价值较大且无偿转移、在婚约缔结前后给付。','boolean',0,4,1,'2026-03-31 17:25:07',NULL),(15,'questionnaire_divorce_property_split','G2','双方已办结婚登记','双方已办结婚登记','给付彩礼后双方是否已办理了结婚登记？','仅在房产被认定为彩礼性质时需要回答。','boolean',0,5,1,'2026-03-31 17:25:07',NULL),(16,'questionnaire_divorce_property_split','G2','登记后共同生活','登记后共同生活','办理结婚登记后双方是否实际共同生活？','共同生活指双方以夫妻名义共同居住、共同承担生活开支。','boolean',0,6,1,'2026-03-31 17:25:07',NULL),(17,'questionnaire_divorce_property_split','G2','婚前给付导致生活困难','婚前给付导致生活困难','婚前给付房产（彩礼）是否导致给付方生活困难？','生活困难指依靠个人财产和离婚时分得的财产无法维持当地基本生活水平。','boolean',0,7,1,'2026-03-31 17:25:07',NULL),(18,'questionnaire_divorce_property_split','G2','存在赠与撤销法定情形','存在赠与撤销法定情形','是否存在可以撤销赠与的法定情形？','法定情形包括：受赠人严重侵害赠与人或其近亲属权益；受赠人对赠与人有扶养义务而不履行；受赠人不履行赠与合同约定的义务。','boolean',0,8,1,'2026-03-31 17:25:07',NULL),(19,'questionnaire_divorce_property_split','G3','父母出资时间','父母出资时间','父母出资购房是在子女婚前还是婚后？','以父母实际支付房款的时间为准，对比子女结婚登记日期。','choice',0,0,1,'2026-03-31 17:25:07',NULL),(20,'questionnaire_divorce_property_split','G3','父母出资比例','父母出资比例','父母出资占购房总价的比例？','全额出资指父母支付了全部房款；部分出资指父母仅支付首付或部分房款。','choice',0,1,1,'2026-03-31 17:25:07',NULL),(21,'questionnaire_divorce_property_split','G3','存在书面赠与合同','存在书面赠与合同','父母出资时是否签订了书面赠与合同？','书面赠与合同可明确赠与对象和条件。','boolean',0,2,1,'2026-03-31 17:25:07',NULL),(22,'questionnaire_divorce_property_split','G3','赠与合同归己方子女','赠与合同归己方子女','赠与合同中是否明确只归己方子女个人所有？','需要合同中有明确的文字表述，如\'赠与给我儿子/女儿个人\'。','boolean',0,3,1,'2026-03-31 17:25:07',NULL),(23,'questionnaire_divorce_property_split','G3','赠与合同赠与双方','赠与合同赠与双方','赠与合同中是否明确赠与夫妻双方？','如合同写明\'赠与给儿子和儿媳共同\'。','boolean',0,4,1,'2026-03-31 17:26:08',NULL),(24,'questionnaire_divorce_property_split','G4','婚姻存续时长','婚姻存续时长','婚姻关系存续了多长时间（月）？','从结婚登记之日起算到提起离婚之日。','number',0,0,1,'2026-03-31 17:26:08','个月'),(25,'questionnaire_divorce_property_split','G4','存在过错情形','存在过错情形','一方是否存在以下过错情形？','如有多项请选择最严重的一项。','choice',0,1,1,'2026-03-31 17:26:08',NULL),(26,'questionnaire_divorce_property_split','G4','过错有充分证据','过错有充分证据','上述过错情形是否有充分证据证明？','如报警记录、伤情鉴定、通话录音、微信聊天记录、银行转账记录等。','boolean',0,2,1,'2026-03-31 17:26:08',NULL),(27,'questionnaire_divorce_property_split','G4','主张方为无过错方','主张方为无过错方','提出房产分割主张的一方是否为无过错方？','即要求分割房产的人不是实施过错行为的人。','boolean',0,3,1,'2026-03-31 17:26:08',NULL),(28,'questionnaire_divorce_property_split','G4','存在财产处置不当行为','存在财产处置不当行为','一方是否存在隐藏、转移、变卖、毁损、挥霍夫妻共同财产或伪造债务的行为？','如私自转移房产、变卖后隐匿款项、恶意挥霍大额支出等。','boolean',0,4,1,'2026-03-31 17:26:08',NULL),(29,'questionnaire_divorce_property_split','G4','存在家务劳动超额负担','存在家务劳动超额负担','一方是否因抚育子女、照料老人、协助另一方工作等负担了较多义务？','包括全职照顾家庭、长期独自抚养子女、照顾患病老人等。','boolean',0,5,1,'2026-03-31 17:26:08',NULL),(30,'questionnaire_divorce_property_split','G4','无过错方丧失居住权','无过错方丧失居住权','无过错方是否因对方的过错行为而丧失了房产的居住权？','例如被家暴方赶出家门、无法返回共同住所等。','boolean',0,6,1,'2026-03-31 17:26:08',NULL),(31,'questionnaire_divorce_property_split','G5','婚前承租婚后购买公房','婚前承租婚后购买公房','该房产是否属于婚前由一方承租、婚后以夫妻共同财产购买的公房？','公房指单位分配的公有住房，后通过房改等方式购买产权。','boolean',0,0,1,'2026-03-31 17:26:08',NULL),(32,'questionnaire_divorce_property_split','G5','父母名义房改房','父母名义房改房','该房产是否以一方父母名义参加房改购买、登记在父母名下？','房改房指通过住房制度改革以优惠价格购买的原公有住房。','boolean',0,1,1,'2026-03-31 17:26:08',NULL),(33,'questionnaire_divorce_property_split','G6','双方对房屋价值归属无法协议','双方对房屋价值归属无法协议','双方是否无法就房屋的价值或归属达成一致意见？','如双方都想要房子，或对房屋价值认定差异很大。','boolean',0,0,1,'2026-03-31 17:26:08',NULL),(34,'questionnaire_divorce_property_split','G6','房屋处置意愿','房屋处置意愿','双方对房屋的处置意愿如何？','如果双方已达成协议则不需要回答此题。','choice',0,1,1,'2026-03-31 17:26:08',NULL),(35,'questionnaire_labor_unpaid_wages','LW0','存在劳动关系','存在劳动关系','你与单位之间是否存在劳动关系？',NULL,'boolean',1,1,1,'2026-04-07 19:21:32',NULL),(36,'questionnaire_labor_unpaid_wages','LW0','已提供劳动','已提供劳动','你是否已经实际提供劳动？',NULL,'boolean',1,2,1,'2026-04-07 19:21:32',NULL),(37,'questionnaire_labor_unpaid_wages','LW0','存在欠薪','存在欠薪','单位是否存在拖欠工资的情形？',NULL,'boolean',1,3,1,'2026-04-07 19:21:32',NULL),(38,'questionnaire_labor_unpaid_wages','LW1','入职时间已明确','入职时间已明确','你的入职时间是否可以明确到年月？',NULL,'boolean',0,1,1,'2026-04-07 19:21:32',NULL),(39,'questionnaire_labor_unpaid_wages','LW1','离职时间已明确','离职时间已明确','如已离职，离职时间是否可以明确到年月？',NULL,'boolean',0,2,1,'2026-04-07 19:21:32',NULL),(40,'questionnaire_labor_unpaid_wages','LW1','欠薪金额','欠薪金额','拖欠工资金额大约是多少？',NULL,'number',0,3,1,'2026-04-07 19:21:32','元'),(41,'questionnaire_labor_unpaid_wages','LW1','欠薪时长','欠薪时长','拖欠工资已持续多久？',NULL,'number',0,4,1,'2026-04-07 19:21:32','个月'),(42,'questionnaire_labor_unpaid_wages','LW1','有工资约定依据','有工资约定依据','是否有劳动合同/工资条等工资约定依据？',NULL,'boolean',0,5,1,'2026-04-07 19:21:32',NULL),(43,'questionnaire_labor_unpaid_wages','LW1','有考勤或工作记录','有考勤或工作记录','是否有考勤记录、工作群记录、工作成果等劳动证据？',NULL,'boolean',0,6,1,'2026-04-07 19:21:32',NULL),(44,'questionnaire_labor_unpaid_wages','LW1','有工资支付记录','有工资支付记录','是否有银行流水/工资发放记录？',NULL,'boolean',0,7,1,'2026-04-07 19:21:32',NULL),(45,'questionnaire_labor_unpaid_wages','LW1','有催要工资记录','有催要工资记录','是否有催要工资的聊天记录/短信/录音？',NULL,'boolean',0,8,1,'2026-04-07 19:21:32',NULL),(46,'questionnaire_labor_unpaid_wages','LW1','单位书面承认欠薪','单位书面承认欠薪','单位是否有书面承认欠薪的材料？',NULL,'boolean',0,9,1,'2026-04-07 19:21:32',NULL),(47,'questionnaire_labor_unpaid_wages','LW1','有明确工资周期约定','有明确工资周期约定','是否有明确工资发放周期约定（按月/按周）？',NULL,'boolean',0,10,1,'2026-04-07 19:21:32',NULL),(48,'questionnaire_labor_unpaid_wages','LW2','主张加班费','主张加班费','你是否希望一并主张加班费？',NULL,'boolean',0,1,1,'2026-04-07 19:21:32',NULL),(49,'questionnaire_labor_unpaid_wages','LW2','有加班事实证据','有加班事实证据','是否有加班记录（考勤、审批、聊天等）？',NULL,'boolean',0,2,1,'2026-04-07 19:21:32',NULL),(50,'questionnaire_labor_unpaid_wages','LW2','有加班工资约定依据','有加班工资约定依据','是否有加班工资计算依据（制度/约定）？',NULL,'boolean',0,3,1,'2026-04-07 19:21:32',NULL),(51,'questionnaire_labor_unpaid_wages','LW2','主张解除补偿','主张解除补偿','你是否希望主张解除劳动关系经济补偿？',NULL,'boolean',0,4,1,'2026-04-07 19:21:32',NULL),(52,'questionnaire_labor_unpaid_wages','LW2','解除原因偏向单位责任','解除原因偏向单位责任','解除劳动关系是否主要因单位未及时足额支付劳动报酬？',NULL,'boolean',0,5,1,'2026-04-07 19:21:32',NULL),(53,'questionnaire_labor_unpaid_wages','LW2','已向劳动监察投诉','已向劳动监察投诉','是否已向劳动监察部门投诉欠薪？',NULL,'boolean',0,6,1,'2026-04-07 19:21:32',NULL),(54,'questionnaire_labor_unpaid_wages','LW2','单位逾期仍未支付','单位逾期仍未支付','在催告或责令后单位是否逾期仍未支付？',NULL,'boolean',0,7,1,'2026-04-07 19:21:32',NULL),(55,'questionnaire_labor_no_contract','LN0','存在劳动关系','存在劳动关系','你与单位之间是否存在劳动关系？',NULL,'boolean',1,1,1,'2026-04-07 19:21:32',NULL),(56,'questionnaire_labor_no_contract','LN0','未签书面劳动合同','未签书面劳动合同','你是否未与单位签订书面劳动合同？',NULL,'boolean',1,2,1,'2026-04-07 19:21:32',NULL),(57,'questionnaire_labor_no_contract','LN1','入职月数','入职月数','从入职至今共工作了几个月？',NULL,'number',0,1,1,'2026-04-07 19:21:32','个月'),(58,'questionnaire_labor_no_contract','LN1','已补签劳动合同','已补签劳动合同','后续是否已经补签过劳动合同？',NULL,'boolean',0,2,1,'2026-04-07 19:21:32',NULL),(59,'questionnaire_labor_no_contract','LN1','有工资支付记录','有工资支付记录','是否有工资发放记录（转账、工资条等）？',NULL,'boolean',0,3,1,'2026-04-07 19:21:32',NULL),(60,'questionnaire_labor_no_contract','LN1','有工作管理证据','有工作管理证据','是否有考勤、工作安排、工牌等管理从属性证据？',NULL,'boolean',0,4,1,'2026-04-07 19:21:32',NULL),(61,'questionnaire_labor_no_contract','LN1','单位拒绝签合同','单位拒绝签合同','是否有单位拒绝签订书面合同的沟通记录？',NULL,'boolean',0,5,1,'2026-04-07 19:21:32',NULL),(62,'questionnaire_labor_no_contract','LN2','主张补签书面合同','主张补签书面合同','你是否主张补签书面劳动合同？',NULL,'boolean',0,1,1,'2026-04-07 19:21:32',NULL),(63,'questionnaire_labor_no_contract','LN2','主张无固定期限合同','主张无固定期限合同','你是否主张签订无固定期限劳动合同？',NULL,'boolean',0,2,1,'2026-04-07 19:21:32',NULL),(64,'questionnaire_labor_no_contract','LN2','满足无固定期限条件','满足无固定期限条件','你是否已满足无固定期限劳动合同法定条件？',NULL,'boolean',0,3,1,'2026-04-07 19:21:32',NULL),(65,'questionnaire_labor_illegal_termination','LT0','存在劳动关系','存在劳动关系','你与单位之间是否存在劳动关系？',NULL,'boolean',1,1,1,'2026-04-07 19:21:32',NULL),(66,'questionnaire_labor_illegal_termination','LT0','已被解除或辞退','已被解除或辞退','你是否已被解除劳动合同或辞退？',NULL,'boolean',1,2,1,'2026-04-07 19:21:32',NULL),(67,'questionnaire_labor_illegal_termination','LT1','有解除通知','有解除通知','单位是否向你发出过解除/辞退通知？',NULL,'boolean',0,1,1,'2026-04-07 19:21:32',NULL),(68,'questionnaire_labor_illegal_termination','LT1','解除通知为书面','解除通知为书面','该解除通知是否为书面形式？',NULL,'boolean',0,2,1,'2026-04-07 19:21:32',NULL),(69,'questionnaire_labor_illegal_termination','LT1','解除理由类型','解除理由类型','单位主张的解除理由属于哪一类？',NULL,'select',0,3,1,'2026-04-07 19:21:32',NULL),(70,'questionnaire_labor_illegal_termination','LT1','提前30日通知或支付代通知金','提前30日通知或支付代通知金','如属第40条情形，单位是否提前30日书面通知或支付代通知金？',NULL,'boolean',0,4,1,'2026-04-07 19:21:32',NULL),(71,'questionnaire_labor_illegal_termination','LT1','单位是否履行工会程序','单位是否履行工会程序','单位解除前是否履行通知工会等程序？',NULL,'boolean',0,5,1,'2026-04-07 19:21:32',NULL),(72,'questionnaire_labor_illegal_termination','LT1','规章制度已公示且合法','规章制度已公示且合法','单位依据的规章制度是否经过民主程序并已公示？',NULL,'boolean',0,6,1,'2026-04-07 19:21:32',NULL),(73,'questionnaire_labor_illegal_termination','LT2','处于特殊保护期','处于特殊保护期','解除时你是否处于医疗期/孕期/工伤停工留薪期等特殊保护期？',NULL,'boolean',0,1,1,'2026-04-07 19:21:32',NULL),(74,'questionnaire_labor_illegal_termination','LT2','单位有严重违纪证据','单位有严重违纪证据','单位是否能提供你严重违纪的明确证据？',NULL,'boolean',0,2,1,'2026-04-07 19:21:32',NULL),(75,'questionnaire_labor_illegal_termination','LT2','经济性裁员符合法定人数与报告程序','经济性裁员符合法定人数与报告程序','如属经济性裁员，单位是否满足法定人数与报告程序？',NULL,'boolean',0,3,1,'2026-04-07 19:21:32',NULL),(76,'questionnaire_labor_illegal_termination','LT2','主张继续履行劳动合同','主张继续履行劳动合同','你是否希望优先主张恢复劳动关系（继续履行劳动合同）？',NULL,'boolean',0,4,1,'2026-04-07 19:21:32',NULL),(77,'questionnaire_labor_illegal_termination','LT2','主张停工期间工资损失','主张停工期间工资损失','你是否主张停工期间工资损失（或等待恢复期间损失）？',NULL,'boolean',0,5,1,'2026-04-07 19:21:32',NULL),(78,'questionnaire_betrothal_property','BP1','存在彩礼给付','存在彩礼给付','是否存在彩礼给付？',NULL,'boolean',1,1,1,'2026-04-09 21:22:06',NULL),(79,'questionnaire_betrothal_property','BP1','未办理结婚登记','未办理结婚登记','双方是否未办理结婚登记？',NULL,'boolean',0,2,1,'2026-04-09 21:22:06',NULL),(80,'questionnaire_betrothal_property','BP1','已办理结婚登记','已办理结婚登记','双方是否已办理结婚登记？',NULL,'boolean',0,3,1,'2026-04-09 21:22:06',NULL),(81,'questionnaire_betrothal_property','BP2','已登记后共同生活','已登记后共同生活','登记后是否共同生活较长时间？',NULL,'boolean',0,1,1,'2026-04-09 21:22:06',NULL),(82,'questionnaire_betrothal_property','BP2','共同生活时间较短','共同生活时间较短','共同生活时间是否较短？',NULL,'boolean',0,2,1,'2026-04-09 21:22:06',NULL),(83,'questionnaire_betrothal_property','BP2','给付导致生活困难','给付导致生活困难','彩礼给付是否导致给付方生活困难？',NULL,'boolean',0,3,1,'2026-04-09 21:22:06',NULL),(84,'questionnaire_betrothal_property','BP2','对方存在重大过错','对方存在重大过错','对方是否存在重大过错？',NULL,'boolean',0,4,1,'2026-04-09 21:22:06',NULL),(85,'questionnaire_betrothal_property','BP2','存在法定返还情形','存在法定返还情形','是否存在彩礼返还法定情形？',NULL,'boolean',1,5,1,'2026-04-09 21:22:06',NULL),(86,'questionnaire_betrothal_property','BP2','彩礼金额','彩礼金额','彩礼金额约多少？',NULL,'number',0,6,1,'2026-04-09 21:22:06','元'),(87,'questionnaire_betrothal_property','BP2','共同生活月数','共同生活月数','共同生活约几个月？',NULL,'number',0,7,1,'2026-04-09 21:22:06','月'),(88,'questionnaire_betrothal_property','BP3','有彩礼转账凭证','有彩礼转账凭证','是否有彩礼转账凭证或收条？',NULL,'boolean',0,1,1,'2026-04-09 21:22:06',NULL),(89,'questionnaire_betrothal_property','BP3','有共同生活证据','有共同生活证据','是否有共同生活证据（租房、消费、同住）？',NULL,'boolean',0,2,1,'2026-04-09 21:22:06',NULL),(90,'questionnaire_betrothal_property','BP3','有困难证明材料','有困难证明材料','是否有生活困难证明材料？',NULL,'boolean',0,3,1,'2026-04-09 21:22:06',NULL),(91,'questionnaire_divorce_dispute','DG1','存在合法婚姻关系','存在合法婚姻关系','是否存在合法婚姻关系？',NULL,'boolean',1,1,1,'2026-04-09 21:22:06',NULL),(92,'questionnaire_divorce_dispute','DG1','感情确已破裂','感情确已破裂','是否存在感情确已破裂事实？',NULL,'boolean',1,2,1,'2026-04-09 21:22:06',NULL),(93,'questionnaire_divorce_dispute','DG1','分居满一年','分居满一年','是否存在分居满一年情形？',NULL,'boolean',0,3,1,'2026-04-09 21:22:06',NULL),(94,'questionnaire_divorce_dispute','DG1','存在调解意愿','存在调解意愿','是否仍存在调解意愿？',NULL,'boolean',0,4,1,'2026-04-09 21:22:06',NULL),(95,'questionnaire_divorce_dispute','DG2','涉及子女抚养','涉及子女抚养','是否涉及子女抚养问题？',NULL,'boolean',0,1,1,'2026-04-09 21:22:06',NULL),(96,'questionnaire_divorce_dispute','DG2','子女长期随一方生活','子女长期随一方生活','子女是否长期随一方生活？',NULL,'boolean',0,2,1,'2026-04-09 21:22:06',NULL),(97,'questionnaire_divorce_dispute','DG2','另一方存在不利抚养因素','另一方存在不利抚养因素','另一方是否存在不利抚养因素？',NULL,'boolean',0,3,1,'2026-04-09 21:22:06',NULL),(98,'questionnaire_divorce_dispute','DG2','涉及夫妻共同财产','涉及夫妻共同财产','是否涉及共同财产分割？',NULL,'boolean',0,4,1,'2026-04-09 21:22:06',NULL),(99,'questionnaire_divorce_dispute','DG2','共同财产范围清晰','共同财产范围清晰','共同财产范围是否清晰？',NULL,'boolean',0,5,1,'2026-04-09 21:22:06',NULL),(100,'questionnaire_divorce_dispute','DG2','存在共同债务','存在共同债务','是否存在夫妻共同债务？',NULL,'boolean',0,6,1,'2026-04-09 21:22:06',NULL),(101,'questionnaire_divorce_dispute','DG2','存在家庭暴力或重大过错','存在家庭暴力或重大过错','是否存在家庭暴力或重大过错？',NULL,'boolean',0,7,1,'2026-04-09 21:22:06',NULL),(102,'questionnaire_divorce_dispute','DG3','有分居证据','有分居证据','是否有分居证据（租房合同、居住证明）？',NULL,'boolean',0,1,1,'2026-04-09 21:22:06',NULL),(103,'questionnaire_divorce_dispute','DG3','有家暴或报警记录','有家暴或报警记录','是否有家暴或报警记录？',NULL,'boolean',0,2,1,'2026-04-09 21:22:06',NULL),(104,'questionnaire_divorce_dispute','DG3','有抚养能力材料','有抚养能力材料','是否有稳定收入和抚养能力材料？',NULL,'boolean',0,3,1,'2026-04-09 21:22:06',NULL),(105,'questionnaire_post_divorce_property','PD1','离婚事实已生效','离婚事实已生效','离婚事实是否已生效？',NULL,'boolean',1,1,1,'2026-04-09 21:22:06',NULL),(106,'questionnaire_post_divorce_property','PD1','存在离婚协议','存在离婚协议','是否存在离婚协议？',NULL,'boolean',0,2,1,'2026-04-09 21:22:06',NULL),(107,'questionnaire_post_divorce_property','PD1','离婚协议财产条款未履行','离婚协议财产条款未履行','协议财产条款是否未履行？',NULL,'boolean',0,3,1,'2026-04-09 21:22:06',NULL),(108,'questionnaire_post_divorce_property','PD1','请求再次分割','请求再次分割','是否请求再次分割财产？',NULL,'boolean',1,4,1,'2026-04-09 21:22:06',NULL),(109,'questionnaire_post_divorce_property','PD1','请求执行离婚协议','请求执行离婚协议','是否请求执行离婚协议？',NULL,'boolean',0,5,1,'2026-04-09 21:22:06',NULL),(110,'questionnaire_post_divorce_property','PD2','存在未分割共同财产','存在未分割共同财产','是否存在未分割共同财产？',NULL,'boolean',1,1,1,'2026-04-09 21:22:06',NULL),(111,'questionnaire_post_divorce_property','PD2','新发现财产线索','新发现财产线索','是否新发现财产线索？',NULL,'boolean',0,2,1,'2026-04-09 21:22:06',NULL),(112,'questionnaire_post_divorce_property','PD2','存在隐藏转移财产线索','存在隐藏转移财产线索','是否存在隐藏转移财产线索？',NULL,'boolean',0,3,1,'2026-04-09 21:22:06',NULL),(113,'questionnaire_post_divorce_property','PD2','有证据证明隐藏转移','有证据证明隐藏转移','是否有证据证明隐藏转移？',NULL,'boolean',0,4,1,'2026-04-09 21:22:06',NULL),(114,'questionnaire_post_divorce_property','PD3','有离婚协议原件','有离婚协议原件','是否有离婚协议原件或公证文本？',NULL,'boolean',0,1,1,'2026-04-09 21:22:06',NULL),(115,'questionnaire_post_divorce_property','PD3','有财产交易流水','有财产交易流水','是否有财产交易流水或账户明细？',NULL,'boolean',0,2,1,'2026-04-09 21:22:06',NULL),(116,'questionnaire_post_divorce_property','PD3','有对方名下财产线索','有对方名下财产线索','是否有对方名下新增财产线索？',NULL,'boolean',0,3,1,'2026-04-09 21:22:06',NULL),(117,'questionnaire_labor_injury_compensation','LI1','存在劳动关系','存在劳动关系','是否存在劳动关系？',NULL,'boolean',1,1,1,'2026-04-09 21:22:06',NULL),(118,'questionnaire_labor_injury_compensation','LI1','发生工作时间工作场所事故','发生工作时间工作场所事故','是否在工作时间和工作场所发生事故？',NULL,'boolean',1,2,1,'2026-04-09 21:22:06',NULL),(119,'questionnaire_labor_injury_compensation','LI1','已申请或拟申请工伤认定','已申请或拟申请工伤认定','是否已申请或拟申请工伤认定？',NULL,'boolean',1,3,1,'2026-04-09 21:22:06',NULL),(120,'questionnaire_labor_injury_compensation','LI1','单位已缴纳工伤保险','单位已缴纳工伤保险','单位是否已缴纳工伤保险？',NULL,'boolean',0,4,1,'2026-04-09 21:22:06',NULL),(121,'questionnaire_labor_injury_compensation','LI2','存在医疗费用支出','存在医疗费用支出','是否存在医疗费用支出？',NULL,'boolean',0,1,1,'2026-04-09 21:22:06',NULL),(122,'questionnaire_labor_injury_compensation','LI2','存在停工留薪损失','存在停工留薪损失','是否存在停工留薪损失？',NULL,'boolean',0,2,1,'2026-04-09 21:22:06',NULL),(123,'questionnaire_labor_injury_compensation','LI2','已认定伤残等级','已认定伤残等级','是否已认定伤残等级？',NULL,'boolean',0,3,1,'2026-04-09 21:22:06',NULL),(124,'questionnaire_labor_injury_compensation','LI2','单位拒绝支付工伤待遇','单位拒绝支付工伤待遇','单位是否拒绝支付工伤待遇？',NULL,'boolean',0,4,1,'2026-04-09 21:22:06',NULL),(125,'questionnaire_labor_injury_compensation','LI3','有事故报告或证人证言','有事故报告或证人证言','是否有事故报告或证人证言？',NULL,'boolean',0,1,1,'2026-04-09 21:22:06',NULL),(126,'questionnaire_labor_injury_compensation','LI3','有病历及费用票据','有病历及费用票据','是否有病历和医疗费用票据？',NULL,'boolean',0,2,1,'2026-04-09 21:22:06',NULL),(127,'questionnaire_labor_injury_compensation','LI3','有伤残鉴定文书','有伤残鉴定文书','是否有伤残等级鉴定文书？',NULL,'boolean',0,3,1,'2026-04-09 21:22:06',NULL),(128,'questionnaire_labor_overtime_pay','LO1','存在劳动关系','存在劳动关系','是否存在劳动关系？',NULL,'boolean',1,1,1,'2026-04-09 21:22:06',NULL),(129,'questionnaire_labor_overtime_pay','LO1','主张加班费','主张加班费','是否主张加班费？',NULL,'boolean',1,2,1,'2026-04-09 21:22:06',NULL),(130,'questionnaire_labor_overtime_pay','LO1','单位未足额支付加班费','单位未足额支付加班费','单位是否未足额支付加班费？',NULL,'boolean',1,3,1,'2026-04-09 21:22:06',NULL),(131,'questionnaire_labor_overtime_pay','LO1','月均加班时长','月均加班时长','月均加班时长约多少？',NULL,'number',0,4,1,'2026-04-09 21:22:06','小时'),(132,'questionnaire_labor_overtime_pay','LO2','存在加班事实','存在加班事实','是否存在加班事实？',NULL,'boolean',1,1,1,'2026-04-09 21:22:06',NULL),(133,'questionnaire_labor_overtime_pay','LO2','有加班证据','有加班证据','是否有加班证据（考勤/审批）？',NULL,'boolean',0,2,1,'2026-04-09 21:22:06',NULL),(134,'questionnaire_labor_overtime_pay','LO2','存在工作日延时加班','存在工作日延时加班','是否存在工作日延时加班？',NULL,'boolean',0,3,1,'2026-04-09 21:22:06',NULL),(135,'questionnaire_labor_overtime_pay','LO2','存在休息日加班','存在休息日加班','是否存在休息日加班？',NULL,'boolean',0,4,1,'2026-04-09 21:22:06',NULL),(136,'questionnaire_labor_overtime_pay','LO2','休息日未安排补休','休息日未安排补休','休息日加班是否未安排补休？',NULL,'boolean',0,5,1,'2026-04-09 21:22:06',NULL),(137,'questionnaire_labor_overtime_pay','LO2','存在法定节假日加班','存在法定节假日加班','是否存在法定节假日加班？',NULL,'boolean',0,6,1,'2026-04-09 21:22:06',NULL),(138,'questionnaire_labor_overtime_pay','LO3','有完整考勤记录','有完整考勤记录','是否有完整考勤记录（打卡/门禁）？',NULL,'boolean',0,1,1,'2026-04-09 21:22:06',NULL),(139,'questionnaire_labor_overtime_pay','LO3','有加班审批记录','有加班审批记录','是否有加班审批或排班记录？',NULL,'boolean',0,2,1,'2026-04-09 21:22:06',NULL),(140,'questionnaire_labor_overtime_pay','LO3','有工资条与流水对照','有工资条与流水对照','是否有工资条与银行流水对照？',NULL,'boolean',0,3,1,'2026-04-09 21:22:06',NULL),(141,'questionnaire_property_dispute','P0','存在彩礼或财产给付','存在彩礼或财产给付','是否存在彩礼/婚约财产给付？','如彩礼、购房首付、房产加名等围绕缔结婚姻给付的财物。','boolean',1,1,1,'2026-04-15 00:29:26',NULL),(142,'questionnaire_property_dispute','P0','是否已办理结婚登记','是否已办理结婚登记','双方是否办理过结婚登记？','以结婚证/婚姻登记信息为准。','choice',1,2,1,'2026-04-15 00:29:26',NULL),(143,'questionnaire_property_dispute','P0','是否已共同生活','是否已共同生活','双方是否实际共同生活？','共同生活指以夫妻名义共同居住、共同支出。','boolean',0,3,1,'2026-04-15 00:29:26',NULL),(144,'questionnaire_property_dispute','P1','给付是否导致生活困难','给付是否导致生活困难','给付是否导致给付方生活困难？','生活困难通常需结合收入、负债、生活支出综合判断。','boolean',0,1,1,'2026-04-15 00:29:26',NULL),(145,'questionnaire_property_dispute','P1','是否存在法定返还情形','是否存在法定返还情形','是否存在彩礼返还法定情形？','如未登记、登记未共同生活、给付导致生活困难等。','boolean',1,2,1,'2026-04-15 00:29:26',NULL),(146,'questionnaire_property_dispute','P1','给付金额','给付金额','给付金额大约是多少？','金额题按“元”填写。','number',0,3,1,'2026-04-15 00:29:26','元'),(147,'questionnaire_property_dispute','P1','共同生活月数','共同生活月数','共同生活大约持续多久？','按月填写。','number',0,4,1,'2026-04-15 00:29:26','月'),(148,'questionnaire_property_dispute','P1','财物类型','财物类型','主要争议财物类型是什么？','彩礼/房产加名/车辆/大额转账等。','select',0,5,1,'2026-04-15 00:29:26',NULL),(149,'questionnaire_property_dispute','P2','有转账或收条','有转账或收条','是否有转账记录/收条/借条等凭证？','如微信/支付宝/银行转账或收据。','boolean',0,1,1,'2026-04-15 00:29:26',NULL),(150,'questionnaire_property_dispute','P2','有共同生活证据','有共同生活证据','是否有共同生活证据？','如租房合同、同住照片、消费记录。','boolean',0,2,1,'2026-04-15 00:29:26',NULL),(151,'questionnaire_property_dispute','P2','有生活困难证明','有生活困难证明','是否有生活困难证明材料？','如收入证明、负债证明、低保证明等。','boolean',0,3,1,'2026-04-15 00:29:26',NULL),(152,'questionnaire_child_support_dispute','C0','存在亲子关系','存在亲子关系','是否存在亲子关系？','通常以出生医学证明、户口簿、亲子鉴定等证明。','boolean',1,1,1,'2026-04-15 00:29:26',NULL),(153,'questionnaire_child_support_dispute','C0','目前抚养关系明确','目前抚养关系明确','目前孩子主要由哪一方直接抚养？','直接抚养指日常共同生活、照顾教育的一方。','choice',1,2,1,'2026-04-15 00:29:26',NULL),(154,'questionnaire_child_support_dispute','C0','对方未支付抚养费','对方未支付抚养费','对方是否存在未支付或少支付抚养费？','包括拖欠、拒绝或金额明显不足。','boolean',1,3,1,'2026-04-15 00:29:26',NULL),(155,'questionnaire_child_support_dispute','C1','是否有离婚协议或判决','是否有离婚协议或判决','是否有离婚协议/判决/调解书约定抚养费？','如已有生效文书通常可直接申请执行或另行主张变更。','boolean',0,1,1,'2026-04-15 00:29:26',NULL),(156,'questionnaire_child_support_dispute','C1','约定抚养费金额','约定抚养费金额','已约定/判决的抚养费金额是多少？','按“元/月”填写。','number',0,2,1,'2026-04-15 00:29:26','元/月'),(157,'questionnaire_child_support_dispute','C1','孩子实际月支出','孩子实际月支出','孩子实际月支出大约是多少？','含教育、医疗、生活等。','number',0,3,1,'2026-04-15 00:29:26','元/月'),(158,'questionnaire_child_support_dispute','C1','对方收入水平大致明确','对方收入水平大致明确','是否能大致证明对方收入水平？','如工资条、个税、社保、公积金、银行流水。','boolean',0,4,1,'2026-04-15 00:29:26',NULL),(159,'questionnaire_child_support_dispute','C1','是否存在重大支出变化','是否存在重大支出变化','孩子是否存在重大支出变化？','如升学、长期医疗、特殊教育等。','boolean',0,5,1,'2026-04-15 00:29:26',NULL),(160,'questionnaire_child_support_dispute','C2','是否主张变更抚养关系','是否主张变更抚养关系','是否主张变更抚养关系？','若仅抚养费纠纷可选否。','boolean',0,1,1,'2026-04-15 00:29:26',NULL),(161,'questionnaire_child_support_dispute','C2','变更原因属于法定情形','变更原因属于法定情形','变更原因是否属于法定情形？','如抚养方无力继续抚养、虐待/不尽抚养义务、严重疾病等。','boolean',0,2,1,'2026-04-15 00:29:26',NULL),(162,'questionnaire_child_support_dispute','C2','孩子已满八周岁','孩子已满八周岁','孩子是否已满八周岁？','满八周岁一般需考虑孩子意愿。','boolean',0,3,1,'2026-04-15 00:29:26',NULL),(163,'questionnaire_child_support_dispute','C2','有利于孩子成长证据','有利于孩子成长证据','是否有证据证明变更更有利于孩子成长？','如就学、居住、照护、收入、陪伴等。','boolean',0,4,1,'2026-04-15 00:29:26',NULL),(164,'questionnaire_support_dispute','S0','存在赡养关系','存在赡养关系','是否存在赡养关系？','如父母子女、祖父母/外祖父母与孙子女等。','boolean',1,1,1,'2026-04-15 00:29:26',NULL),(165,'questionnaire_support_dispute','S0','被赡养人生活困难','被赡养人生活困难','被赡养人是否生活困难或需要赡养支持？','如无稳定收入、患病、失能等。','boolean',1,2,1,'2026-04-15 00:29:26',NULL),(166,'questionnaire_support_dispute','S0','赡养人拒绝履行','赡养人拒绝履行','赡养人是否拒绝或未足额履行赡养义务？','如不支付生活费、不探望、不承担医疗费等。','boolean',1,3,1,'2026-04-15 00:29:26',NULL),(167,'questionnaire_support_dispute','S1','赡养方式争议','赡养方式争议','主要争议是哪种赡养方式？','生活费/医疗费/护理/探望安排等。','select',0,1,1,'2026-04-15 00:29:26',NULL),(168,'questionnaire_support_dispute','S1','被赡养人月基本支出','被赡养人月基本支出','被赡养人月基本支出约多少？','按“元/月”填写。','number',0,2,1,'2026-04-15 00:29:26','元/月'),(169,'questionnaire_support_dispute','S1','赡养人收入能力大致明确','赡养人收入能力大致明确','是否能大致证明赡养人收入能力？','如工资、经营收入、房产/车辆等。','boolean',0,3,1,'2026-04-15 00:29:26',NULL),(170,'questionnaire_support_dispute','S1','是否存在多名赡养人','是否存在多名赡养人','是否存在多名赡养义务人需要分担？','如多个子女共同赡养。','boolean',0,4,1,'2026-04-15 00:29:26',NULL),(171,'questionnaire_support_dispute','S2','有亲属关系证明','有亲属关系证明','是否有亲属关系证明？','如户口簿、出生证明、村居委证明。','boolean',0,1,1,'2026-04-15 00:29:26',NULL),(172,'questionnaire_support_dispute','S2','有医疗或失能证明','有医疗或失能证明','是否有疾病/失能证明材料？','如病历、诊断证明、护理证明。','boolean',0,2,1,'2026-04-15 00:29:26',NULL),(173,'questionnaire_support_dispute','S2','有拒绝赡养证据','有拒绝赡养证据','是否有对方拒绝赡养的证据？','如聊天记录、转账记录、录音等。','boolean',0,3,1,'2026-04-15 00:29:26',NULL),(174,'questionnaire_inherit_dispute','I0','继承已经开始','继承已经开始','被继承人是否已经死亡（继承开始）？','继承从被继承人死亡时开始。','boolean',1,1,1,'2026-04-15 00:29:26',NULL),(175,'questionnaire_inherit_dispute','I0','遗产范围大致明确','遗产范围大致明确','遗产范围是否大致明确？','如房产、存款、车辆、股权等。','boolean',0,2,1,'2026-04-15 00:29:26',NULL),(176,'questionnaire_inherit_dispute','I0','继承人范围存在争议','继承人范围存在争议','继承人范围是否存在争议？','如是否存在非婚生子女、代位继承等。','boolean',0,3,1,'2026-04-15 00:29:26',NULL),(177,'questionnaire_inherit_dispute','I1','是否存在第一顺序继承人','是否存在第一顺序继承人','是否存在第一顺序继承人（配偶、子女、父母）？','决定继承顺序与份额。','boolean',1,1,1,'2026-04-15 00:29:26',NULL),(178,'questionnaire_inherit_dispute','I1','是否存在代位继承情形','是否存在代位继承情形','是否存在代位继承情形？','如子女先于被继承人死亡，由其晚辈直系血亲代位继承。','boolean',0,2,1,'2026-04-15 00:29:26',NULL),(179,'questionnaire_inherit_dispute','I1','是否存在继承份额争议','是否存在继承份额争议','是否存在继承份额争议？','如是否应多分/少分、照顾无劳动能力者等。','boolean',0,3,1,'2026-04-15 00:29:26',NULL),(180,'questionnaire_inherit_dispute','I2','是否存在遗嘱','是否存在遗嘱','是否存在遗嘱或遗赠扶养协议？','如自书遗嘱、公证遗嘱、代书遗嘱等。','boolean',0,1,1,'2026-04-15 00:29:26',NULL),(181,'questionnaire_inherit_dispute','I2','遗嘱形式是否合法','遗嘱形式是否合法','遗嘱形式是否可能存在瑕疵？','如见证人资格、签名日期、全文是否自书等。','boolean',0,2,1,'2026-04-15 00:29:26',NULL),(182,'questionnaire_inherit_dispute','I2','是否存在遗嘱效力争议','是否存在遗嘱效力争议','是否存在遗嘱效力争议？','如伪造、胁迫、欺诈、无民事行为能力等。','boolean',0,3,1,'2026-04-15 00:29:26',NULL),(183,'questionnaire_inherit_dispute','I2','有遗嘱原件或保管线索','有遗嘱原件或保管线索','是否有遗嘱原件或明确保管线索？','如公证处、律师处、家庭保管。','boolean',0,4,1,'2026-04-15 00:29:26',NULL),(184,'questionnaire_in_marriage_property_division_dispute','G0','婚姻关系已存续且未离婚','婚姻关系已存续且未离婚','婚姻关系已存续且未离婚','婚内未离婚或未进入离婚后状态','boolean',1,1,1,'2026-04-16 21:23:37',NULL),(185,'questionnaire_in_marriage_property_division_dispute','G1','存在婚内共同财产争议','存在婚内共同财产争议','存在婚内共同财产争议','婚内共同财产存在争议','boolean',1,2,1,'2026-04-16 21:23:37',NULL),(186,'questionnaire_in_marriage_property_division_dispute','G1','存在藏匿转移共同财产线索','存在藏匿转移共同财产线索','存在藏匿转移共同财产线索','存在隐匿/转移/变卖线索','boolean',1,3,1,'2026-04-16 21:23:37',NULL),(187,'questionnaire_in_marriage_property_division_dispute','G1','存在挥霍家产或恶意处置','存在挥霍家产或恶意处置','存在挥霍家产或恶意处置','存在挥霍/恶意处置行为','boolean',0,4,1,'2026-04-16 21:23:37',NULL),(188,'questionnaire_in_marriage_property_division_dispute','G1','存在重大医疗支出或紧急治疗需求','存在重大医疗支出或紧急治疗需求','存在重大医疗支出或紧急治疗需求','存在紧急治疗/重大医疗支出','boolean',0,5,1,'2026-04-16 21:23:37',NULL),(189,'questionnaire_in_marriage_property_division_dispute','G1','共同财产范围清晰','共同财产范围清晰','共同财产范围清晰','能大致列明共同财产范围与来源','boolean',1,6,1,'2026-04-16 21:23:37',NULL),(190,'questionnaire_post_divorce_damage_liability_dispute','G0','离婚事实已生效','离婚事实已生效','离婚事实已生效','离婚已生效/已领取离婚证/判决已生效','boolean',1,1,1,'2026-04-16 21:23:37',NULL),(191,'questionnaire_post_divorce_damage_liability_dispute','G0','存在婚内严重过错或侵害事实线索','存在婚内严重过错或侵害事实线索','存在婚内严重过错或侵害事实线索','婚内过错或侵害事实线索存在','boolean',1,2,1,'2026-04-16 21:23:37',NULL),(192,'questionnaire_post_divorce_damage_liability_dispute','G1','存在精神损害或经济损失后果','存在精神损害或经济损失后果','存在精神损害或经济损失后果','已产生后果/损失线索','boolean',1,1,1,'2026-04-16 21:23:37',NULL),(193,'questionnaire_post_divorce_damage_liability_dispute','G1','已收集可补强的过错/后果证据线索','已收集可补强的过错/后果证据线索','已收集可补强的过错/后果证据线索','已有聊天/录音/病历等证据线索','boolean',0,2,1,'2026-04-16 21:23:37',NULL),(194,'questionnaire_post_divorce_damage_liability_dispute','G1','明确请求赔偿范围','明确请求赔偿范围','明确请求赔偿范围','明确请求赔偿范围/金额/计算依据','boolean',1,3,1,'2026-04-16 21:23:37',NULL),(195,'questionnaire_post_divorce_damage_liability_dispute','G1','有具体损失或治疗费用/收入损失线索','有具体损失或治疗费用/收入损失线索','有具体损失或治疗费用/收入损失线索','能证明具体费用/损失或收入损失线索','boolean',0,4,1,'2026-04-16 21:23:37',NULL),(196,'questionnaire_marriage_invalid_dispute','G0','存在无效婚姻原因线索','存在无效婚姻原因线索','存在无效婚姻原因线索','存在导致婚姻无效的事实线索','boolean',1,1,1,'2026-04-16 21:23:37',NULL),(197,'questionnaire_marriage_invalid_dispute','G0','请求确认婚姻无效','请求确认婚姻无效','请求确认婚姻无效','请求法院确认婚姻无效','boolean',1,2,1,'2026-04-16 21:23:37',NULL),(198,'questionnaire_marriage_invalid_dispute','G1','是否涉及重婚或与他人同居','是否涉及重婚或与他人同居','是否涉及重婚或与他人同居','存在重婚或与他人同居无效情形线索','boolean',0,1,1,'2026-04-16 21:23:37',NULL),(199,'questionnaire_marriage_invalid_dispute','G1','是否涉及近亲结婚或未达婚龄','是否涉及近亲结婚或未达婚龄','是否涉及近亲结婚或未达婚龄','存在近亲结婚或未达婚龄等无效情形线索','boolean',0,2,1,'2026-04-16 21:23:37',NULL),(200,'questionnaire_marriage_invalid_dispute','G1','有证据材料可补强','有证据材料可补强','有证据材料可补强','已有或可调取证明无效原因的材料','boolean',1,3,1,'2026-04-16 21:23:37',NULL),(201,'questionnaire_marriage_invalid_dispute','G1','是否已办理结婚登记','是否已办理结婚登记','是否已办理结婚登记','是否存在结婚登记信息/结婚证','boolean',0,4,1,'2026-04-16 21:23:37',NULL),(202,'questionnaire_marriage_annulment_dispute','G0','存在撤销原因线索','存在撤销原因线索','存在撤销原因线索','存在胁迫/欺诈/隐瞒重大疾病等撤销原因线索','boolean',1,1,1,'2026-04-16 21:23:37',NULL),(203,'questionnaire_marriage_annulment_dispute','G0','请求撤销婚姻','请求撤销婚姻','请求撤销婚姻','请求法院撤销婚姻','boolean',1,2,1,'2026-04-16 21:23:37',NULL),(204,'questionnaire_marriage_annulment_dispute','G1','存在胁迫或控制行为证据','存在胁迫或控制行为证据','存在胁迫或控制行为证据','存在胁迫/控制行为证据线索','boolean',0,1,1,'2026-04-16 21:23:37',NULL),(205,'questionnaire_marriage_annulment_dispute','G1','存在欺诈或隐瞒重大疾病证据','存在欺诈或隐瞒重大疾病证据','存在欺诈或隐瞒重大疾病证据','存在欺诈/隐瞒重大疾病证据线索','boolean',0,2,1,'2026-04-16 21:23:37',NULL),(206,'questionnaire_marriage_annulment_dispute','G1','有证据材料可补强','有证据材料可补强','有证据材料可补强','已有或可调取用于证明撤销原因的材料','boolean',1,3,1,'2026-04-16 21:23:37',NULL),(207,'questionnaire_marriage_annulment_dispute','G1','撤销后财产返还或损害赔偿需求','撤销后财产返还或损害赔偿需求','撤销后财产返还或损害赔偿需求','撤销后涉及财产返还/损害赔偿需求','boolean',0,4,1,'2026-04-16 21:23:37',NULL),(208,'questionnaire_marriage_annulment_dispute','G1','存在未成年子女需抚养安排','存在未成年子女需抚养安排','存在未成年子女需抚养安排','撤销后需考虑子女抚养安排','boolean',0,5,1,'2026-04-16 21:23:37',NULL),(209,'questionnaire_spousal_property_agreement_dispute','G0','存在夫妻财产约定协议','存在夫妻财产约定协议','存在夫妻财产约定协议','双方存在夫妻财产约定协议或约定材料','boolean',1,1,1,'2026-04-16 21:23:37',NULL),(210,'questionnaire_spousal_property_agreement_dispute','G0','约定内容明确','约定内容明确','约定内容明确','协议内容明确具体','boolean',1,2,1,'2026-04-16 21:23:37',NULL),(211,'questionnaire_spousal_property_agreement_dispute','G1','协议未履行或争议履行','协议未履行或争议履行','协议未履行或争议履行','对方未履行或履行存在争议','boolean',1,1,1,'2026-04-16 21:23:37',NULL),(212,'questionnaire_spousal_property_agreement_dispute','G1','对方主张协议无效或被撤销','对方主张协议无效或被撤销','对方主张协议无效或被撤销','对方主张协议无效/被撤销','boolean',0,2,1,'2026-04-16 21:23:37',NULL),(213,'questionnaire_spousal_property_agreement_dispute','G0','请求确认协议有效并要求履行','请求确认协议有效并要求履行','请求确认协议有效并要求履行','请求确认协议有效并要求履行','boolean',1,3,1,'2026-04-16 21:23:37',NULL),(214,'questionnaire_spousal_property_agreement_dispute','G2','有证据材料可补强','有证据材料可补强','有证据材料可补强','已有或可调取协议文本、公证/登记、催告履行证据','boolean',1,1,1,'2026-04-16 21:23:37',NULL),(215,'questionnaire_cohabitation_dispute','G0','是否存在同居关系','是否存在同居关系','是否存在同居关系','存在同居关系（未办结婚登记）','boolean',1,1,1,'2026-04-16 21:23:37',NULL),(216,'questionnaire_cohabitation_dispute','G1','同居期间共同生活或共同投入','同居期间共同生活或共同投入','同居期间共同生活或共同投入','存在共同生活、支出或共同投入','boolean',1,1,1,'2026-04-16 21:23:37',NULL),(217,'questionnaire_cohabitation_dispute','G1','共同财产范围清晰','共同财产范围清晰','共同财产范围清晰','能列明共同财产范围与来源','boolean',1,2,1,'2026-04-16 21:23:37',NULL),(218,'questionnaire_cohabitation_dispute','G1','存在财产分割争议','存在财产分割争议','存在财产分割争议','对财产归属/价值存在争议','boolean',1,3,1,'2026-04-16 21:23:37',NULL),(219,'questionnaire_cohabitation_dispute','G1','是否存在子女','是否存在子女','是否存在子女','同居期间有子女','boolean',0,4,1,'2026-04-16 21:23:37',NULL),(220,'questionnaire_cohabitation_dispute','G1','子女主要由一方抚养','子女主要由一方抚养','子女主要由一方抚养','目前主要由一方照顾抚养','boolean',0,5,1,'2026-04-16 21:23:37',NULL),(221,'questionnaire_cohabitation_dispute','G1','对方拒绝或未支付抚养费','对方拒绝或未支付抚养费','对方拒绝或未支付抚养费','对方拒绝或未足额支付抚养费','boolean',0,6,1,'2026-04-16 21:23:37',NULL),(222,'questionnaire_cohabitation_dispute','G2','有关键同住/转账/沟通证据','有关键同住/转账/沟通证据','有关键同住/转账/沟通证据','可提供同住证据、转账流水及沟通记录','boolean',0,1,1,'2026-04-16 21:23:37',NULL),(223,'questionnaire_paternity_confirmation_dispute','G0','存在亲子关系争议','存在亲子关系争议','存在亲子关系争议','当事人对亲子关系存在争议','boolean',1,1,1,'2026-04-16 21:23:37',NULL),(224,'questionnaire_paternity_confirmation_dispute','G0','请求确认亲子关系','请求确认亲子关系','请求确认亲子关系','请求法院确认亲子关系','boolean',1,2,1,'2026-04-16 21:23:37',NULL),(225,'questionnaire_paternity_confirmation_dispute','G1','是否已做亲子鉴定','是否已做亲子鉴定','是否已做亲子鉴定','已做亲子鉴定','boolean',0,1,1,'2026-04-16 21:23:37',NULL),(226,'questionnaire_paternity_confirmation_dispute','G1','亲子鉴定结论支持主张','亲子鉴定结论支持主张','亲子鉴定结论支持主张','鉴定结论支持确认主张','boolean',1,2,1,'2026-04-16 21:23:37',NULL),(227,'questionnaire_paternity_confirmation_dispute','G1','有出生证明/户口簿或亲属关系证明','有出生证明/户口簿或亲属关系证明','有出生证明/户口簿或亲属关系证明','有出生证明/户口/亲属关系材料','boolean',0,3,1,'2026-04-16 21:23:37',NULL),(228,'questionnaire_paternity_confirmation_dispute','G2','有证据材料可补强','有证据材料可补强','有证据材料可补强','已有或可调取证明材料','boolean',1,1,1,'2026-04-16 21:23:37',NULL),(229,'questionnaire_paternity_disclaimer_dispute','G0','存在亲子关系争议','存在亲子关系争议','存在亲子关系争议','当事人对亲子关系存在争议','boolean',1,1,1,'2026-04-16 21:23:37',NULL),(230,'questionnaire_paternity_disclaimer_dispute','G0','请求否认亲子关系','请求否认亲子关系','请求否认亲子关系','请求法院否认亲子关系','boolean',1,2,1,'2026-04-16 21:23:37',NULL),(231,'questionnaire_paternity_disclaimer_dispute','G1','是否已做亲子鉴定','是否已做亲子鉴定','是否已做亲子鉴定','已做亲子鉴定','boolean',0,1,1,'2026-04-16 21:23:37',NULL),(232,'questionnaire_paternity_disclaimer_dispute','G1','亲子鉴定结论不支持主张','亲子鉴定结论不支持主张','亲子鉴定结论不支持主张','鉴定结论不支持否认方主张','boolean',0,2,1,'2026-04-16 21:23:37',NULL),(233,'questionnaire_paternity_disclaimer_dispute','G1','亲子鉴定结论支持否认方主张','亲子鉴定结论支持否认方主张','亲子鉴定结论支持否认方主张','鉴定结论支持否认方主张','boolean',1,3,1,'2026-04-16 21:23:37',NULL),(234,'questionnaire_paternity_disclaimer_dispute','G1','有出生证明/户口簿或亲属关系证明','有出生证明/户口簿或亲属关系证明','有出生证明/户口簿或亲属关系证明','有出生证明/户口/亲属关系材料','boolean',0,4,1,'2026-04-16 21:23:37',NULL),(235,'questionnaire_paternity_disclaimer_dispute','G2','有证据材料可补强','有证据材料可补强','有证据材料可补强','已有或可调取证明材料','boolean',1,1,1,'2026-04-16 21:23:37',NULL),(236,'questionnaire_sibling_support_dispute','G0','存在扶养义务关系','存在扶养义务关系','存在扶养义务关系','存在扶养义务关系或可能义务主体','boolean',1,1,1,'2026-04-16 21:23:37',NULL),(237,'questionnaire_sibling_support_dispute','G0','被扶养人生活困难','被扶养人生活困难','被扶养人生活困难','被扶养人生活困难','boolean',1,2,1,'2026-04-16 21:23:37',NULL),(238,'questionnaire_sibling_support_dispute','G1','扶养人收入能力明确','扶养人收入能力明确','扶养人收入能力明确','扶养人具备收入/能力分担扶养义务','boolean',1,1,1,'2026-04-16 21:23:37',NULL),(239,'questionnaire_sibling_support_dispute','G1','拒绝履行或未足额支付','拒绝履行或未足额支付','拒绝履行或未足额支付','拒绝履行或支付不足','boolean',1,2,1,'2026-04-16 21:23:37',NULL),(240,'questionnaire_sibling_support_dispute','G1','主张变更扶养关系','主张变更扶养关系','主张变更扶养关系','主张变更扶养关系/扶养安排','boolean',0,3,1,'2026-04-16 21:23:37',NULL),(241,'questionnaire_sibling_support_dispute','G1','变更原因属于法定情形','变更原因属于法定情形','变更原因属于法定情形','变更理由属于法定情形','boolean',0,4,1,'2026-04-16 21:23:37',NULL),(242,'questionnaire_sibling_support_dispute','G2','有关键收入/医疗/沟通与转账证据','有关键收入/医疗/沟通与转账证据','有关键收入/医疗/沟通与转账证据','可提供收入证明/医疗/沟通与转账证据','boolean',0,1,1,'2026-04-16 21:23:37',NULL),(243,'questionnaire_adoption_dispute','G0','请求确认收养关系','请求确认收养关系','请求确认收养关系','请求确认收养关系成立','boolean',1,1,1,'2026-04-16 21:23:37',NULL),(244,'questionnaire_adoption_dispute','G0','请求解除收养关系','请求解除收养关系','请求解除收养关系','请求解除收养关系','boolean',0,2,1,'2026-04-16 21:23:37',NULL),(245,'questionnaire_adoption_dispute','G1','是否已办理收养登记','是否已办理收养登记','是否已办理收养登记','已办理收养登记/可查询登记记录','boolean',1,1,1,'2026-04-16 21:23:37',NULL),(246,'questionnaire_adoption_dispute','G1','存在事实收养长期维持','存在事实收养长期维持','存在事实收养长期维持','未办理登记但长期以收养方式相处/照顾','boolean',0,2,1,'2026-04-16 21:23:37',NULL),(247,'questionnaire_adoption_dispute','G1','存在收养协议或照顾记录','存在收养协议或照顾记录','存在收养协议或照顾记录','存在收养协议、照顾记录或证明材料','boolean',0,3,1,'2026-04-16 21:23:37',NULL),(248,'questionnaire_adoption_dispute','G1','存在解除原因线索','存在解除原因线索','存在解除原因线索','存在解除收养的原因线索（矛盾/不尽扶养等）','boolean',0,4,1,'2026-04-16 21:23:37',NULL),(249,'questionnaire_adoption_dispute','G2','有证据材料可补强','有证据材料可补强','有证据材料可补强','已有或可调取用于确认/解除的证据材料','boolean',1,1,1,'2026-04-16 21:23:37',NULL),(250,'questionnaire_guardianship_dispute','G0','需要确定或变更监护人','需要确定或变更监护人','需要确定或变更监护人','需要法院指定或变更监护人','boolean',1,1,1,'2026-04-16 21:23:37',NULL),(251,'questionnaire_guardianship_dispute','G1','被监护人无或限制民事行为能力','被监护人无或限制民事行为能力','被监护人无或限制民事行为能力','被监护人属于无/限制民事行为能力状态','boolean',1,2,1,'2026-04-16 21:23:37',NULL),(252,'questionnaire_guardianship_dispute','G1','有医学鉴定或诊断证据','有医学鉴定或诊断证据','有医学鉴定或诊断证据','有病历/诊断或鉴定结论证据','boolean',1,3,1,'2026-04-16 21:23:37',NULL),(253,'questionnaire_guardianship_dispute','G1','当前监护人不适合或不履行','当前监护人不适合或不履行','当前监护人不适合或不履行','现任监护人不适合或不能有效履行','boolean',0,4,1,'2026-04-16 21:23:37',NULL),(254,'questionnaire_guardianship_dispute','G0','请求指定或变更监护人','请求指定或变更监护人','请求指定或变更监护人','明确请求指定/变更监护人','boolean',1,2,1,'2026-04-16 21:23:37',NULL),(255,'questionnaire_guardianship_dispute','G2','有证据材料可补强','有证据材料可补强','有证据材料可补强','已有或可调取相关证据材料与申请文书线索','boolean',1,1,1,'2026-04-16 21:23:37',NULL),(256,'questionnaire_visitation_dispute','G0','已离婚或已分开','已离婚或已分开','已离婚或已分开','已离婚或已分开','boolean',1,1,1,'2026-04-16 21:23:37',NULL),(257,'questionnaire_visitation_dispute','G0','为非直接抚养方','为非直接抚养方','为非直接抚养方','申请探望的一方为非直接抚养方','boolean',1,2,1,'2026-04-16 21:23:37',NULL),(258,'questionnaire_visitation_dispute','G1','存在拒绝探望或障碍','存在拒绝探望或障碍','存在拒绝探望或障碍','存在拒绝探望或客观障碍','boolean',1,1,1,'2026-04-16 21:23:37',NULL),(259,'questionnaire_visitation_dispute','G1','存在探望安排协议或文书','存在探望安排协议或文书','存在探望安排协议或文书','存在探望安排协议或文书','boolean',0,2,1,'2026-04-16 21:23:37',NULL),(260,'questionnaire_visitation_dispute','G1','有探望实施或沟通记录','有探望实施或沟通记录','有探望实施或沟通记录','有实施探望或沟通记录','boolean',0,3,1,'2026-04-16 21:23:37',NULL),(261,'questionnaire_visitation_dispute','G0','请求法院明确探望方式时间','请求法院明确探望方式时间','请求法院明确探望方式时间','请求法院明确探望方式/时间/执行安排','boolean',1,3,1,'2026-04-16 21:23:37',NULL),(262,'questionnaire_visitation_dispute','G2','有关键沟通/录音/视频证据','有关键沟通/录音/视频证据','有关键沟通/录音/视频证据','可提供沟通/录音/视频等证据线索','boolean',0,1,1,'2026-04-16 21:23:37',NULL),(263,'questionnaire_family_partition_dispute','G0','家庭共同生活或共同置办财产','家庭共同生活或共同置办财产','家庭共同生活或共同置办财产','同堂共同生活并共同置办财产','boolean',1,1,1,'2026-04-16 21:23:37',NULL),(264,'questionnaire_family_partition_dispute','G1','共同财产范围清晰','共同财产范围清晰','共同财产范围清晰','共同财产范围与来源清晰','boolean',1,1,1,'2026-04-16 21:23:37',NULL),(265,'questionnaire_family_partition_dispute','G1','有不动产或财产登记证据','有不动产或财产登记证据','有不动产或财产登记证据','有房产/不动产登记或财产登记凭证','boolean',0,2,1,'2026-04-16 21:23:37',NULL),(266,'questionnaire_family_partition_dispute','G1','存在分割争议','存在分割争议','存在分割争议','对归属/份额/价值存在争议','boolean',1,3,1,'2026-04-16 21:23:37',NULL),(267,'questionnaire_family_partition_dispute','G0','请求分割/析产','请求分割/析产','请求分割/析产','请求分家析产/确定各自权利份额','boolean',1,2,1,'2026-04-16 21:23:37',NULL),(268,'questionnaire_family_partition_dispute','G1','有资金来源与支付证据','有资金来源与支付证据','有资金来源与支付证据','有出资与支付凭证或资金来源材料','boolean',0,4,1,'2026-04-16 21:23:37',NULL),(269,'questionnaire_family_partition_dispute','G2','有财产清单/账本/沟通记录','有财产清单/账本/沟通记录','有财产清单/账本/沟通记录','有财产清单/账本/沟通记录等','boolean',0,1,1,'2026-04-16 21:23:37',NULL),(412,'questionnaire_marriage_betrothal_property_dispute','P1','共同生活月数','共同生活月数','共同生活大约持续多久？','按月填写。','number',0,4,1,'2026-04-16 22:04:56','月'),(413,'questionnaire_marriage_betrothal_property_dispute','P0','存在彩礼或财产给付','存在彩礼或财产给付','是否存在彩礼/婚约财产给付？','如彩礼、购房首付、房产加名等围绕缔结婚姻给付的财物。','boolean',1,1,1,'2026-04-16 22:04:56',NULL),(414,'questionnaire_marriage_betrothal_property_dispute','P1','是否存在法定返还情形','是否存在法定返还情形','是否存在彩礼返还法定情形？','如未登记、登记未共同生活、给付导致生活困难等。','boolean',1,2,1,'2026-04-16 22:04:56',NULL),(415,'questionnaire_marriage_betrothal_property_dispute','P0','是否已共同生活','是否已共同生活','双方是否实际共同生活？','共同生活指以夫妻名义共同居住、共同支出。','boolean',0,3,1,'2026-04-16 22:04:56',NULL),(416,'questionnaire_marriage_betrothal_property_dispute','P0','是否已办理结婚登记','是否已办理结婚登记','双方是否办理过结婚登记？','以结婚证/婚姻登记信息为准。','choice',1,2,1,'2026-04-16 22:04:56',NULL),(417,'questionnaire_marriage_betrothal_property_dispute','P2','有共同生活证据','有共同生活证据','是否有共同生活证据？','如租房合同、同住照片、消费记录。','boolean',0,2,1,'2026-04-16 22:04:56',NULL),(418,'questionnaire_marriage_betrothal_property_dispute','P2','有生活困难证明','有生活困难证明','是否有生活困难证明材料？','如收入证明、负债证明、低保证明等。','boolean',0,3,1,'2026-04-16 22:04:56',NULL),(419,'questionnaire_marriage_betrothal_property_dispute','P2','有转账或收条','有转账或收条','是否有转账记录/收条/借条等凭证？','如微信/支付宝/银行转账或收据。','boolean',0,1,1,'2026-04-16 22:04:56',NULL),(420,'questionnaire_marriage_betrothal_property_dispute','P1','给付是否导致生活困难','给付是否导致生活困难','给付是否导致给付方生活困难？','生活困难通常需结合收入、负债、生活支出综合判断。','boolean',0,1,1,'2026-04-16 22:04:56',NULL),(421,'questionnaire_marriage_betrothal_property_dispute','P1','给付金额','给付金额','给付金额大约是多少？','金额题按“元”填写。','number',0,3,1,'2026-04-16 22:04:56','元'),(422,'questionnaire_marriage_betrothal_property_dispute','P1','财物类型','财物类型','主要争议财物类型是什么？','彩礼/房产加名/车辆/大额转账等。','select',0,5,1,'2026-04-16 22:04:56',NULL),(427,'questionnaire_marriage_betrothal_property_dispute','BP2','共同生活时间较短','共同生活时间较短','共同生活时间是否较短？',NULL,'boolean',0,2,1,'2026-04-16 22:04:56',NULL),(428,'questionnaire_marriage_betrothal_property_dispute','BP1','存在彩礼给付','存在彩礼给付','是否存在彩礼给付？',NULL,'boolean',1,1,1,'2026-04-16 22:04:56',NULL),(429,'questionnaire_marriage_betrothal_property_dispute','BP2','存在法定返还情形','存在法定返还情形','是否存在彩礼返还法定情形？',NULL,'boolean',1,5,1,'2026-04-16 22:04:56',NULL),(430,'questionnaire_marriage_betrothal_property_dispute','BP2','对方存在重大过错','对方存在重大过错','对方是否存在重大过错？',NULL,'boolean',0,4,1,'2026-04-16 22:04:56',NULL),(431,'questionnaire_marriage_betrothal_property_dispute','BP1','已办理结婚登记','已办理结婚登记','双方是否已办理结婚登记？',NULL,'boolean',0,3,1,'2026-04-16 22:04:56',NULL),(432,'questionnaire_marriage_betrothal_property_dispute','BP2','已登记后共同生活','已登记后共同生活','登记后是否共同生活较长时间？',NULL,'boolean',0,1,1,'2026-04-16 22:04:56',NULL),(433,'questionnaire_marriage_betrothal_property_dispute','BP2','彩礼金额','彩礼金额','彩礼金额约多少？',NULL,'number',0,6,1,'2026-04-16 22:04:56','元'),(434,'questionnaire_marriage_betrothal_property_dispute','BP3','有困难证明材料','有困难证明材料','是否有生活困难证明材料？',NULL,'boolean',0,3,1,'2026-04-16 22:04:56',NULL),(435,'questionnaire_marriage_betrothal_property_dispute','BP3','有彩礼转账凭证','有彩礼转账凭证','是否有彩礼转账凭证或收条？',NULL,'boolean',0,1,1,'2026-04-16 22:04:56',NULL),(436,'questionnaire_marriage_betrothal_property_dispute','BP1','未办理结婚登记','未办理结婚登记','双方是否未办理结婚登记？',NULL,'boolean',0,2,1,'2026-04-16 22:04:56',NULL),(437,'questionnaire_marriage_betrothal_property_dispute','BP2','给付导致生活困难','给付导致生活困难','彩礼给付是否导致给付方生活困难？',NULL,'boolean',0,3,1,'2026-04-16 22:04:56',NULL),(442,'questionnaire_marriage_invalid_dispute','G3','无效事由类型','无效事由类型','无效事由类型','请选择最主要的无效事由','choice',1,1,1,'2026-04-16 22:55:29',NULL),(443,'questionnaire_marriage_invalid_dispute','G3','存在在先婚姻未解除事实','存在在先婚姻未解除事实','存在在先婚姻未解除事实','是否存在一方在先婚姻尚未解除即再次结婚','boolean',0,2,1,'2026-04-16 22:55:29',NULL),(444,'questionnaire_marriage_invalid_dispute','G3','属于禁止结婚亲属关系','属于禁止结婚亲属关系','属于禁止结婚亲属关系','是否属于法律禁止结婚的近亲属关系','boolean',0,3,1,'2026-04-16 22:55:29',NULL),(445,'questionnaire_marriage_invalid_dispute','G3','结婚时未达法定婚龄','结婚时未达法定婚龄','结婚时未达法定婚龄','登记结婚时是否未达法定婚龄','boolean',0,4,1,'2026-04-16 22:55:29',NULL),(446,'questionnaire_marriage_invalid_dispute','G3','请求人为利害关系人','请求人为利害关系人','请求人为利害关系人','提起诉请的一方是否属于法定利害关系人','boolean',1,5,1,'2026-04-16 22:55:29',NULL),(447,'questionnaire_marriage_invalid_dispute','G3','是否同时主张财产处理','是否同时主张财产处理','是否同时主张财产处理','是否一并主张同居期间财产返还或分割安排','boolean',0,6,1,'2026-04-16 22:55:29',NULL),(448,'questionnaire_marriage_invalid_dispute','G3','是否同时主张子女安排','是否同时主张子女安排','是否同时主张子女安排','是否一并涉及未成年子女抚养安排','boolean',0,7,1,'2026-04-16 22:55:29',NULL),(449,'questionnaire_marriage_annulment_dispute','G3','撤销事由类型','撤销事由类型','撤销事由类型','请选择最主要的撤销事由','choice',1,1,1,'2026-04-16 22:55:29',NULL),(450,'questionnaire_marriage_annulment_dispute','G3','存在胁迫结婚事实','存在胁迫结婚事实','存在胁迫结婚事实','是否存在以暴力、威胁、控制等方式迫使结婚','boolean',0,2,1,'2026-04-16 22:55:29',NULL),(451,'questionnaire_marriage_annulment_dispute','G3','婚前隐瞒重大疾病','婚前隐瞒重大疾病','婚前隐瞒重大疾病','是否存在婚前隐瞒重大疾病的情形','boolean',0,3,1,'2026-04-16 22:55:29',NULL),(452,'questionnaire_marriage_annulment_dispute','G3','在法定期间内提出撤销请求','在法定期间内提出撤销请求','在法定期间内提出撤销请求','撤销请求是否仍在法定期间内','boolean',1,4,1,'2026-04-16 22:55:29',NULL),(453,'questionnaire_marriage_annulment_dispute','G3','知道撤销事由时间明确','知道撤销事由时间明确','知道撤销事由时间明确','是否能明确知道胁迫终止或知晓疾病隐瞒的时间','boolean',0,5,1,'2026-04-16 22:55:29',NULL),(454,'questionnaire_marriage_annulment_dispute','G3','主张撤销后损害赔偿','主张撤销后损害赔偿','主张撤销后损害赔偿','是否一并主张撤销婚姻后的损害赔偿','boolean',0,6,1,'2026-04-16 22:55:29',NULL),(455,'questionnaire_marriage_annulment_dispute','G3','存在撤销后财产返还问题','存在撤销后财产返还问题','存在撤销后财产返还问题','撤销后是否存在彩礼、财产返还或分割问题','boolean',0,7,1,'2026-04-16 22:55:29',NULL),(456,'questionnaire_marriage_annulment_dispute','G3','存在撤销后子女抚养安排问题','存在撤销后子女抚养安排问题','存在撤销后子女抚养安排问题','撤销后是否需要处理未成年子女抚养安排','boolean',0,8,1,'2026-04-16 22:55:29',NULL),(457,'questionnaire_post_divorce_damage_liability_dispute','G3','过错类型','过错类型','过错类型','请选择主要过错或侵害类型','choice',1,1,1,'2026-04-16 22:55:29',NULL),(458,'questionnaire_post_divorce_damage_liability_dispute','G3','损害后果类型','损害后果类型','损害后果类型','请选择主要损害后果类型','choice',1,2,1,'2026-04-16 22:55:29',NULL),(459,'questionnaire_post_divorce_damage_liability_dispute','G3','离婚程序中是否已处理损害赔偿','离婚程序中是否已处理损害赔偿','离婚程序中是否已处理损害赔偿','离婚诉讼或协议阶段是否已处理过该赔偿问题','choice',1,3,1,'2026-04-16 22:55:29',NULL),(460,'questionnaire_post_divorce_damage_liability_dispute','G3','赔偿金额或范围明确','赔偿金额或范围明确','赔偿金额或范围明确','能否明确主张的赔偿金额、区间或组成部分','boolean',1,4,1,'2026-04-16 22:55:29',NULL),(461,'questionnaire_post_divorce_damage_liability_dispute','G3','存在因果关系材料','存在因果关系材料','存在因果关系材料','是否有材料证明过错行为与损害后果之间的因果关系','boolean',1,5,1,'2026-04-16 22:55:29',NULL),(462,'questionnaire_post_divorce_damage_liability_dispute','G3','存在持续治疗材料','存在持续治疗材料','存在持续治疗材料','是否存在持续治疗、复诊、用药等材料','boolean',0,6,1,'2026-04-16 22:55:29',NULL),(463,'questionnaire_post_divorce_damage_liability_dispute','G3','存在误工收入损失材料','存在误工收入损失材料','存在误工收入损失材料','是否存在误工、停工、收入下降等证据材料','boolean',0,7,1,'2026-04-16 22:55:29',NULL),(464,'questionnaire_paternity_confirmation_dispute','G3','对方拒绝配合亲子鉴定','对方拒绝配合亲子鉴定','对方拒绝配合亲子鉴定','对方是否拒绝提交样本、不到场或拖延鉴定','boolean',0,1,1,'2026-04-16 22:55:29',NULL),(465,'questionnaire_paternity_confirmation_dispute','G3','存在怀孕生育期间往来记录','存在怀孕生育期间往来记录','存在怀孕生育期间往来记录','是否有怀孕、生育期间的聊天、转账、探望等记录','boolean',0,2,1,'2026-04-16 22:55:29',NULL),(466,'questionnaire_paternity_confirmation_dispute','G3','存在长期共同生活或抚养记录','存在长期共同生活或抚养记录','存在长期共同生活或抚养记录','是否有长期共同生活、共同抚养或探望照料记录','boolean',0,3,1,'2026-04-16 22:55:29',NULL),(467,'questionnaire_paternity_confirmation_dispute','G3','出生登记信息与确认主张一致','出生登记信息与确认主张一致','出生登记信息与确认主张一致','出生医学证明、户籍登记等是否与确认主张一致','boolean',0,4,1,'2026-04-16 22:55:29',NULL),(468,'questionnaire_paternity_confirmation_dispute','G3','存在举证妨碍线索','存在举证妨碍线索','存在举证妨碍线索','是否存在隐匿样本、拒不配合调查等举证妨碍行为','boolean',0,5,1,'2026-04-16 22:55:29',NULL),(469,'questionnaire_paternity_disclaimer_dispute','G3','对方拒绝配合亲子鉴定','对方拒绝配合亲子鉴定','对方拒绝配合亲子鉴定','对方是否拒绝提交样本、不到场或拖延鉴定','boolean',0,1,1,'2026-04-16 22:55:29',NULL),(470,'questionnaire_paternity_disclaimer_dispute','G3','存在怀孕生育期间往来记录','存在怀孕生育期间往来记录','存在怀孕生育期间往来记录','是否有怀孕、生育期间的聊天、转账、探望等记录','boolean',0,2,1,'2026-04-16 22:55:29',NULL),(471,'questionnaire_paternity_disclaimer_dispute','G3','存在长期共同生活或抚养记录','存在长期共同生活或抚养记录','存在长期共同生活或抚养记录','是否有长期共同生活、共同抚养或探望照料记录','boolean',0,3,1,'2026-04-16 22:55:29',NULL),(472,'questionnaire_paternity_disclaimer_dispute','G3','出生登记信息与否认主张不一致','出生登记信息与否认主张不一致','出生登记信息与否认主张不一致','出生医学证明、户籍登记等是否与否认主张不一致','boolean',0,4,1,'2026-04-16 22:55:29',NULL),(473,'questionnaire_paternity_disclaimer_dispute','G3','存在举证妨碍线索','存在举证妨碍线索','存在举证妨碍线索','是否存在隐匿样本、拒不配合调查等举证妨碍行为','boolean',0,5,1,'2026-04-16 22:55:29',NULL),(474,'questionnaire_adoption_dispute','G3','收养路径类型','收养路径类型','收养路径类型','请选择登记收养、事实收养或解除收养','choice',1,1,1,'2026-04-16 22:55:29',NULL),(475,'questionnaire_adoption_dispute','G3','收养人具备长期抚养能力','收养人具备长期抚养能力','收养人具备长期抚养能力','收养人是否具备稳定收入、居住和照护能力','boolean',0,2,1,'2026-04-16 22:55:29',NULL),(476,'questionnaire_adoption_dispute','G3','存在送养同意或协议材料','存在送养同意或协议材料','存在送养同意或协议材料','是否存在送养人同意、收养协议或相关文书','boolean',0,3,1,'2026-04-16 22:55:29',NULL),(477,'questionnaire_adoption_dispute','G3','解除原因类型','解除原因类型','解除原因类型','请选择解除收养的主要原因','choice',0,4,1,'2026-04-16 22:55:29',NULL),(478,'questionnaire_adoption_dispute','G3','解除后未成年人抚养安排明确','解除后未成年人抚养安排明确','解除后未成年人抚养安排明确','解除收养后未成年人由谁照顾、费用如何承担是否明确','boolean',0,5,1,'2026-04-16 22:55:29',NULL),(479,'questionnaire_adoption_dispute','G3','存在长期共同生活情况','存在长期共同生活情况','存在长期共同生活情况','是否长期以父母子女身份共同生活、照料和教育','boolean',0,6,1,'2026-04-16 22:55:29',NULL),(480,'questionnaire_guardianship_dispute','G3','申请人主体资格明确','申请人主体资格明确','申请人主体资格明确','是否能明确申请人与被监护人的法定顺位或近亲属关系','boolean',1,1,1,'2026-04-16 22:55:29',NULL),(481,'questionnaire_guardianship_dispute','G3','申请人照护能力较强','申请人照护能力较强','申请人照护能力较强','申请人是否具备稳定照护、收入和居住条件','boolean',0,2,1,'2026-04-16 22:55:29',NULL),(482,'questionnaire_guardianship_dispute','G3','存在居委村委或民政意见','存在居委村委或民政意见','存在居委村委或民政意见','是否已有基层组织或民政部门意见材料','boolean',0,3,1,'2026-04-16 22:55:29',NULL),(483,'questionnaire_guardianship_dispute','G3','存在财产管理需求','存在财产管理需求','存在财产管理需求','是否同时涉及被监护人财产管理或保护需求','boolean',0,4,1,'2026-04-16 22:55:29',NULL),(484,'questionnaire_visitation_dispute','G3','子女已满八周岁','子女已满八周岁','子女已满八周岁','子女是否已满八周岁','boolean',0,1,1,'2026-04-16 22:55:29',NULL),(485,'questionnaire_visitation_dispute','G3','子女有明确探望意愿','子女有明确探望意愿','子女有明确探望意愿','子女是否表达了愿意或不愿意探望的意见','boolean',0,2,1,'2026-04-16 22:55:29',NULL),(486,'questionnaire_visitation_dispute','G3','主张节假日或住宿探望','主张节假日或住宿探望','主张节假日或住宿探望','是否主张节假日、寒暑假或住宿探望安排','boolean',0,3,1,'2026-04-16 22:55:29',NULL),(487,'questionnaire_visitation_dispute','G3','存在中止探望风险线索','存在中止探望风险线索','存在中止探望风险线索','是否存在暴力、酗酒、严重不利于未成年人的风险线索','boolean',0,4,1,'2026-04-16 22:55:29',NULL),(488,'questionnaire_visitation_dispute','G3','既有探望频率安排明确','既有探望频率安排明确','既有探望频率安排明确','是否已有明确的探望频率、时长或接送安排','boolean',0,5,1,'2026-04-16 22:55:29',NULL),(489,'questionnaire_sibling_support_dispute','G3','被扶养人无劳动能力或患病','被扶养人无劳动能力或患病','被扶养人无劳动能力或患病','是否存在失能、重病、高龄等情形','boolean',0,1,1,'2026-04-16 22:55:29',NULL),(490,'questionnaire_sibling_support_dispute','G3','存在重大医疗护理支出','存在重大医疗护理支出','存在重大医疗护理支出','是否存在长期治疗、住院或护理支出','boolean',0,2,1,'2026-04-16 22:55:29',NULL),(491,'questionnaire_sibling_support_dispute','G3','存在多名扶养义务人','存在多名扶养义务人','存在多名扶养义务人','是否有多名兄弟姐妹共同承担扶养义务','boolean',0,3,1,'2026-04-16 22:55:29',NULL),(492,'questionnaire_sibling_support_dispute','G3','月扶养费金额明确','月扶养费金额明确','月扶养费金额明确','是否能明确主张的月扶养费金额或计算方式','boolean',0,4,1,'2026-04-16 22:55:29',NULL),(493,'questionnaire_sibling_support_dispute','G3','已有长期照料一方','已有长期照料一方','已有长期照料一方','是否已有一方长期承担主要照料责任','boolean',0,5,1,'2026-04-16 22:55:29',NULL),(494,'questionnaire_spousal_property_agreement_dispute','G3','协议签署时间明确','协议签署时间明确','协议签署时间明确','是否能明确协议签署于婚前或婚后何时','boolean',0,1,1,'2026-04-16 22:55:29',NULL),(495,'questionnaire_spousal_property_agreement_dispute','G3','存在书面协议文本','存在书面协议文本','存在书面协议文本','是否有书面协议、签字页或电子文本','boolean',1,2,1,'2026-04-16 22:55:29',NULL),(496,'questionnaire_spousal_property_agreement_dispute','G3','争议财产类型明确','争议财产类型明确','争议财产类型明确','是否能明确争议标的为房产、股权、存款等','boolean',0,3,1,'2026-04-16 22:55:29',NULL),(497,'questionnaire_spousal_property_agreement_dispute','G3','已办理公证或登记','已办理公证或登记','已办理公证或登记','是否对协议做过公证、登记或备案','boolean',0,4,1,'2026-04-16 22:55:29',NULL),(498,'questionnaire_spousal_property_agreement_dispute','G3','存在受胁迫欺诈等效力抗辩','存在受胁迫欺诈等效力抗辩','存在受胁迫欺诈等效力抗辩','是否存在胁迫、欺诈、重大误解等效力抗辩','boolean',0,5,1,'2026-04-16 22:55:29',NULL),(499,'questionnaire_in_marriage_property_division_dispute','G3','争议财产类型明确','争议财产类型明确','争议财产类型明确','是否能明确争议财产为房产、存款、股权等','boolean',0,1,1,'2026-04-16 22:55:29',NULL),(500,'questionnaire_in_marriage_property_division_dispute','G3','转移方式已可说明','转移方式已可说明','转移方式已可说明','是否能说明转移、变卖、隐匿的具体方式','boolean',0,2,1,'2026-04-16 22:55:29',NULL),(501,'questionnaire_in_marriage_property_division_dispute','G3','医疗支出金额大致明确','医疗支出金额大致明确','医疗支出金额大致明确','是否能说明重大医疗支出的大致金额','boolean',0,3,1,'2026-04-16 22:55:29',NULL),(502,'questionnaire_in_marriage_property_division_dispute','G3','已影响家庭基本生活','已影响家庭基本生活','已影响家庭基本生活','相关行为或支出是否已经影响家庭基本生活','boolean',0,4,1,'2026-04-16 22:55:29',NULL),(503,'questionnaire_in_marriage_property_division_dispute','G3','挥霍金额或次数可说明','挥霍金额或次数可说明','挥霍金额或次数可说明','是否能说明挥霍行为的金额、次数或时间段','boolean',0,5,1,'2026-04-16 22:55:29',NULL),(504,'questionnaire_cohabitation_dispute','G3','同居起止时间明确','同居起止时间明确','同居起止时间明确','是否能大致明确同居开始和结束时间','boolean',0,1,1,'2026-04-16 22:55:29',NULL),(505,'questionnaire_cohabitation_dispute','G3','共同购置房车或大额财物','共同购置房车或大额财物','共同购置房车或大额财物','是否共同购置房屋、车辆或其他大额财物','boolean',0,2,1,'2026-04-16 22:55:29',NULL),(506,'questionnaire_cohabitation_dispute','G3','一方出资比例明显更高','一方出资比例明显更高','一方出资比例明显更高','是否存在一方明显主要出资','boolean',0,3,1,'2026-04-16 22:55:29',NULL),(507,'questionnaire_cohabitation_dispute','G3','主张子女直接抚养安排','主张子女直接抚养安排','主张子女直接抚养安排','是否同时主张确定子女直接抚养关系','boolean',0,4,1,'2026-04-16 22:55:29',NULL),(508,'questionnaire_cohabitation_dispute','G3','孩子月支出明确','孩子月支出明确','孩子月支出明确','是否能明确孩子每月生活、教育、医疗支出','boolean',0,5,1,'2026-04-16 22:55:29',NULL),(509,'questionnaire_family_partition_dispute','G3','家庭成员范围明确','家庭成员范围明确','家庭成员范围明确','是否已明确参与分家的家庭成员范围','boolean',0,1,1,'2026-04-16 22:55:29',NULL),(510,'questionnaire_family_partition_dispute','G3','已实际分家','已实际分家','已实际分家','是否已实际分灶、分居、分开经营生活','boolean',0,2,1,'2026-04-16 22:55:29',NULL),(511,'questionnaire_family_partition_dispute','G3','存在长期占有使用一方','存在长期占有使用一方','存在长期占有使用一方','是否存在某一成员长期占有、管理、使用财产','boolean',0,3,1,'2026-04-16 22:55:29',NULL),(512,'questionnaire_family_partition_dispute','G3','财产登记名义明确','财产登记名义明确','财产登记名义明确','涉案财产登记在谁名下是否清楚','boolean',0,4,1,'2026-04-16 22:55:29',NULL),(513,'questionnaire_family_partition_dispute','G3','主要出资来源明确','主要出资来源明确','主要出资来源明确','是否能说明建房、购置、装修等主要出资来源','boolean',0,5,1,'2026-04-16 22:55:29',NULL),(802,'questionnaire_divorce_dispute','DG4','存在分居事实','存在分居事实','是否存在分居事实（含各自居住/分开生活）？',NULL,'boolean',0,3,1,'2026-04-16 23:55:38',NULL),(803,'questionnaire_divorce_dispute','DG4','分居时长月数','分居时长月数','分居大概持续了几个月？',NULL,'number',0,4,1,'2026-04-16 23:55:38','月'),(804,'questionnaire_divorce_dispute','DG4','对方不同意离婚或拖延','对方不同意离婚或拖延','对方是否不同意离婚或长期拖延？',NULL,'boolean',0,5,1,'2026-04-16 23:55:38',NULL),(805,'questionnaire_divorce_dispute','DG4','是否存在二次起诉离婚','是否存在二次起诉离婚','是否属于第二次起诉离婚或已有离婚诉讼史？',NULL,'boolean',0,6,1,'2026-04-16 23:55:38',NULL),(806,'questionnaire_divorce_dispute','DG4','是否存在子女意愿争议','是否存在子女意愿争议','子女意愿是否成为争议点（八周岁以上）？',NULL,'boolean',0,7,1,'2026-04-16 23:55:38',NULL),(807,'questionnaire_divorce_dispute','DG4','是否存在共同债务争议','是否存在共同债务争议','共同债务是否存在争议或需要界定？',NULL,'boolean',0,8,1,'2026-04-16 23:55:38',NULL),(834,'questionnaire_post_divorce_property','PD4','发现财产线索时间明确','发现财产线索时间明确','发现未分割/隐藏财产线索的时间是否明确？',NULL,'boolean',0,1,1,'2026-04-16 23:56:30',NULL),(835,'questionnaire_post_divorce_property','PD4','离婚后已过三年风险','离婚后已过三年风险','是否可能存在诉讼时效（如发现后已过三年）风险？',NULL,'boolean',0,2,1,'2026-04-16 23:56:30',NULL);
/*!40000 ALTER TABLE `rule_question` ENABLE KEYS */;
UNLOCK TABLES;

--
-- Table structure for table `rule_question_group`
--

DROP TABLE IF EXISTS `rule_question_group`;
/*!40101 SET @saved_cs_client     = @@character_set_client */;
/*!50503 SET character_set_client = utf8mb4 */;
CREATE TABLE `rule_question_group` (
  `id` bigint NOT NULL AUTO_INCREMENT,
  `questionnaire_id` varchar(64) COLLATE utf8mb4_unicode_ci NOT NULL,
  `group_key` varchar(64) COLLATE utf8mb4_unicode_ci NOT NULL,
  `group_order` int NOT NULL DEFAULT '0',
  `enabled` tinyint NOT NULL DEFAULT '1',
  `updated_at` datetime NOT NULL DEFAULT CURRENT_TIMESTAMP ON UPDATE CURRENT_TIMESTAMP,
  `group_name` varchar(255) COLLATE utf8mb4_unicode_ci NOT NULL DEFAULT '',
  `group_desc` text COLLATE utf8mb4_unicode_ci,
  `icon` varchar(32) COLLATE utf8mb4_unicode_ci DEFAULT NULL,
  PRIMARY KEY (`id`),
  UNIQUE KEY `uk_questionnaire_group` (`questionnaire_id`,`group_key`),
  KEY `idx_questionnaire_id` (`questionnaire_id`),
  CONSTRAINT `fk_group_questionnaire` FOREIGN KEY (`questionnaire_id`) REFERENCES `rule_questionnaire` (`questionnaire_id`)
) ENGINE=InnoDB AUTO_INCREMENT=231 DEFAULT CHARSET=utf8mb4 COLLATE=utf8mb4_unicode_ci;
/*!40101 SET character_set_client = @saved_cs_client */;

--
-- Dumping data for table `rule_question_group`
--

LOCK TABLES `rule_question_group` WRITE;
/*!40000 ALTER TABLE `rule_question_group` DISABLE KEYS */;
INSERT INTO `rule_question_group` VALUES (1,'questionnaire_divorce_property_split','G0',0,1,'2026-03-31 17:25:07','前置程序确认','确认是否满足离婚房产分割的基本前提条件','⚖️'),(2,'questionnaire_divorce_property_split','G1',1,1,'2026-03-31 17:25:07','房产基础事实','采集房产购置时间、出资来源、登记状态等核心事实','🏠'),(3,'questionnaire_divorce_property_split','G2',2,1,'2026-03-31 17:25:07','协议与赠与','采集离婚协议、房产赠与及彩礼相关事实','📝'),(4,'questionnaire_divorce_property_split','G3',3,1,'2026-03-31 17:25:07','父母出资情况','采集父母出资购房的时间、比例及赠与意思表示','👨‍👩‍👧'),(9,'questionnaire_divorce_property_split','G4',4,1,'2026-03-31 17:26:08','婚姻过错与补偿','采集婚姻存续期间的过错行为与家务劳动情况','⚠️'),(10,'questionnaire_divorce_property_split','G5',5,1,'2026-03-31 17:26:08','特殊房产类型','采集公房、房改房等特殊房产情况','🏢'),(11,'questionnaire_divorce_property_split','G6',6,1,'2026-03-31 17:26:08','房屋处置意见','采集双方对房屋归属和价值的处置意愿','🔑'),(19,'questionnaire_labor_unpaid_wages','LW0',1,1,'2026-04-07 19:21:32','前置事实确认','先确认是否属于拖欠工资纠纷的基本前提','check'),(20,'questionnaire_labor_unpaid_wages','LW1',2,1,'2026-04-07 19:21:32','劳动关系与工资约定','先把劳动关系和工资标准证据补齐','folder'),(21,'questionnaire_labor_unpaid_wages','LW2',3,1,'2026-04-07 19:21:32','延伸请求（可选）','如需主张加班费或解除补偿，补充对应事实','plus'),(22,'questionnaire_labor_no_contract','LN0',1,1,'2026-04-07 19:21:32','前置事实确认','确认是否属于未签劳动合同争议','check'),(23,'questionnaire_labor_no_contract','LN1',2,1,'2026-04-07 19:21:32','关键要件补全','确认用工时长、补签情况及基础证据','folder'),(24,'questionnaire_labor_no_contract','LN2',3,1,'2026-04-07 19:21:32','延伸请求（可选）','补充无固定期限合同等进阶诉请','plus'),(25,'questionnaire_labor_illegal_termination','LT0',1,1,'2026-04-07 19:21:32','前置事实确认','先确认是否属于违法解除劳动争议','check'),(26,'questionnaire_labor_illegal_termination','LT1',2,1,'2026-04-07 19:21:32','解除事实','补充解除通知、解除理由及程序事实','folder'),(27,'questionnaire_labor_illegal_termination','LT2',3,1,'2026-04-07 19:21:32','延伸事实','核对特殊保护期及单位证据情况','plus'),(28,'questionnaire_betrothal_property','BP1',1,1,'2026-04-09 21:22:06','基础事实','确认彩礼给付与登记情况','check'),(29,'questionnaire_betrothal_property','BP2',2,1,'2026-04-09 21:22:06','返还要件','确认法定返还与补强事实','folder'),(30,'questionnaire_betrothal_property','BP3',3,1,'2026-04-09 21:22:06','证据补强','补充支付凭证与共同生活证据','plus'),(31,'questionnaire_divorce_dispute','DG1',1,1,'2026-04-09 21:22:06','离婚前提','确认婚姻关系与感情破裂','check'),(32,'questionnaire_divorce_dispute','DG2',2,1,'2026-04-09 21:22:06','争议范围','确认子女、财产、债务争议','folder'),(33,'questionnaire_divorce_dispute','DG3',3,1,'2026-04-09 21:22:06','证据补强','补充感情破裂与抚养能力证据','plus'),(34,'questionnaire_post_divorce_property','PD1',1,1,'2026-04-09 21:22:06','离婚后前提','确认离婚已生效及请求方向','check'),(35,'questionnaire_post_divorce_property','PD2',2,1,'2026-04-09 21:22:06','财产线索','确认未分割或隐藏转移线索','folder'),(36,'questionnaire_post_divorce_property','PD3',3,1,'2026-04-09 21:22:06','证据补强','补充协议、线索与交易证据','plus'),(37,'questionnaire_labor_injury_compensation','LI1',1,1,'2026-04-09 21:22:06','工伤前提','确认劳动关系与事故事实','check'),(38,'questionnaire_labor_injury_compensation','LI2',2,1,'2026-04-09 21:22:06','待遇项目','确认医疗费/停工留薪/伤残事实','folder'),(39,'questionnaire_labor_injury_compensation','LI3',3,1,'2026-04-09 21:22:06','证据补强','补充事故、病历和鉴定材料','plus'),(40,'questionnaire_labor_overtime_pay','LO1',1,1,'2026-04-09 21:22:06','加班前提','确认劳动关系和主张方向','check'),(41,'questionnaire_labor_overtime_pay','LO2',2,1,'2026-04-09 21:22:06','加班细项','确认工作日/休息日/节假日加班事实','folder'),(42,'questionnaire_labor_overtime_pay','LO3',3,1,'2026-04-09 21:22:06','证据补强','补充考勤、审批和工资对照材料','plus'),(43,'questionnaire_property_dispute','P0',1,1,'2026-04-15 00:29:26','基础事实','确认是否属于婚约财产/彩礼等纠纷的基本前提','check'),(44,'questionnaire_property_dispute','P1',2,1,'2026-04-15 00:29:26','争议要点','采集给付、登记、共同生活、金额等关键事实','folder'),(45,'questionnaire_property_dispute','P2',3,1,'2026-04-15 00:29:26','证据补强','补充转账/收条、共同生活、困难等证据线索','plus'),(46,'questionnaire_child_support_dispute','C0',1,1,'2026-04-15 00:29:26','前置确认','确认亲子关系与抚养争议存在','check'),(47,'questionnaire_child_support_dispute','C1',2,1,'2026-04-15 00:29:26','抚养费要件','采集抚养费标准、支付能力、实际支出等','folder'),(48,'questionnaire_child_support_dispute','C2',3,1,'2026-04-15 00:29:26','变更抚养（可选）','采集变更抚养关系的法定情形与证据','plus'),(49,'questionnaire_support_dispute','S0',1,1,'2026-04-15 00:29:26','前置确认','确认赡养关系与生活困难','check'),(50,'questionnaire_support_dispute','S1',2,1,'2026-04-15 00:29:26','赡养要件','采集被赡养人需要与赡养人能力','folder'),(51,'questionnaire_support_dispute','S2',3,1,'2026-04-15 00:29:26','证据补强','补充疾病、收入、支出、拒绝赡养证据','plus'),(52,'questionnaire_inherit_dispute','I0',1,1,'2026-04-15 00:29:26','前置确认','确认继承开始、继承人范围与遗产线索','check'),(53,'questionnaire_inherit_dispute','I1',2,1,'2026-04-15 00:29:26','法定继承','采集继承顺序、份额、代位/转继承等要点','folder'),(54,'questionnaire_inherit_dispute','I2',3,1,'2026-04-15 00:29:26','遗嘱/遗赠（可选）','采集遗嘱形式、效力、见证与保管','plus'),(55,'questionnaire_in_marriage_property_division_dispute','G0',0,1,'2026-04-16 21:23:37','前置程序确认','确认婚内财产分割审查入口','⚖️'),(56,'questionnaire_in_marriage_property_division_dispute','G1',1,1,'2026-04-16 21:23:37','争议要点','采集藏匿转移/挥霍/医疗紧急支出等关键事实','📌'),(57,'questionnaire_in_marriage_property_division_dispute','G2',2,1,'2026-04-16 21:23:37','证据补强','补充转账流水、票据、登记与资产清单等','🧾'),(58,'questionnaire_post_divorce_damage_liability_dispute','G0',0,1,'2026-04-16 21:23:37','前置程序确认','确认离婚后损害责任可进入审查','⚖️'),(59,'questionnaire_post_divorce_damage_liability_dispute','G1',1,1,'2026-04-16 21:23:37','损害与过错要件','采集过错线索与损害后果','📌'),(60,'questionnaire_post_divorce_damage_liability_dispute','G2',2,1,'2026-04-16 21:23:37','证据补强','补充聊天、病历、费用清单等','🧾'),(61,'questionnaire_marriage_invalid_dispute','G0',0,1,'2026-04-16 21:23:37','前置程序确认','确认婚姻无效类型与请求方向','⚖️'),(62,'questionnaire_marriage_invalid_dispute','G1',1,1,'2026-04-16 21:23:37','无效原因要点','采集无效原因线索与关键要件','📌'),(63,'questionnaire_marriage_invalid_dispute','G2',2,1,'2026-04-16 21:23:37','证据补强','补充登记、身份与财产/子女线索','🧾'),(64,'questionnaire_marriage_annulment_dispute','G0',0,1,'2026-04-16 21:23:37','前置程序确认','确认撤销婚姻原因与请求方向','⚖️'),(65,'questionnaire_marriage_annulment_dispute','G1',1,1,'2026-04-16 21:23:37','撤销原因要点','采集胁迫/欺诈/隐瞒重大疾病等线索','📌'),(66,'questionnaire_marriage_annulment_dispute','G2',2,1,'2026-04-16 21:23:37','证据补强','补充录音聊天、病历诊断与登记材料','🧾'),(67,'questionnaire_spousal_property_agreement_dispute','G0',0,1,'2026-04-16 21:23:37','前置程序确认','确认是否存在夫妻财产约定协议','⚖️'),(68,'questionnaire_spousal_property_agreement_dispute','G1',1,1,'2026-04-16 21:23:37','协议争议要点','采集约定明确性、履行争议与无效抗辩','📌'),(69,'questionnaire_spousal_property_agreement_dispute','G2',2,1,'2026-04-16 21:23:37','证据补强','补充协议文本、公证/登记与催告履行证据','🧾'),(70,'questionnaire_cohabitation_dispute','G0',0,1,'2026-04-16 21:23:37','前置程序确认','确认同居背景与纠纷入口','⚖️'),(71,'questionnaire_cohabitation_dispute','G1',1,1,'2026-04-16 21:23:37','财产与子女要点','采集共同生活/投入、财产争议与抚养问题','📌'),(72,'questionnaire_cohabitation_dispute','G2',2,1,'2026-04-16 21:23:37','证据补强','补充转账流水、同住证据、收入与沟通记录','🧾'),(73,'questionnaire_paternity_confirmation_dispute','G0',0,1,'2026-04-16 21:23:37','前置程序确认','确认亲子关系争议与确认请求方向','⚖️'),(74,'questionnaire_paternity_confirmation_dispute','G1',1,1,'2026-04-16 21:23:37','鉴定与要件','采集鉴定情况与结论支持指向','📌'),(75,'questionnaire_paternity_confirmation_dispute','G2',2,1,'2026-04-16 21:23:37','证据补强','补充出生/户籍/亲属关系与鉴定材料','🧾'),(76,'questionnaire_paternity_disclaimer_dispute','G0',0,1,'2026-04-16 21:23:37','前置程序确认','确认亲子关系争议与否认请求方向','⚖️'),(77,'questionnaire_paternity_disclaimer_dispute','G1',1,1,'2026-04-16 21:23:37','鉴定与要件','采集鉴定情况与结论不支持指向','📌'),(78,'questionnaire_paternity_disclaimer_dispute','G2',2,1,'2026-04-16 21:23:37','证据补强','补充出生/户籍/亲属关系与鉴定材料','🧾'),(79,'questionnaire_sibling_support_dispute','G0',0,1,'2026-04-16 21:23:37','前置程序确认','确认扶养义务关系与争议入口','⚖️'),(80,'questionnaire_sibling_support_dispute','G1',1,1,'2026-04-16 21:23:37','要件要点','采集困难、能力、拒绝履行与变更主张','📌'),(81,'questionnaire_sibling_support_dispute','G2',2,1,'2026-04-16 21:23:37','证据补强','补充收入证明、医疗/失能与沟通/转账证据','🧾'),(82,'questionnaire_adoption_dispute','G0',0,1,'2026-04-16 21:23:37','前置程序确认','确认收养请求方向：确认或解除','⚖️'),(83,'questionnaire_adoption_dispute','G1',1,1,'2026-04-16 21:23:37','登记/事实要点','采集登记与长期事实维持情况','📌'),(84,'questionnaire_adoption_dispute','G2',2,1,'2026-04-16 21:23:37','证据补强','补充登记材料、照顾记录、协议与解除原因线索','🧾'),(85,'questionnaire_guardianship_dispute','G0',0,1,'2026-04-16 21:23:37','前置程序确认','确认监护需求与请求方向','⚖️'),(86,'questionnaire_guardianship_dispute','G1',1,1,'2026-04-16 21:23:37','能力与现状要点','采集无/限制能力与现任监护履职情况','📌'),(87,'questionnaire_guardianship_dispute','G2',2,1,'2026-04-16 21:23:37','证据补强','补充鉴定/诊断材料与申请文书线索','🧾'),(88,'questionnaire_visitation_dispute','G0',0,1,'2026-04-16 21:23:37','前置程序确认','确认分开背景与探望请求方向','⚖️'),(89,'questionnaire_visitation_dispute','G1',1,1,'2026-04-16 21:23:37','探望障碍要点','采集拒绝探望/安排协议与实施情况','📌'),(90,'questionnaire_visitation_dispute','G2',2,1,'2026-04-16 21:23:37','证据补强','补充沟通记录、视频/录音与文书材料','🧾'),(91,'questionnaire_family_partition_dispute','G0',0,1,'2026-04-16 21:23:37','前置程序确认','确认同堂共同生活与析产入口','⚖️'),(92,'questionnaire_family_partition_dispute','G1',1,1,'2026-04-16 21:23:37','财产争议要点','采集共同置办财产、登记证据与分割争议','📌'),(93,'questionnaire_family_partition_dispute','G2',2,1,'2026-04-16 21:23:37','证据补强','补充资金来源、财产清单/账本与沟通记录','🧾'),(154,'questionnaire_marriage_betrothal_property_dispute','BP1',1,1,'2026-04-16 22:04:56','基础事实','确认彩礼给付与登记情况','check'),(155,'questionnaire_marriage_betrothal_property_dispute','BP2',2,1,'2026-04-16 22:04:56','返还要件','确认法定返还与补强事实','folder'),(156,'questionnaire_marriage_betrothal_property_dispute','BP3',3,1,'2026-04-16 22:04:56','证据补强','补充支付凭证与共同生活证据','plus'),(157,'questionnaire_marriage_betrothal_property_dispute','P0',1,1,'2026-04-16 22:04:56','基础事实','确认是否属于婚约财产/彩礼等纠纷的基本前提','check'),(158,'questionnaire_marriage_betrothal_property_dispute','P1',2,1,'2026-04-16 22:04:56','争议要点','采集给付、登记、共同生活、金额等关键事实','folder'),(159,'questionnaire_marriage_betrothal_property_dispute','P2',3,1,'2026-04-16 22:04:56','证据补强','补充转账/收条、共同生活、困难等证据线索','plus'),(161,'questionnaire_marriage_invalid_dispute','G3',3,1,'2026-04-16 22:55:29','精细化要件','细化婚姻无效法定事由、请求人资格及后续安排','🔎'),(162,'questionnaire_marriage_annulment_dispute','G3',3,1,'2026-04-16 22:55:29','精细化要件','细化撤销事由、期间、损害赔偿及后续安排','🔎'),(163,'questionnaire_post_divorce_damage_liability_dispute','G3',3,1,'2026-04-16 22:55:29','精细化要件','细化过错类型、后果、程序与赔偿范围','🔎'),(164,'questionnaire_paternity_confirmation_dispute','G3',3,1,'2026-04-16 22:55:29','精细化要件','细化亲子确认中的鉴定配合、出生登记和举证妨碍','🔎'),(165,'questionnaire_paternity_disclaimer_dispute','G3',3,1,'2026-04-16 22:55:29','精细化要件','细化亲子否认中的鉴定配合、出生登记和举证妨碍','🔎'),(166,'questionnaire_adoption_dispute','G3',3,1,'2026-04-16 22:55:29','精细化要件','细化收养路径、照护能力、协议材料及解除后安排','🔎'),(167,'questionnaire_guardianship_dispute','G3',3,1,'2026-04-16 22:55:29','精细化要件','细化主体资格、照护能力和财产管理需求','🔎'),(168,'questionnaire_visitation_dispute','G3',3,1,'2026-04-16 22:55:29','精细化要件','细化子女意愿、探望方式与中止风险','🔎'),(169,'questionnaire_sibling_support_dispute','G3',3,1,'2026-04-16 22:55:29','精细化要件','细化无劳动能力、医疗护理、多义务人与费用主张','🔎'),(170,'questionnaire_spousal_property_agreement_dispute','G3',3,1,'2026-04-16 22:55:29','精细化要件','细化协议签署时间、书面性、公证及效力抗辩','🔎'),(171,'questionnaire_in_marriage_property_division_dispute','G3',3,1,'2026-04-16 22:55:29','精细化要件','细化财产类型、转移方式、支出影响与挥霍情况','🔎'),(172,'questionnaire_cohabitation_dispute','G3',3,1,'2026-04-16 22:55:29','精细化要件','细化同居期间、共同购置、出资比例及子女支出','🔎'),(173,'questionnaire_family_partition_dispute','G3',3,1,'2026-04-16 22:55:29','精细化要件','细化成员范围、分家状态、占有使用和出资来源','🔎'),(226,'questionnaire_divorce_dispute','DG4',4,1,'2026-04-16 23:55:38','离婚事由与风险','细化离婚事由、过错与风险提示','alert'),(230,'questionnaire_post_divorce_property','PD4',4,1,'2026-04-16 23:56:30','时效与发现时间','细化发现时间、线索来源与时效风险','clock');
/*!40000 ALTER TABLE `rule_question_group` ENABLE KEYS */;
UNLOCK TABLES;

--
-- Table structure for table `rule_question_option`
--

DROP TABLE IF EXISTS `rule_question_option`;
/*!40101 SET @saved_cs_client     = @@character_set_client */;
/*!50503 SET character_set_client = utf8mb4 */;
CREATE TABLE `rule_question_option` (
  `id` bigint NOT NULL AUTO_INCREMENT,
  `question_id` bigint NOT NULL,
  `option_value` varchar(128) COLLATE utf8mb4_unicode_ci NOT NULL,
  `option_label` varchar(255) COLLATE utf8mb4_unicode_ci NOT NULL,
  `option_order` int NOT NULL DEFAULT '0',
  `enabled` tinyint NOT NULL DEFAULT '1',
  `updated_at` datetime NOT NULL DEFAULT CURRENT_TIMESTAMP ON UPDATE CURRENT_TIMESTAMP,
  PRIMARY KEY (`id`),
  UNIQUE KEY `uk_question_option_value` (`question_id`,`option_value`),
  CONSTRAINT `fk_question_option_question` FOREIGN KEY (`question_id`) REFERENCES `rule_question` (`id`)
) ENGINE=InnoDB AUTO_INCREMENT=155 DEFAULT CHARSET=utf8mb4 COLLATE=utf8mb4_unicode_ci;
/*!40101 SET character_set_client = @saved_cs_client */;

--
-- Dumping data for table `rule_question_option`
--

LOCK TABLES `rule_question_option` WRITE;
/*!40000 ALTER TABLE `rule_question_option` DISABLE KEYS */;
INSERT INTO `rule_question_option` VALUES (1,4,'婚前','婚前购置',0,1,'2026-03-31 17:25:07'),(2,4,'婚后','婚后购置',1,1,'2026-03-31 17:25:07'),(3,5,'一方个人','一方个人出资',0,1,'2026-03-31 17:25:07'),(4,5,'双方共同','双方共同出资',1,1,'2026-03-31 17:25:07'),(5,5,'父母出资','一方父母出资',2,1,'2026-03-31 17:25:07'),(6,5,'双方父母','双方父母共同出资',3,1,'2026-03-31 17:25:07'),(7,6,'全款','全款支付',0,1,'2026-03-31 17:25:07'),(8,6,'按揭','首付+按揭贷款',1,1,'2026-03-31 17:25:07'),(9,7,'出资方个人','出资方个人名下',0,1,'2026-03-31 17:25:07'),(10,7,'配偶','配偶名下',1,1,'2026-03-31 17:25:07'),(11,7,'双方共同','夫妻双方共同名下',2,1,'2026-03-31 17:25:07'),(12,7,'父母名下','出资方父母名下',3,1,'2026-03-31 17:25:07'),(13,9,'无增值','无明显增值',0,1,'2026-03-31 17:25:07'),(14,9,'自然增值','自然增值（市场行情上涨）',1,1,'2026-03-31 17:25:07'),(15,9,'投资收益','投资性收益（经营/出租等）',2,1,'2026-03-31 17:25:07'),(16,13,'未过户','尚未办理变更登记',0,1,'2026-03-31 17:25:07'),(17,13,'已过户','已经办理变更登记',1,1,'2026-03-31 17:25:07'),(18,19,'婚前','婚前出资',0,1,'2026-03-31 17:25:07'),(19,19,'婚后','婚后出资',1,1,'2026-03-31 17:25:07'),(20,20,'全额','全额出资',0,1,'2026-03-31 17:25:07'),(21,20,'部分','部分出资（其余为夫妻共同支付）',1,1,'2026-03-31 17:25:07'),(43,25,'无','不存在过错情形',0,1,'2026-03-31 17:26:08'),(44,25,'重婚','重婚',1,1,'2026-03-31 17:26:08'),(45,25,'同居','与他人同居',2,1,'2026-03-31 17:26:08'),(46,25,'家暴','实施家庭暴力',3,1,'2026-03-31 17:26:08'),(47,25,'虐待遗弃','虐待或遗弃家庭成员',4,1,'2026-03-31 17:26:08'),(48,25,'其他重大过错','其他重大过错',5,1,'2026-03-31 17:26:08'),(49,34,'竞价','双方都想要房子（同意竞价取得）',0,1,'2026-03-31 17:26:08'),(50,34,'评估补偿','一方想要房子，愿意给对方补偿',1,1,'2026-03-31 17:26:08'),(51,34,'拍卖变卖','双方都不要房子，同意卖掉分钱',2,1,'2026-03-31 17:26:08'),(82,69,'article_39','过失性解除（第39条）',1,1,'2026-04-07 19:21:32'),(83,69,'article_40','无过失性解除（第40条）',2,1,'2026-04-07 19:21:32'),(84,69,'article_41','经济性裁员（第41条）',3,1,'2026-04-07 19:21:32'),(85,69,'unknown','无法说明或其他',4,1,'2026-04-07 19:21:32'),(86,142,'未登记','未办理结婚登记',0,1,'2026-04-15 00:29:26'),(87,142,'已登记','已办理结婚登记',1,1,'2026-04-15 00:29:26'),(89,148,'彩礼','彩礼/礼金',0,1,'2026-04-15 00:29:26'),(90,148,'房产','房产/加名/购房出资',1,1,'2026-04-15 00:29:26'),(91,148,'车辆','车辆/大件购置',2,1,'2026-04-15 00:29:26'),(92,148,'转账','大额转账/红包',3,1,'2026-04-15 00:29:26'),(93,148,'其他','其他',9,1,'2026-04-15 00:29:26'),(96,153,'母亲','母亲直接抚养',0,1,'2026-04-15 00:29:26'),(97,153,'父亲','父亲直接抚养',1,1,'2026-04-15 00:29:26'),(98,153,'共同','双方轮流/共同抚养',2,1,'2026-04-15 00:29:26'),(99,153,'其他','其他（祖父母等）',9,1,'2026-04-15 00:29:26'),(103,167,'生活费','支付赡养生活费',0,1,'2026-04-15 00:29:26'),(104,167,'医疗费','承担医疗费用',1,1,'2026-04-15 00:29:26'),(105,167,'护理','护理照料安排',2,1,'2026-04-15 00:29:26'),(106,167,'探望','探望与照护频次',3,1,'2026-04-15 00:29:26'),(107,167,'综合','综合赡养安排',9,1,'2026-04-15 00:29:26'),(122,416,'已登记','已办理结婚登记',1,1,'2026-04-16 22:04:56'),(123,416,'未登记','未办理结婚登记',0,1,'2026-04-16 22:04:56'),(124,422,'其他','其他',9,1,'2026-04-16 22:04:56'),(125,422,'彩礼','彩礼/礼金',0,1,'2026-04-16 22:04:56'),(126,422,'房产','房产/加名/购房出资',1,1,'2026-04-16 22:04:56'),(127,422,'车辆','车辆/大件购置',2,1,'2026-04-16 22:04:56'),(128,422,'转账','大额转账/红包',3,1,'2026-04-16 22:04:56'),(129,442,'prior_marriage','存在在先婚姻未解除',1,1,'2026-04-16 22:55:29'),(130,442,'prohibited_kinship','属于禁止结婚亲属关系',2,1,'2026-04-16 22:55:29'),(131,442,'underage','结婚时未达法定婚龄',3,1,'2026-04-16 22:55:29'),(132,442,'other','其他法定无效事由线索',4,1,'2026-04-16 22:55:29'),(133,449,'coercion','胁迫结婚',1,1,'2026-04-16 22:55:29'),(134,449,'concealed_disease','婚前隐瞒重大疾病',2,1,'2026-04-16 22:55:29'),(135,449,'other','其他可撤销事由线索',3,1,'2026-04-16 22:55:29'),(136,457,'bigamy','重婚',1,1,'2026-04-16 22:55:29'),(137,457,'cohabitation','与他人同居',2,1,'2026-04-16 22:55:29'),(138,457,'domestic_violence','家庭暴力',3,1,'2026-04-16 22:55:29'),(139,457,'abuse_abandonment','虐待遗弃',4,1,'2026-04-16 22:55:29'),(140,457,'other_tort','其他侵害行为',5,1,'2026-04-16 22:55:29'),(141,458,'mental','精神损害',1,1,'2026-04-16 22:55:29'),(142,458,'medical','治疗费用',2,1,'2026-04-16 22:55:29'),(143,458,'income_loss','误工收入损失',3,1,'2026-04-16 22:55:29'),(144,458,'mixed','多项损害并存',4,1,'2026-04-16 22:55:29'),(145,459,'handled_yes','已处理',1,1,'2026-04-16 22:55:29'),(146,459,'handled_no','未处理',2,1,'2026-04-16 22:55:29'),(147,459,'unclear','暂不明确',3,1,'2026-04-16 22:55:29'),(148,474,'registered','登记收养',1,1,'2026-04-16 22:55:29'),(149,474,'de_facto','事实收养',2,1,'2026-04-16 22:55:29'),(150,474,'dissolution','解除收养',3,1,'2026-04-16 22:55:29'),(151,477,'relationship_breakdown','关系恶化无法共同生活',1,1,'2026-04-16 22:55:29'),(152,477,'failure_support','不尽抚养义务',2,1,'2026-04-16 22:55:29'),(153,477,'abuse','虐待遗弃或严重侵害',3,1,'2026-04-16 22:55:29'),(154,477,'other','其他严重原因',4,1,'2026-04-16 22:55:29');
/*!40000 ALTER TABLE `rule_question_option` ENABLE KEYS */;
UNLOCK TABLES;

--
-- Table structure for table `rule_question_visibility_rule`
--

DROP TABLE IF EXISTS `rule_question_visibility_rule`;
/*!40101 SET @saved_cs_client     = @@character_set_client */;
/*!50503 SET character_set_client = utf8mb4 */;
CREATE TABLE `rule_question_visibility_rule` (
  `id` bigint NOT NULL AUTO_INCREMENT,
  `question_id` bigint NOT NULL,
  `show_if` tinyint NOT NULL DEFAULT '1',
  `condition_json` json NOT NULL,
  `rule_order` int NOT NULL DEFAULT '0',
  `enabled` tinyint NOT NULL DEFAULT '1',
  `updated_at` datetime NOT NULL DEFAULT CURRENT_TIMESTAMP ON UPDATE CURRENT_TIMESTAMP,
  PRIMARY KEY (`id`),
  KEY `idx_question_visibility` (`question_id`),
  CONSTRAINT `fk_visibility_question` FOREIGN KEY (`question_id`) REFERENCES `rule_question` (`id`)
) ENGINE=InnoDB AUTO_INCREMENT=24 DEFAULT CHARSET=utf8mb4 COLLATE=utf8mb4_unicode_ci;
/*!40101 SET character_set_client = @saved_cs_client */;

--
-- Dumping data for table `rule_question_visibility_rule`
--

LOCK TABLES `rule_question_visibility_rule` WRITE;
/*!40000 ALTER TABLE `rule_question_visibility_rule` DISABLE KEYS */;
INSERT INTO `rule_question_visibility_rule` VALUES (1,8,1,'{\"op\": \"eq\", \"value\": \"按揭\", \"answerKey\": \"房产出资性质\"}',0,1,'2026-03-31 17:27:25'),(2,11,1,'{\"op\": \"eq\", \"value\": true, \"answerKey\": \"签订离婚协议\"}',0,1,'2026-03-31 17:27:25'),(3,13,1,'{\"op\": \"eq\", \"value\": true, \"answerKey\": \"存在房产赠与约定\"}',0,1,'2026-03-31 17:27:25'),(4,14,1,'{\"op\": \"eq\", \"value\": true, \"answerKey\": \"存在房产赠与约定\"}',0,1,'2026-03-31 17:27:25'),(5,15,1,'{\"op\": \"eq\", \"value\": true, \"answerKey\": \"赠与房产认定为彩礼\"}',0,1,'2026-03-31 17:27:25'),(6,16,1,'{\"op\": \"eq\", \"value\": true, \"answerKey\": \"双方已办结婚登记\"}',0,1,'2026-03-31 17:27:25'),(7,17,1,'{\"op\": \"eq\", \"value\": true, \"answerKey\": \"赠与房产认定为彩礼\"}',0,1,'2026-03-31 17:27:25'),(8,18,1,'{\"op\": \"eq\", \"value\": true, \"answerKey\": \"存在房产赠与约定\"}',0,1,'2026-03-31 17:27:25'),(9,19,1,'{\"op\": \"eq\", \"value\": \"父母出资\", \"answerKey\": \"房产出资主体\"}',0,1,'2026-03-31 17:27:25'),(10,20,1,'{\"op\": \"eq\", \"value\": \"父母出资\", \"answerKey\": \"房产出资主体\"}',0,1,'2026-03-31 17:27:25'),(11,21,1,'{\"op\": \"eq\", \"value\": \"父母出资\", \"answerKey\": \"房产出资主体\"}',0,1,'2026-03-31 17:27:25'),(12,22,1,'{\"op\": \"eq\", \"value\": true, \"answerKey\": \"存在书面赠与合同\"}',0,1,'2026-03-31 17:27:25'),(13,23,1,'{\"op\": \"eq\", \"value\": true, \"answerKey\": \"存在书面赠与合同\"}',0,1,'2026-03-31 17:27:25'),(14,26,1,'{\"op\": \"neq\", \"notValue\": \"无\", \"answerKey\": \"存在过错情形\"}',0,1,'2026-03-31 17:27:25'),(15,27,1,'{\"op\": \"neq\", \"notValue\": \"无\", \"answerKey\": \"存在过错情形\"}',0,1,'2026-03-31 17:27:25'),(16,30,1,'{\"op\": \"neq\", \"notValue\": \"无\", \"answerKey\": \"存在过错情形\"}',0,1,'2026-03-31 17:27:25'),(17,34,1,'{\"op\": \"eq\", \"value\": true, \"answerKey\": \"双方对房屋价值归属无法协议\"}',0,1,'2026-03-31 17:27:25'),(18,49,1,'{\"op\": \"eq\", \"value\": true, \"answerKey\": \"主张加班费\"}',1,1,'2026-04-07 19:21:32'),(19,50,1,'{\"op\": \"eq\", \"value\": true, \"answerKey\": \"主张加班费\"}',1,1,'2026-04-07 19:21:32'),(20,52,1,'{\"op\": \"eq\", \"value\": true, \"answerKey\": \"主张解除补偿\"}',1,1,'2026-04-07 19:21:32'),(21,64,1,'{\"op\": \"eq\", \"value\": true, \"answerKey\": \"主张无固定期限合同\"}',1,1,'2026-04-07 19:21:32'),(22,68,1,'{\"op\": \"eq\", \"value\": true, \"answerKey\": \"有解除通知\"}',1,1,'2026-04-07 19:21:32'),(23,70,1,'{\"op\": \"eq\", \"value\": \"article_40\", \"answerKey\": \"解除理由类型\"}',1,1,'2026-04-07 19:21:32');
/*!40000 ALTER TABLE `rule_question_visibility_rule` ENABLE KEYS */;
UNLOCK TABLES;

--
-- Table structure for table `rule_questionnaire`
--

DROP TABLE IF EXISTS `rule_questionnaire`;
/*!40101 SET @saved_cs_client     = @@character_set_client */;
/*!50503 SET character_set_client = utf8mb4 */;
CREATE TABLE `rule_questionnaire` (
  `questionnaire_id` varchar(64) COLLATE utf8mb4_unicode_ci NOT NULL,
  `name` varchar(255) COLLATE utf8mb4_unicode_ci NOT NULL,
  `enabled` tinyint NOT NULL DEFAULT '1',
  `version_no` int NOT NULL DEFAULT '1',
  `updated_at` datetime NOT NULL DEFAULT CURRENT_TIMESTAMP ON UPDATE CURRENT_TIMESTAMP,
  PRIMARY KEY (`questionnaire_id`),
  UNIQUE KEY `uk_questionnaire_id` (`questionnaire_id`)
) ENGINE=InnoDB DEFAULT CHARSET=utf8mb4 COLLATE=utf8mb4_unicode_ci;
/*!40101 SET character_set_client = @saved_cs_client */;

--
-- Dumping data for table `rule_questionnaire`
--

LOCK TABLES `rule_questionnaire` WRITE;
/*!40000 ALTER TABLE `rule_questionnaire` DISABLE KEYS */;
INSERT INTO `rule_questionnaire` VALUES ('questionnaire_adoption_dispute','收养关系纠纷问卷',1,1,'2026-04-16 21:23:37'),('questionnaire_betrothal_property','婚约财产纠纷问卷',1,1,'2026-04-11 16:07:10'),('questionnaire_child_support_dispute','抚养费/变更抚养关系纠纷问卷',1,1,'2026-04-15 00:29:26'),('questionnaire_cohabitation_dispute','同居关系纠纷问卷',1,1,'2026-04-16 21:23:37'),('questionnaire_divorce_dispute','离婚纠纷问卷',1,1,'2026-04-11 16:07:10'),('questionnaire_divorce_property_split','离婚房产分割问卷',1,1,'2026-03-31 17:25:07'),('questionnaire_family_partition_dispute','分家析产纠纷问卷',1,1,'2026-04-16 21:23:37'),('questionnaire_guardianship_dispute','监护权纠纷问卷',1,1,'2026-04-16 21:23:37'),('questionnaire_in_marriage_property_division_dispute','婚内夫妻财产分割纠纷问卷',1,1,'2026-04-16 21:23:37'),('questionnaire_inherit_dispute','继承纠纷问卷',1,1,'2026-04-15 00:29:26'),('questionnaire_labor_illegal_termination','违法解除劳动关系纠纷问卷',1,1,'2026-04-11 16:07:10'),('questionnaire_labor_injury_compensation','工伤赔偿纠纷问卷',1,1,'2026-04-11 16:07:10'),('questionnaire_labor_no_contract','未签劳动合同纠纷问卷',1,1,'2026-04-11 16:07:10'),('questionnaire_labor_overtime_pay','加班费争议问卷',1,1,'2026-04-11 16:07:10'),('questionnaire_labor_unpaid_wages','拖欠工资纠纷问卷',1,1,'2026-04-11 16:07:10'),('questionnaire_marriage_annulment_dispute','撤销婚姻纠纷问卷',1,1,'2026-04-16 21:23:37'),('questionnaire_marriage_betrothal_property_dispute','婚约财产纠纷（彩礼+房产等合并）问卷',1,1,'2026-04-16 21:54:06'),('questionnaire_marriage_invalid_dispute','婚姻无效纠纷问卷',1,1,'2026-04-16 21:23:37'),('questionnaire_paternity_confirmation_dispute','亲子关系纠纷-确认问卷',1,1,'2026-04-16 21:23:37'),('questionnaire_paternity_disclaimer_dispute','亲子关系纠纷-否认问卷',1,1,'2026-04-16 21:23:37'),('questionnaire_post_divorce_damage_liability_dispute','离婚后损害责任纠纷问卷',1,1,'2026-04-16 21:23:37'),('questionnaire_post_divorce_property','离婚后财产纠纷问卷',1,1,'2026-04-11 16:07:10'),('questionnaire_property_dispute','婚约财产纠纷（如房产）问卷',1,1,'2026-04-15 00:29:26'),('questionnaire_sibling_support_dispute','扶养纠纷问卷',1,1,'2026-04-16 21:23:37'),('questionnaire_spousal_property_agreement_dispute','夫妻财产约定纠纷问卷',1,1,'2026-04-16 21:23:37'),('questionnaire_support_dispute','赡养纠纷问卷',1,1,'2026-04-15 00:29:26'),('questionnaire_visitation_dispute','探望权纠纷问卷',1,1,'2026-04-16 21:23:37');
/*!40000 ALTER TABLE `rule_questionnaire` ENABLE KEYS */;
UNLOCK TABLES;

--
-- Table structure for table `rule_step2_evidence_type`
--

DROP TABLE IF EXISTS `rule_step2_evidence_type`;
/*!40101 SET @saved_cs_client     = @@character_set_client */;
/*!50503 SET character_set_client = utf8mb4 */;
CREATE TABLE `rule_step2_evidence_type` (
  `id` bigint NOT NULL AUTO_INCREMENT,
  `target_id` varchar(64) COLLATE utf8mb4_unicode_ci NOT NULL,
  `fact_key` varchar(128) COLLATE utf8mb4_unicode_ci NOT NULL,
  `evidence_type` varchar(255) COLLATE utf8mb4_unicode_ci NOT NULL,
  `evidence_order` int NOT NULL DEFAULT '0',
  `other_option` tinyint NOT NULL DEFAULT '1',
  `enabled` tinyint NOT NULL DEFAULT '1',
  `updated_at` datetime NOT NULL DEFAULT CURRENT_TIMESTAMP ON UPDATE CURRENT_TIMESTAMP,
  PRIMARY KEY (`id`),
  UNIQUE KEY `uk_target_fact_evidence` (`target_id`,`fact_key`,`evidence_type`),
  KEY `idx_target_fact` (`target_id`,`fact_key`),
  CONSTRAINT `fk_step2_evidence_target` FOREIGN KEY (`target_id`) REFERENCES `rule_step2_target` (`target_id`)
) ENGINE=InnoDB AUTO_INCREMENT=1402 DEFAULT CHARSET=utf8mb4 COLLATE=utf8mb4_unicode_ci;
/*!40101 SET character_set_client = @saved_cs_client */;

--
-- Dumping data for table `rule_step2_evidence_type`
--

LOCK TABLES `rule_step2_evidence_type` WRITE;
/*!40000 ALTER TABLE `rule_step2_evidence_type` DISABLE KEYS */;
INSERT INTO `rule_step2_evidence_type` VALUES (1,'target_common_property_split','房产购置时间_婚后','购房合同签订时间材料',0,0,1,'2026-03-31 17:27:26'),(2,'target_common_property_split','房产购置时间_婚后','结婚证/婚姻登记信息',1,0,1,'2026-03-31 17:27:26'),(3,'target_common_property_split','房产购置时间_婚后','购房发票/付款凭证',2,0,1,'2026-03-31 17:27:26'),(4,'target_common_property_split','房产购置时间_婚后','其他可证明材料',3,1,1,'2026-03-31 17:27:26'),(5,'target_common_property_split','出资主体_双方共同','银行流水/转账记录',0,0,1,'2026-03-31 17:27:26'),(6,'target_common_property_split','出资主体_双方共同','首付款凭证',1,0,1,'2026-03-31 17:27:26'),(7,'target_common_property_split','出资主体_双方共同','共同还贷记录/还款明细',2,0,1,'2026-03-31 17:27:26'),(8,'target_common_property_split','出资主体_双方共同','公积金缴存与还贷记录',3,0,1,'2026-03-31 17:27:26'),(9,'target_common_property_split','出资主体_双方共同','其他可证明材料',4,1,1,'2026-03-31 17:27:26'),(10,'target_common_property_split','登记_双方共同','不动产权证书',0,0,1,'2026-03-31 17:27:26'),(11,'target_common_property_split','登记_双方共同','不动产登记信息查询结果',1,0,1,'2026-03-31 17:27:26'),(12,'target_common_property_split','登记_双方共同','变更登记（加名）材料',2,0,1,'2026-03-31 17:27:26'),(13,'target_common_property_split','登记_双方共同','其他可证明材料',3,1,1,'2026-03-31 17:27:26'),(14,'target_no_fault_more_share','存在过错情形','报警回执/行政处罚决定',0,0,1,'2026-03-31 17:27:26'),(15,'target_no_fault_more_share','存在过错情形','医院诊断证明/伤情鉴定',1,0,1,'2026-03-31 17:27:26'),(16,'target_no_fault_more_share','存在过错情形','聊天记录/录音录像',2,0,1,'2026-03-31 17:27:26'),(17,'target_no_fault_more_share','存在过错情形','证人证言',3,0,1,'2026-03-31 17:27:26'),(18,'target_no_fault_more_share','存在过错情形','其他可证明材料',4,1,1,'2026-03-31 17:27:26'),(19,'target_no_fault_more_share','过错有充分证据','法院/公安/医院等出具的客观材料',0,0,1,'2026-03-31 17:27:26'),(20,'target_no_fault_more_share','过错有充分证据','公证材料',1,0,1,'2026-03-31 17:27:26'),(21,'target_no_fault_more_share','过错有充分证据','完整时间线的电子证据',2,0,1,'2026-03-31 17:27:26'),(22,'target_no_fault_more_share','过错有充分证据','其他可证明材料',3,1,1,'2026-03-31 17:27:26'),(23,'target_no_fault_more_share','主张方为无过错方','过错事实与主体对应的证据材料',0,0,1,'2026-03-31 17:27:26'),(24,'target_no_fault_more_share','主张方为无过错方','双方陈述/对方自认材料',1,0,1,'2026-03-31 17:27:26'),(25,'target_no_fault_more_share','主张方为无过错方','其他可证明材料',2,1,1,'2026-03-31 17:27:26'),(51,'target_labor_unpaid_wages_full_payment','存在劳动关系','劳动合同',1,0,1,'2026-04-07 19:21:32'),(52,'target_labor_unpaid_wages_full_payment','存在劳动关系','入职登记信息',2,0,1,'2026-04-07 19:21:32'),(53,'target_labor_unpaid_wages_full_payment','存在劳动关系','社保缴纳记录',3,0,1,'2026-04-07 19:21:32'),(54,'target_labor_unpaid_wages_full_payment','已提供劳动','考勤记录',1,0,1,'2026-04-07 19:21:32'),(55,'target_labor_unpaid_wages_full_payment','已提供劳动','工作群记录',2,0,1,'2026-04-07 19:21:32'),(56,'target_labor_unpaid_wages_full_payment','已提供劳动','工作成果材料',3,0,1,'2026-04-07 19:21:32'),(57,'target_labor_unpaid_wages_full_payment','存在欠薪','工资发放明细',1,0,1,'2026-04-07 19:21:32'),(58,'target_labor_unpaid_wages_full_payment','存在欠薪','银行流水',2,0,1,'2026-04-07 19:21:32'),(59,'target_labor_unpaid_wages_full_payment','有工资约定依据','劳动合同',1,0,1,'2026-04-07 19:21:32'),(60,'target_labor_unpaid_wages_full_payment','有工资约定依据','工资条',2,0,1,'2026-04-07 19:21:32'),(61,'target_labor_unpaid_wages_full_payment','有工资约定依据','薪酬制度文件',3,0,1,'2026-04-07 19:21:32'),(62,'target_labor_unpaid_wages_full_payment','有工资支付记录','银行流水',1,0,1,'2026-04-07 19:21:32'),(63,'target_labor_unpaid_wages_full_payment','有工资支付记录','工资转账记录',2,0,1,'2026-04-07 19:21:32'),(64,'target_labor_unpaid_wages_full_payment','有工资支付记录','工资条',3,0,1,'2026-04-07 19:21:32'),(65,'target_labor_unpaid_wages_full_payment','有催要工资记录','微信聊天记录',1,0,1,'2026-04-07 19:21:32'),(66,'target_labor_unpaid_wages_full_payment','有催要工资记录','短信记录',2,0,1,'2026-04-07 19:21:32'),(67,'target_labor_unpaid_wages_full_payment','有催要工资记录','通话录音',3,0,1,'2026-04-07 19:21:32'),(68,'target_labor_unpaid_wages_full_payment','有明确工资周期约定','劳动合同条款',1,0,1,'2026-04-07 19:21:32'),(69,'target_labor_unpaid_wages_full_payment','有明确工资周期约定','薪资制度文件',2,0,1,'2026-04-07 19:21:32'),(70,'target_labor_unpaid_wages_overtime','主张加班费','仲裁请求清单',1,0,1,'2026-04-07 19:21:32'),(71,'target_labor_unpaid_wages_overtime','有加班事实证据','考勤记录',1,0,1,'2026-04-07 19:21:32'),(72,'target_labor_unpaid_wages_overtime','有加班事实证据','加班审批单',2,0,1,'2026-04-07 19:21:32'),(73,'target_labor_unpaid_wages_overtime','有加班事实证据','门禁记录',3,0,1,'2026-04-07 19:21:32'),(74,'target_labor_unpaid_wages_overtime','有加班工资约定依据','公司规章制度',1,0,1,'2026-04-07 19:21:32'),(75,'target_labor_unpaid_wages_overtime','有加班工资约定依据','劳动合同条款',2,0,1,'2026-04-07 19:21:32'),(76,'target_labor_unpaid_wages_termination_compensation','主张解除补偿','解除通知',1,0,1,'2026-04-07 19:21:32'),(77,'target_labor_unpaid_wages_termination_compensation','主张解除补偿','仲裁请求清单',2,0,1,'2026-04-07 19:21:32'),(78,'target_labor_unpaid_wages_termination_compensation','存在欠薪','银行流水',1,0,1,'2026-04-07 19:21:32'),(79,'target_labor_unpaid_wages_termination_compensation','存在欠薪','工资条',2,0,1,'2026-04-07 19:21:32'),(80,'target_labor_unpaid_wages_termination_compensation','解除原因偏向单位责任','催告记录',1,0,1,'2026-04-07 19:21:32'),(81,'target_labor_unpaid_wages_termination_compensation','解除原因偏向单位责任','解除沟通记录',2,0,1,'2026-04-07 19:21:32'),(82,'target_labor_unpaid_wages_additional_compensation','存在欠薪','工资条',1,0,1,'2026-04-07 19:21:32'),(83,'target_labor_unpaid_wages_additional_compensation','存在欠薪','银行流水',2,0,1,'2026-04-07 19:21:32'),(84,'target_labor_unpaid_wages_additional_compensation','已向劳动监察投诉','投诉回执',1,0,1,'2026-04-07 19:21:32'),(85,'target_labor_unpaid_wages_additional_compensation','已向劳动监察投诉','受理通知',2,0,1,'2026-04-07 19:21:32'),(86,'target_labor_unpaid_wages_additional_compensation','单位逾期仍未支付','限期支付通知',1,0,1,'2026-04-07 19:21:32'),(87,'target_labor_unpaid_wages_additional_compensation','单位逾期仍未支付','逾期未支付证明',2,0,1,'2026-04-07 19:21:32'),(88,'target_labor_no_contract_double_wage','存在劳动关系','考勤记录',1,0,1,'2026-04-07 19:21:32'),(89,'target_labor_no_contract_double_wage','存在劳动关系','工作安排聊天记录',2,0,1,'2026-04-07 19:21:32'),(90,'target_labor_no_contract_double_wage','未签书面劳动合同','合同缺失说明',1,0,1,'2026-04-07 19:21:32'),(91,'target_labor_no_contract_double_wage','未签书面劳动合同','沟通记录',2,0,1,'2026-04-07 19:21:32'),(92,'target_labor_no_contract_double_wage','有工资支付记录','银行流水',1,0,1,'2026-04-07 19:21:32'),(93,'target_labor_no_contract_double_wage','有工资支付记录','工资条',2,0,1,'2026-04-07 19:21:32'),(94,'target_labor_no_contract_sign_contract','存在劳动关系','考勤记录',1,0,1,'2026-04-07 19:21:32'),(95,'target_labor_no_contract_sign_contract','存在劳动关系','工牌',2,0,1,'2026-04-07 19:21:32'),(96,'target_labor_no_contract_sign_contract','未签书面劳动合同','合同缺失说明',1,0,1,'2026-04-07 19:21:32'),(97,'target_labor_no_contract_sign_contract','未签书面劳动合同','入职材料',2,0,1,'2026-04-07 19:21:32'),(98,'target_labor_no_contract_sign_contract','主张补签书面合同','书面申请',1,0,1,'2026-04-07 19:21:32'),(99,'target_labor_no_contract_sign_contract','主张补签书面合同','邮件记录',2,0,1,'2026-04-07 19:21:32'),(100,'target_labor_no_contract_open_term','存在劳动关系','劳动关系证明材料',1,0,1,'2026-04-07 19:21:32'),(101,'target_labor_no_contract_open_term','主张无固定期限合同','请求书',1,0,1,'2026-04-07 19:21:32'),(102,'target_labor_no_contract_open_term','满足无固定期限条件','工龄证明',1,0,1,'2026-04-07 19:21:32'),(103,'target_labor_no_contract_open_term','满足无固定期限条件','续签记录',2,0,1,'2026-04-07 19:21:32'),(104,'target_illegal_termination_compensation','存在劳动关系','劳动合同',1,0,1,'2026-04-07 19:21:32'),(105,'target_illegal_termination_compensation','存在劳动关系','社保记录',2,0,1,'2026-04-07 19:21:32'),(106,'target_illegal_termination_compensation','存在劳动关系','工资记录',3,0,1,'2026-04-07 19:21:32'),(107,'target_illegal_termination_compensation','已被解除或辞退','解除通知书',1,0,1,'2026-04-07 19:21:32'),(108,'target_illegal_termination_compensation','已被解除或辞退','辞退聊天记录',2,0,1,'2026-04-07 19:21:32'),(109,'target_illegal_termination_compensation','解除程序或理由存在瑕疵','解除通知内容',1,0,1,'2026-04-07 19:21:32'),(110,'target_illegal_termination_compensation','解除程序或理由存在瑕疵','规章制度',2,0,1,'2026-04-07 19:21:32'),(111,'target_illegal_termination_compensation','解除程序或理由存在瑕疵','工会材料',3,0,1,'2026-04-07 19:21:32'),(112,'target_illegal_termination_reinstatement','存在劳动关系','劳动合同',1,0,1,'2026-04-07 19:21:32'),(113,'target_illegal_termination_reinstatement','存在劳动关系','工资流水',2,0,1,'2026-04-07 19:21:32'),(114,'target_illegal_termination_reinstatement','已被解除或辞退','解除通知书',1,0,1,'2026-04-07 19:21:32'),(115,'target_illegal_termination_reinstatement','主张继续履行劳动合同','仲裁请求书',1,0,1,'2026-04-07 19:21:32'),(116,'target_illegal_termination_reinstatement','主张继续履行劳动合同','复工申请',2,0,1,'2026-04-07 19:21:32'),(117,'target_illegal_termination_wage_gap','存在劳动关系','劳动合同',1,0,1,'2026-04-07 19:21:32'),(118,'target_illegal_termination_wage_gap','存在劳动关系','工资记录',2,0,1,'2026-04-07 19:21:32'),(119,'target_illegal_termination_wage_gap','已被解除或辞退','解除通知',1,0,1,'2026-04-07 19:21:32'),(120,'target_illegal_termination_wage_gap','已被解除或辞退','系统停权记录',2,0,1,'2026-04-07 19:21:32'),(121,'target_illegal_termination_wage_gap','主张停工期间工资损失','工资标准依据',1,0,1,'2026-04-07 19:21:32'),(122,'target_illegal_termination_wage_gap','主张停工期间工资损失','历史工资流水',2,0,1,'2026-04-07 19:21:32'),(123,'target_illegal_termination_revoke_decision','存在劳动关系','劳动合同',1,0,1,'2026-04-07 19:21:32'),(124,'target_illegal_termination_revoke_decision','存在劳动关系','工资流水',2,0,1,'2026-04-07 19:21:32'),(125,'target_illegal_termination_revoke_decision','已被解除或辞退','解除通知',1,0,1,'2026-04-07 19:21:32'),(126,'target_illegal_termination_revoke_decision','解除理由不明确','解除通知内容',1,0,1,'2026-04-07 19:21:32'),(127,'target_illegal_termination_revoke_decision','解除理由不明确','单位说明材料',2,0,1,'2026-04-07 19:21:32'),(128,'target_illegal_termination_revoke_decision','解除通知为书面','书面通知原件',1,0,1,'2026-04-07 19:21:32'),(129,'target_illegal_termination_revoke_decision','解除通知为书面','送达记录',2,0,1,'2026-04-07 19:21:32'),(130,'target_add_betrothal_refund_full','存在彩礼给付','转账记录/收条',1,0,1,'2026-04-09 21:22:06'),(131,'target_add_betrothal_refund_full','存在法定返还情形','未登记或共同生活证据',1,0,1,'2026-04-09 21:22:06'),(132,'target_add_betrothal_refund_full','彩礼金额','支付明细/聊天记录',1,0,1,'2026-04-09 21:22:06'),(133,'target_add_betrothal_refund_partial','共同生活时间较短','共同生活期间证据',1,0,1,'2026-04-09 21:22:06'),(134,'target_add_betrothal_no_refund','已登记后共同生活','登记与共同生活证据',1,0,1,'2026-04-09 21:22:06'),(135,'target_add_divorce_general_judgment','感情确已破裂','分居/报警/矛盾证据',1,0,1,'2026-04-09 21:22:06'),(136,'target_add_divorce_general_custody','子女长期随一方生活','就学与日常照顾证据',1,0,1,'2026-04-09 21:22:06'),(137,'target_add_divorce_general_property','共同财产范围清晰','不动产/存款/负债清单',1,0,1,'2026-04-09 21:22:06'),(138,'target_add_post_divorce_redistribute','存在未分割共同财产','财产线索清单',1,0,1,'2026-04-09 21:22:06'),(139,'target_add_post_divorce_conceal_penalty','有证据证明隐藏转移','流水/交易记录',1,0,1,'2026-04-09 21:22:06'),(140,'target_add_post_divorce_agreement_enforce','离婚协议财产条款未履行','协议与催告记录',1,0,1,'2026-04-09 21:22:06'),(141,'target_add_labor_injury_recognition','发生工作时间工作场所事故','事故记录/证人证言',1,0,1,'2026-04-09 21:22:06'),(142,'target_add_labor_injury_medical','存在医疗费用支出','医疗票据/病历',1,0,1,'2026-04-09 21:22:06'),(143,'target_add_labor_injury_disability','已认定伤残等级','伤残鉴定结论',1,0,1,'2026-04-09 21:22:06'),(144,'target_add_labor_overtime_workday','存在工作日延时加班','考勤/审批/聊天记录',1,0,1,'2026-04-09 21:22:06'),(145,'target_add_labor_overtime_restday','休息日未安排补休','排班/补休记录',1,0,1,'2026-04-09 21:22:06'),(146,'target_add_labor_overtime_holiday','存在法定节假日加班','节假日值班记录',1,0,1,'2026-04-09 21:22:06'),(147,'target_property_refund','存在彩礼或财产给付','转账记录/收条',1,0,1,'2026-04-15 00:29:27'),(148,'target_property_refund','是否存在法定返还情形','未登记/共同生活证据',1,0,1,'2026-04-15 00:29:27'),(149,'target_property_refund','给付金额','金额明细/聊天记录',1,0,1,'2026-04-15 00:29:27'),(150,'target_child_support_claim_fee','存在亲子关系','出生证明/户口簿/亲子鉴定',1,0,1,'2026-04-15 00:29:27'),(151,'target_child_support_claim_fee','对方未支付抚养费','转账记录/聊天记录/执行材料',1,0,1,'2026-04-15 00:29:27'),(152,'target_child_support_claim_fee','孩子实际月支出','学费票据/医疗票据/生活支出凭证',1,0,1,'2026-04-15 00:29:27'),(153,'target_child_support_change_custody','变更原因属于法定情形','学校/医疗/报警/社区证明',1,0,1,'2026-04-15 00:29:27'),(154,'target_support_claim','存在赡养关系','亲属关系证明',1,0,1,'2026-04-15 00:29:27'),(155,'target_support_claim','被赡养人生活困难','收入证明/病历/失能证明',1,0,1,'2026-04-15 00:29:27'),(156,'target_support_claim','赡养人拒绝履行','聊天记录/录音/转账记录',1,0,1,'2026-04-15 00:29:27'),(157,'target_inherit_confirm_share','继承已经开始','死亡证明/户籍注销证明',1,0,1,'2026-04-15 00:29:27'),(158,'target_inherit_confirm_share','遗产范围大致明确','房产证/银行流水/车辆登记/股权资料',1,0,1,'2026-04-15 00:29:27'),(159,'target_inherit_dispute_will','是否存在遗嘱','遗嘱原件/保管线索',1,0,1,'2026-04-15 00:29:27'),(160,'target_inherit_dispute_will','是否存在遗嘱效力争议','见证人材料/鉴定/录音录像',1,0,1,'2026-04-15 00:29:27'),(506,'target_invalid_prior_marriage','存在在先婚姻未解除事实','前婚结婚证/离婚判决/婚姻登记档案',1,0,1,'2026-04-16 23:17:34'),(507,'target_invalid_prior_marriage','存在在先婚姻未解除事实','民政查询记录/身份材料',2,0,1,'2026-04-16 23:17:34'),(508,'target_invalid_prohibited_kinship','属于禁止结婚亲属关系','户口簿/出生证明/亲属关系证明',1,0,1,'2026-04-16 23:17:34'),(509,'target_invalid_prohibited_kinship','属于禁止结婚亲属关系','家谱材料/村居委证明/公安档案',2,0,1,'2026-04-16 23:17:34'),(510,'target_invalid_underage','结婚时未达法定婚龄','身份证/户口簿/出生医学证明',1,0,1,'2026-04-16 23:17:34'),(511,'target_invalid_underage','结婚时未达法定婚龄','结婚申请材料/登记档案',2,0,1,'2026-04-16 23:17:34'),(512,'target_annulment_coercion','存在胁迫结婚事实','聊天记录/录音录像/报警记录',1,0,1,'2026-04-16 23:17:34'),(513,'target_annulment_coercion','存在胁迫结婚事实','伤情材料/证人证言/求助记录',2,0,1,'2026-04-16 23:17:34'),(514,'target_annulment_concealed_disease','婚前隐瞒重大疾病','病历/诊断证明/住院记录',1,0,1,'2026-04-16 23:17:34'),(515,'target_annulment_concealed_disease','婚前隐瞒重大疾病','婚前体检资料/聊天记录',2,0,1,'2026-04-16 23:17:34'),(516,'target_annulment_time_limit','在法定期间内提出撤销请求','立案材料/起诉状/时间线说明',1,0,1,'2026-04-16 23:17:34'),(517,'target_annulment_time_limit','知道撤销事由时间明确','聊天记录/就诊记录/报案记录',2,0,1,'2026-04-16 23:17:34'),(518,'target_post_divorce_damage_fault','过错类型','聊天记录/录音录像/报警记录',1,0,1,'2026-04-16 23:17:34'),(519,'target_post_divorce_damage_fault','离婚程序中是否已处理损害赔偿','离婚判决书/调解书/离婚协议',2,0,1,'2026-04-16 23:17:34'),(520,'target_post_divorce_damage_causation','损害后果类型','病历/诊断证明/费用清单',1,0,1,'2026-04-16 23:17:34'),(521,'target_post_divorce_damage_causation','存在因果关系材料','病历时间线/鉴定意见/证人证言',2,0,1,'2026-04-16 23:17:34'),(522,'target_post_divorce_damage_amount_detail','赔偿金额或范围明确','费用清单/工资流水/银行回单',1,0,1,'2026-04-16 23:17:34'),(523,'target_post_divorce_damage_amount_detail','存在误工收入损失材料','请假记录/单位证明/社保公积金',2,0,1,'2026-04-16 23:17:34'),(524,'target_paternity_confirm_birth_record','出生登记信息与确认主张一致','出生医学证明/户口簿/出生申报材料',1,0,1,'2026-04-16 23:17:34'),(525,'target_paternity_confirm_birth_record','存在怀孕生育期间往来记录','聊天记录/转账流水/探望记录',2,0,1,'2026-04-16 23:17:34'),(526,'target_paternity_confirm_obstruction','对方拒绝配合亲子鉴定','鉴定通知/送达回证/拒绝说明',1,0,1,'2026-04-16 23:17:34'),(527,'target_paternity_confirm_obstruction','存在举证妨碍线索','法院通知/调查令执行线索',2,0,1,'2026-04-16 23:17:34'),(528,'target_paternity_disclaimer_birth_record','出生登记信息与否认主张不一致','出生医学证明/户口簿/登记信息',1,0,1,'2026-04-16 23:17:34'),(529,'target_paternity_disclaimer_birth_record','存在长期共同生活或抚养记录','同住证明/学校医疗记录/社区证明',2,0,1,'2026-04-16 23:17:34'),(530,'target_paternity_disclaimer_obstruction','对方拒绝配合亲子鉴定','鉴定通知/送达回证/拒绝说明',1,0,1,'2026-04-16 23:17:34'),(531,'target_paternity_disclaimer_obstruction','存在举证妨碍线索','法院通知/调查令执行线索',2,0,1,'2026-04-16 23:17:34'),(532,'target_adoption_registered_confirm','是否已办理收养登记','收养登记证/户口簿/登记材料',1,0,1,'2026-04-16 23:17:34'),(533,'target_adoption_registered_confirm','存在送养同意或协议材料','送养同意书/收养协议/公证材料',2,0,1,'2026-04-16 23:17:34'),(534,'target_adoption_de_facto_confirm','存在事实收养长期维持','共同生活记录/照片视频/学校医疗材料',1,0,1,'2026-04-16 23:17:34'),(535,'target_adoption_de_facto_confirm','收养人具备长期抚养能力','收入证明/银行流水/居住材料',2,0,1,'2026-04-16 23:17:34'),(536,'target_adoption_dissolve_reason','解除原因类型','聊天记录/录音/矛盾冲突材料',1,0,1,'2026-04-16 23:17:34'),(537,'target_adoption_dissolve_reason','存在解除原因线索','不尽抚养义务证据/报警记录/病历',2,0,1,'2026-04-16 23:17:34'),(538,'target_adoption_post_dissolve_arrangement','解除后未成年人抚养安排明确','抚养方案说明/监护安排材料',1,0,1,'2026-04-16 23:17:34'),(539,'target_adoption_post_dissolve_arrangement','解除后未成年人抚养安排明确','生活费教育费测算/学校医疗材料',2,0,1,'2026-04-16 23:17:34'),(540,'target_guardianship_subject_qualification','申请人主体资格明确','身份证明/户口簿/亲属关系证明',1,0,1,'2026-04-16 23:17:34'),(541,'target_guardianship_subject_qualification','存在居委村委或民政意见','居委会证明/村委会证明/民政意见',2,0,1,'2026-04-16 23:17:34'),(542,'target_guardianship_care_ability','申请人照护能力较强','收入证明/银行流水/居住材料',1,0,1,'2026-04-16 23:17:34'),(543,'target_guardianship_care_ability','存在财产管理需求','财产清单/不动产登记信息/账户材料',2,0,1,'2026-04-16 23:17:34'),(544,'target_visitation_child_will','子女已满八周岁','出生证明/户口簿/学籍材料',1,0,1,'2026-04-16 23:17:34'),(545,'target_visitation_child_will','子女有明确探望意愿','谈话记录/学校意见/社工记录',2,0,1,'2026-04-16 23:17:34'),(546,'target_visitation_suspension_risk','存在中止探望风险线索','病历/报警记录/行政处罚材料',1,0,1,'2026-04-16 23:17:34'),(547,'target_visitation_suspension_risk','主张节假日或住宿探望','探望方案说明/时间安排表',2,0,1,'2026-04-16 23:17:34'),(548,'target_sibling_support_medical','存在重大医疗护理支出','医疗票据/护理费票据/费用清单',1,0,1,'2026-04-16 23:17:34'),(549,'target_sibling_support_medical','被扶养人无劳动能力或患病','病历/诊断证明/失能鉴定',2,0,1,'2026-04-16 23:17:34'),(550,'target_sibling_support_multi_obligor','存在多名扶养义务人','户口簿/亲属关系证明/成员清单',1,0,1,'2026-04-16 23:17:34'),(551,'target_sibling_support_multi_obligor','已有长期照料一方','照护记录/医疗陪护记录/聊天记录',2,0,1,'2026-04-16 23:17:34'),(552,'target_spousal_agreement_validity','存在书面协议文本','协议原件/签字页/电子文本',1,0,1,'2026-04-16 23:17:34'),(553,'target_spousal_agreement_validity','协议签署时间明确','协议签署页/邮件记录/聊天记录',2,0,1,'2026-04-16 23:17:34'),(554,'target_spousal_agreement_performance','协议未履行或争议履行','催告函/聊天记录/录音',1,0,1,'2026-04-16 23:17:34'),(555,'target_spousal_agreement_performance','争议财产类型明确','房产证/股权材料/存款清单',2,0,1,'2026-04-16 23:17:34'),(556,'target_in_marriage_property_type_scope','争议财产类型明确','房产证/银行账户清单/股权材料',1,0,1,'2026-04-16 23:17:35'),(557,'target_in_marriage_property_type_scope','共同财产范围清晰','财产清单/账本/资产负债明细',2,0,1,'2026-04-16 23:17:35'),(558,'target_in_marriage_property_livelihood_impact','医疗支出金额大致明确','病历/诊断证明/医疗票据',1,0,1,'2026-04-16 23:17:35'),(559,'target_in_marriage_property_livelihood_impact','已影响家庭基本生活','家庭支出清单/欠费记录/沟通记录',2,0,1,'2026-04-16 23:17:35'),(560,'target_cohab_contribution_ratio','共同购置房车或大额财物','购房合同/购车合同/支付凭证',1,0,1,'2026-04-16 23:17:35'),(561,'target_cohab_contribution_ratio','一方出资比例明显更高','转账流水/银行回单/收入证明',2,0,1,'2026-04-16 23:17:35'),(562,'target_cohab_direct_custody','主张子女直接抚养安排','主张说明/抚养方案/协商记录',1,0,1,'2026-04-16 23:17:35'),(563,'target_cohab_direct_custody','孩子月支出明确','生活教育医疗支出清单/票据',2,0,1,'2026-04-16 23:17:35'),(564,'target_family_partition_member_boundary','家庭成员范围明确','户口簿/成员清单/家庭关系说明',1,0,1,'2026-04-16 23:17:35'),(565,'target_family_partition_member_boundary','已实际分家','分灶分居证明/邻里证明/历史协议',2,0,1,'2026-04-16 23:17:35'),(566,'target_family_partition_registration_source','财产登记名义明确','不动产登记信息/权属证明/合同票据',1,0,1,'2026-04-16 23:17:35'),(567,'target_family_partition_registration_source','主要出资来源明确','转账流水/建房购置支出清单/借款凭证',2,0,1,'2026-04-16 23:17:35'),(1132,'target_invalid_marriage_confirm','无效事由类型','结婚证/婚姻登记信息/户口簿',1,0,1,'2026-04-16 23:49:58'),(1133,'target_invalid_marriage_confirm','无效事由类型','身份材料/亲属关系证明/案件线索说明',2,0,1,'2026-04-16 23:49:58'),(1134,'target_invalid_marriage_confirm','存在在先婚姻未解除事实','前婚结婚证/离婚判决或未离婚证明',1,0,1,'2026-04-16 23:49:58'),(1135,'target_invalid_marriage_confirm','存在在先婚姻未解除事实','婚姻登记档案/民政查询材料',2,0,1,'2026-04-16 23:49:58'),(1136,'target_invalid_marriage_confirm','属于禁止结婚亲属关系','户口簿/出生证明/亲属关系证明',1,0,1,'2026-04-16 23:49:58'),(1137,'target_invalid_marriage_confirm','属于禁止结婚亲属关系','家谱材料/村居委证明/公安档案',2,0,1,'2026-04-16 23:49:58'),(1138,'target_invalid_marriage_confirm','结婚时未达法定婚龄','身份证/户口簿/出生医学证明',1,0,1,'2026-04-16 23:49:58'),(1139,'target_invalid_marriage_confirm','结婚时未达法定婚龄','婚姻登记档案/结婚申请材料',2,0,1,'2026-04-16 23:49:58'),(1140,'target_invalid_marriage_confirm','请求人为利害关系人','身份证明/亲属关系材料/授权文件',1,0,1,'2026-04-16 23:49:58'),(1141,'target_invalid_marriage_confirm','请求人为利害关系人','起诉材料/主体资格说明',2,0,1,'2026-04-16 23:49:58'),(1142,'target_invalid_marriage_property_return','是否同时主张财产处理','转账流水/收条/借条/支付明细',1,0,1,'2026-04-16 23:49:58'),(1143,'target_invalid_marriage_property_return','是否同时主张财产处理','财产清单/合同/登记凭证',2,0,1,'2026-04-16 23:49:58'),(1144,'target_invalid_marriage_property_return','是否同时主张子女安排','出生证明/户口簿/亲子关系材料',1,0,1,'2026-04-16 23:49:58'),(1145,'target_invalid_marriage_property_return','是否同时主张子女安排','学校医疗票据/抚养支出清单',2,0,1,'2026-04-16 23:49:58'),(1146,'target_invalid_marriage_property_return','是否已办理结婚登记','结婚证/婚姻登记信息',1,0,1,'2026-04-16 23:49:58'),(1147,'target_invalid_marriage_property_return','是否已办理结婚登记','身份材料/登记档案',2,0,1,'2026-04-16 23:49:58'),(1148,'target_annulment_request','撤销事由类型','结婚证/婚姻登记信息/身份材料',1,0,1,'2026-04-16 23:49:58'),(1149,'target_annulment_request','撤销事由类型','聊天记录/录音/病历诊断等事由材料',2,0,1,'2026-04-16 23:49:58'),(1150,'target_annulment_request','存在胁迫结婚事实','聊天记录/录音录像/报警记录',1,0,1,'2026-04-16 23:49:58'),(1151,'target_annulment_request','存在胁迫结婚事实','伤情材料/证人证言/求助记录',2,0,1,'2026-04-16 23:49:58'),(1152,'target_annulment_request','婚前隐瞒重大疾病','病历/诊断证明/住院记录',1,0,1,'2026-04-16 23:49:58'),(1153,'target_annulment_request','婚前隐瞒重大疾病','婚前体检资料/聊天记录/告知缺失材料',2,0,1,'2026-04-16 23:49:58'),(1154,'target_annulment_request','在法定期间内提出撤销请求','起诉状/立案材料/时间线说明',1,0,1,'2026-04-16 23:49:58'),(1155,'target_annulment_request','在法定期间内提出撤销请求','胁迫终止时间或知晓时间证据',2,0,1,'2026-04-16 23:49:58'),(1156,'target_annulment_request','知道撤销事由时间明确','聊天记录/就诊记录/报案记录',1,0,1,'2026-04-16 23:49:58'),(1157,'target_annulment_request','知道撤销事由时间明确','证人证言/说明材料',2,0,1,'2026-04-16 23:49:58'),(1158,'target_annulment_effects','主张撤销后损害赔偿','病历/诊断证明/费用清单',1,0,1,'2026-04-16 23:49:58'),(1159,'target_annulment_effects','主张撤销后损害赔偿','收入损失材料/工资流水',2,0,1,'2026-04-16 23:49:58'),(1160,'target_annulment_effects','存在撤销后财产返还问题','转账流水/收条/财产清单',1,0,1,'2026-04-16 23:49:58'),(1161,'target_annulment_effects','存在撤销后财产返还问题','不动产登记信息/购置合同',2,0,1,'2026-04-16 23:49:58'),(1162,'target_annulment_effects','存在撤销后子女抚养安排问题','出生证明/户口簿/亲子关系材料',1,0,1,'2026-04-16 23:49:58'),(1163,'target_annulment_effects','存在撤销后子女抚养安排问题','抚养支出清单/学校医疗票据',2,0,1,'2026-04-16 23:49:58'),(1164,'target_post_divorce_damage_spirit','过错类型','聊天记录/录音录像/报警记录',1,0,1,'2026-04-16 23:49:58'),(1165,'target_post_divorce_damage_spirit','过错类型','判决文书/行政处理材料/证人证言',2,0,1,'2026-04-16 23:49:58'),(1166,'target_post_divorce_damage_spirit','损害后果类型','病历/诊断证明/精神损害材料',1,0,1,'2026-04-16 23:49:58'),(1167,'target_post_divorce_damage_spirit','损害后果类型','治疗票据/误工材料/收入证明',2,0,1,'2026-04-16 23:49:58'),(1168,'target_post_divorce_damage_spirit','离婚程序中是否已处理损害赔偿','离婚判决书/调解书/离婚协议',1,0,1,'2026-04-16 23:49:58'),(1169,'target_post_divorce_damage_spirit','离婚程序中是否已处理损害赔偿','诉讼材料/庭审笔录线索',2,0,1,'2026-04-16 23:49:58'),(1170,'target_post_divorce_damage_spirit','赔偿金额或范围明确','费用清单/计算说明/票据汇总',1,0,1,'2026-04-16 23:49:58'),(1171,'target_post_divorce_damage_spirit','赔偿金额或范围明确','工资流水/银行回单/支付凭证',2,0,1,'2026-04-16 23:49:58'),(1172,'target_post_divorce_damage_spirit','存在因果关系材料','病历时间线/聊天记录/报警记录',1,0,1,'2026-04-16 23:49:58'),(1173,'target_post_divorce_damage_spirit','存在因果关系材料','鉴定意见/医生说明/证人证言',2,0,1,'2026-04-16 23:49:58'),(1174,'target_post_divorce_damage_economic','存在持续治疗材料','复诊记录/住院病历/用药清单',1,0,1,'2026-04-16 23:49:58'),(1175,'target_post_divorce_damage_economic','存在持续治疗材料','护理证明/后续治疗方案',2,0,1,'2026-04-16 23:49:58'),(1176,'target_post_divorce_damage_economic','存在误工收入损失材料','工资流水/收入证明/考勤记录',1,0,1,'2026-04-16 23:49:58'),(1177,'target_post_divorce_damage_economic','存在误工收入损失材料','请假记录/单位证明/社保公积金',2,0,1,'2026-04-16 23:49:58'),(1178,'target_post_divorce_damage_economic','有具体损失或治疗费用/收入损失线索','医疗票据/支付凭证/费用汇总',1,0,1,'2026-04-16 23:49:58'),(1179,'target_post_divorce_damage_economic','有具体损失或治疗费用/收入损失线索','银行流水/工资单/个税材料',2,0,1,'2026-04-16 23:49:58'),(1180,'target_paternity_confirm','亲子鉴定结论支持主张','亲子鉴定报告/委托鉴定材料',1,0,1,'2026-04-16 23:49:58'),(1181,'target_paternity_confirm','亲子鉴定结论支持主张','样本来源说明/鉴定缴费凭证',2,0,1,'2026-04-16 23:49:58'),(1182,'target_paternity_confirm','对方拒绝配合亲子鉴定','鉴定通知/送达回证/拒绝说明',1,0,1,'2026-04-16 23:49:58'),(1183,'target_paternity_confirm','对方拒绝配合亲子鉴定','聊天记录/录音/庭审笔录',2,0,1,'2026-04-16 23:49:58'),(1184,'target_paternity_confirm','存在举证妨碍线索','隐匿样本线索/拒绝调查记录',1,0,1,'2026-04-16 23:49:58'),(1185,'target_paternity_confirm','存在举证妨碍线索','法院通知/调查令执行线索',2,0,1,'2026-04-16 23:49:58'),(1186,'target_paternity_confirm','存在怀孕生育期间往来记录','聊天记录/转账流水/探望记录',1,0,1,'2026-04-16 23:49:58'),(1187,'target_paternity_confirm','存在怀孕生育期间往来记录','照片视频/产检陪同记录',2,0,1,'2026-04-16 23:49:58'),(1188,'target_paternity_confirm_evidence','存在长期共同生活或抚养记录','同住证明/抚养支出记录/学校医疗记录',1,0,1,'2026-04-16 23:49:58'),(1189,'target_paternity_confirm_evidence','存在长期共同生活或抚养记录','照片视频/聊天记录/社区证明',2,0,1,'2026-04-16 23:49:58'),(1190,'target_paternity_confirm_evidence','出生登记信息与确认主张一致','出生医学证明/户口簿/登记信息',1,0,1,'2026-04-16 23:49:58'),(1191,'target_paternity_confirm_evidence','出生登记信息与确认主张一致','医院分娩记录/出生申报材料',2,0,1,'2026-04-16 23:49:58'),(1192,'target_paternity_disclaimer','亲子鉴定结论支持否认方主张','亲子鉴定报告/委托鉴定材料',1,0,1,'2026-04-16 23:49:58'),(1193,'target_paternity_disclaimer','亲子鉴定结论支持否认方主张','样本来源说明/鉴定缴费凭证',2,0,1,'2026-04-16 23:49:58'),(1194,'target_paternity_disclaimer','对方拒绝配合亲子鉴定','鉴定通知/送达回证/拒绝说明',1,0,1,'2026-04-16 23:49:58'),(1195,'target_paternity_disclaimer','对方拒绝配合亲子鉴定','聊天记录/录音/庭审笔录',2,0,1,'2026-04-16 23:49:58'),(1196,'target_paternity_disclaimer','存在举证妨碍线索','隐匿样本线索/拒绝调查记录',1,0,1,'2026-04-16 23:49:58'),(1197,'target_paternity_disclaimer','存在举证妨碍线索','法院通知/调查令执行线索',2,0,1,'2026-04-16 23:49:58'),(1198,'target_paternity_disclaimer','存在怀孕生育期间往来记录','聊天记录/转账流水/探望记录',1,0,1,'2026-04-16 23:49:58'),(1199,'target_paternity_disclaimer','存在怀孕生育期间往来记录','照片视频/产检陪同记录',2,0,1,'2026-04-16 23:49:58'),(1200,'target_paternity_disclaimer_evidence','存在长期共同生活或抚养记录','同住证明/抚养支出记录/学校医疗记录',1,0,1,'2026-04-16 23:49:58'),(1201,'target_paternity_disclaimer_evidence','存在长期共同生活或抚养记录','照片视频/聊天记录/社区证明',2,0,1,'2026-04-16 23:49:58'),(1202,'target_paternity_disclaimer_evidence','出生登记信息与否认主张不一致','出生医学证明/户口簿/登记信息',1,0,1,'2026-04-16 23:49:58'),(1203,'target_paternity_disclaimer_evidence','出生登记信息与否认主张不一致','医院分娩记录/出生申报材料',2,0,1,'2026-04-16 23:49:58'),(1204,'target_adoption_confirm','收养路径类型','收养登记证/户口簿/登记材料',1,0,1,'2026-04-16 23:49:58'),(1205,'target_adoption_confirm','收养路径类型','收养协议/长期照顾说明',2,0,1,'2026-04-16 23:49:58'),(1206,'target_adoption_confirm','存在事实收养长期维持','共同生活记录/照片视频/学校医疗材料',1,0,1,'2026-04-16 23:49:58'),(1207,'target_adoption_confirm','存在事实收养长期维持','社区证明/证人证言/转账记录',2,0,1,'2026-04-16 23:49:58'),(1208,'target_adoption_confirm','存在送养同意或协议材料','送养同意书/收养协议/公证材料',1,0,1,'2026-04-16 23:49:58'),(1209,'target_adoption_confirm','存在送养同意或协议材料','聊天记录/签字材料/村居委证明',2,0,1,'2026-04-16 23:49:58'),(1210,'target_adoption_confirm','收养人具备长期抚养能力','收入证明/银行流水/房屋居住材料',1,0,1,'2026-04-16 23:49:58'),(1211,'target_adoption_confirm','收养人具备长期抚养能力','工作证明/教育医疗支付记录',2,0,1,'2026-04-16 23:49:58'),(1212,'target_adoption_confirm','存在长期共同生活情况','同住证明/照片视频/学校接送记录',1,0,1,'2026-04-16 23:49:58'),(1213,'target_adoption_confirm','存在长期共同生活情况','医疗陪护记录/保险缴费记录',2,0,1,'2026-04-16 23:49:58'),(1214,'target_adoption_dissolve','解除原因类型','聊天记录/录音/矛盾冲突材料',1,0,1,'2026-04-16 23:49:58'),(1215,'target_adoption_dissolve','解除原因类型','病历/报警记录/村居委调解材料',2,0,1,'2026-04-16 23:49:58'),(1216,'target_adoption_dissolve','存在解除原因线索','不尽抚养义务证据/转账不足材料',1,0,1,'2026-04-16 23:49:58'),(1217,'target_adoption_dissolve','存在解除原因线索','虐待遗弃线索/报警记录/病历',2,0,1,'2026-04-16 23:49:58'),(1218,'target_adoption_dissolve','解除后未成年人抚养安排明确','抚养方案说明/监护安排材料',1,0,1,'2026-04-16 23:49:58'),(1219,'target_adoption_dissolve','解除后未成年人抚养安排明确','生活费教育费测算/学校医疗材料',2,0,1,'2026-04-16 23:49:58'),(1282,'target_guardianship_assign','申请人主体资格明确','身份证明/户口簿/亲属关系证明',1,0,1,'2026-04-16 23:49:59'),(1283,'target_guardianship_assign','申请人主体资格明确','监护顺位说明/授权材料/基层证明',2,0,1,'2026-04-16 23:49:59'),(1284,'target_guardianship_assign','申请人照护能力较强','收入证明/银行流水/居住材料',1,0,1,'2026-04-16 23:49:59'),(1285,'target_guardianship_assign','申请人照护能力较强','工作证明/照护安排说明/社区证明',2,0,1,'2026-04-16 23:49:59'),(1286,'target_guardianship_assign','被监护人无或限制民事行为能力','病历/诊断证明/鉴定结论',1,0,1,'2026-04-16 23:49:59'),(1287,'target_guardianship_assign','被监护人无或限制民事行为能力','护理记录/失能证明/医疗票据',2,0,1,'2026-04-16 23:49:59'),(1288,'target_guardianship_assign','有医学鉴定或诊断证据','鉴定意见/病历复印件/诊断证明',1,0,1,'2026-04-16 23:49:59'),(1289,'target_guardianship_assign','有医学鉴定或诊断证据','就诊记录/住院病案/复查记录',2,0,1,'2026-04-16 23:49:59'),(1290,'target_guardianship_assign','请求指定或变更监护人','申请书/起诉状/证据清单',1,0,1,'2026-04-16 23:49:59'),(1291,'target_guardianship_assign','请求指定或变更监护人','司法文书/调解材料/说明材料',2,0,1,'2026-04-16 23:49:59'),(1292,'target_guardianship_evidence','当前监护人不适合或不履行','聊天记录/录音/照护缺位证明',1,0,1,'2026-04-16 23:49:59'),(1293,'target_guardianship_evidence','当前监护人不适合或不履行','费用欠付记录/报警记录/基层意见',2,0,1,'2026-04-16 23:49:59'),(1294,'target_guardianship_evidence','存在居委村委或民政意见','居委会证明/村委会证明/民政意见',1,0,1,'2026-04-16 23:49:59'),(1295,'target_guardianship_evidence','存在居委村委或民政意见','调解记录/走访记录/函件材料',2,0,1,'2026-04-16 23:49:59'),(1296,'target_guardianship_evidence','存在财产管理需求','财产清单/银行流水/不动产登记信息',1,0,1,'2026-04-16 23:49:59'),(1297,'target_guardianship_evidence','存在财产管理需求','保管风险说明/合同票据/账户明细',2,0,1,'2026-04-16 23:49:59'),(1298,'target_visitation_fix','为非直接抚养方','离婚协议/判决文书/抚养安排材料',1,0,1,'2026-04-16 23:49:59'),(1299,'target_visitation_fix','为非直接抚养方','沟通记录/身份关系说明',2,0,1,'2026-04-16 23:49:59'),(1300,'target_visitation_fix','存在拒绝探望或障碍','聊天记录/录音录像/报警记录',1,0,1,'2026-04-16 23:49:59'),(1301,'target_visitation_fix','存在拒绝探望或障碍','探望到场记录/照片视频/证人证言',2,0,1,'2026-04-16 23:49:59'),(1302,'target_visitation_fix','主张节假日或住宿探望','探望方案说明/时间安排表',1,0,1,'2026-04-16 23:49:59'),(1303,'target_visitation_fix','主张节假日或住宿探望','既往探望记录/行程安排材料',2,0,1,'2026-04-16 23:49:59'),(1304,'target_visitation_fix','请求法院明确探望方式时间','起诉状/申请书/证据目录',1,0,1,'2026-04-16 23:49:59'),(1305,'target_visitation_fix','请求法院明确探望方式时间','既有协商方案/律师函/沟通记录',2,0,1,'2026-04-16 23:49:59'),(1306,'target_visitation_evidence','子女已满八周岁','出生证明/户口簿/身份证明',1,0,1,'2026-04-16 23:49:59'),(1307,'target_visitation_evidence','子女已满八周岁','学籍材料/学校证明',2,0,1,'2026-04-16 23:49:59'),(1308,'target_visitation_evidence','子女有明确探望意愿','谈话记录/社工或学校意见',1,0,1,'2026-04-16 23:49:59'),(1309,'target_visitation_evidence','子女有明确探望意愿','聊天记录/录音录像/书面意见',2,0,1,'2026-04-16 23:49:59'),(1310,'target_visitation_evidence','既有探望频率安排明确','探望协议/判决文书/调解笔录',1,0,1,'2026-04-16 23:49:59'),(1311,'target_visitation_evidence','既有探望频率安排明确','接送安排记录/日历计划/聊天记录',2,0,1,'2026-04-16 23:49:59'),(1312,'target_visitation_evidence','存在中止探望风险线索','病历/报警记录/行政处罚材料',1,0,1,'2026-04-16 23:49:59'),(1313,'target_visitation_evidence','存在中止探望风险线索','证人证言/聊天记录/视频材料',2,0,1,'2026-04-16 23:49:59'),(1314,'target_sibling_support_fee_claim','被扶养人无劳动能力或患病','病历/诊断证明/失能鉴定',1,0,1,'2026-04-16 23:49:59'),(1315,'target_sibling_support_fee_claim','被扶养人无劳动能力或患病','住院材料/长期用药记录/护理证明',2,0,1,'2026-04-16 23:49:59'),(1316,'target_sibling_support_fee_claim','存在重大医疗护理支出','医疗票据/护理费票据/费用清单',1,0,1,'2026-04-16 23:49:59'),(1317,'target_sibling_support_fee_claim','存在重大医疗护理支出','住院记录/支付凭证/转账流水',2,0,1,'2026-04-16 23:49:59'),(1318,'target_sibling_support_fee_claim','扶养人收入能力明确','工资流水/银行流水/收入证明',1,0,1,'2026-04-16 23:49:59'),(1319,'target_sibling_support_fee_claim','扶养人收入能力明确','社保公积金/经营收入材料',2,0,1,'2026-04-16 23:49:59'),(1320,'target_sibling_support_fee_claim','月扶养费金额明确','费用测算表/生活支出清单',1,0,1,'2026-04-16 23:49:59'),(1321,'target_sibling_support_fee_claim','月扶养费金额明确','医疗护理支出表/支付凭证',2,0,1,'2026-04-16 23:49:59'),(1322,'target_sibling_support_change','存在多名扶养义务人','户口簿/亲属关系证明/成员清单',1,0,1,'2026-04-16 23:49:59'),(1323,'target_sibling_support_change','存在多名扶养义务人','村居委证明/家庭关系说明',2,0,1,'2026-04-16 23:49:59'),(1324,'target_sibling_support_change','已有长期照料一方','照护记录/探视记录/邻里证明',1,0,1,'2026-04-16 23:49:59'),(1325,'target_sibling_support_change','已有长期照料一方','医疗陪护记录/转账流水/聊天记录',2,0,1,'2026-04-16 23:49:59'),(1326,'target_spousal_agreement_enforce','存在书面协议文本','协议原件/签字页/电子文本',1,0,1,'2026-04-16 23:49:59'),(1327,'target_spousal_agreement_enforce','存在书面协议文本','公证书/登记材料/扫描件',2,0,1,'2026-04-16 23:49:59'),(1328,'target_spousal_agreement_enforce','协议签署时间明确','协议签署页/聊天记录/邮件记录',1,0,1,'2026-04-16 23:49:59'),(1329,'target_spousal_agreement_enforce','协议签署时间明确','公证时间/登记时间/见证说明',2,0,1,'2026-04-16 23:49:59'),(1330,'target_spousal_agreement_enforce','争议财产类型明确','房产证/股权材料/存款清单',1,0,1,'2026-04-16 23:49:59'),(1331,'target_spousal_agreement_enforce','争议财产类型明确','合同/登记信息/资产清单',2,0,1,'2026-04-16 23:49:59'),(1332,'target_spousal_agreement_enforce','协议未履行或争议履行','催告函/聊天记录/录音',1,0,1,'2026-04-16 23:49:59'),(1333,'target_spousal_agreement_enforce','协议未履行或争议履行','转账记录/履行情况说明/支付凭证',2,0,1,'2026-04-16 23:49:59'),(1334,'target_spousal_agreement_defense','存在受胁迫欺诈等效力抗辩','聊天记录/录音录像/报警记录',1,0,1,'2026-04-16 23:49:59'),(1335,'target_spousal_agreement_defense','存在受胁迫欺诈等效力抗辩','病历/心理评估/证人证言',2,0,1,'2026-04-16 23:49:59'),(1336,'target_spousal_agreement_defense','已办理公证或登记','公证书/登记回执/备案材料',1,0,1,'2026-04-16 23:49:59'),(1337,'target_spousal_agreement_defense','已办理公证或登记','受理单/查询记录/档案复印件',2,0,1,'2026-04-16 23:49:59'),(1338,'target_in_marriage_division_conceal_transfer','争议财产类型明确','房产证/银行账户清单/股权材料',1,0,1,'2026-04-16 23:49:59'),(1339,'target_in_marriage_division_conceal_transfer','争议财产类型明确','车辆登记/理财清单/资产目录',2,0,1,'2026-04-16 23:49:59'),(1340,'target_in_marriage_division_conceal_transfer','转移方式已可说明','转账流水/交易记录/账户明细',1,0,1,'2026-04-16 23:49:59'),(1341,'target_in_marriage_division_conceal_transfer','转移方式已可说明','聊天记录/合同票据/收条借条',2,0,1,'2026-04-16 23:49:59'),(1342,'target_in_marriage_division_conceal_transfer','共同财产范围清晰','财产清单/账本/不动产登记信息',1,0,1,'2026-04-16 23:49:59'),(1343,'target_in_marriage_division_conceal_transfer','共同财产范围清晰','银行流水/资产负债清单/购置合同',2,0,1,'2026-04-16 23:49:59'),(1344,'target_in_marriage_division_waste_medical','挥霍金额或次数可说明','消费记录/转账流水/账单明细',1,0,1,'2026-04-16 23:49:59'),(1345,'target_in_marriage_division_waste_medical','挥霍金额或次数可说明','聊天记录/证人证言/照片视频',2,0,1,'2026-04-16 23:49:59'),(1346,'target_in_marriage_division_waste_medical','医疗支出金额大致明确','病历/诊断证明/医疗票据',1,0,1,'2026-04-16 23:49:59'),(1347,'target_in_marriage_division_waste_medical','医疗支出金额大致明确','费用清单/支付凭证/护理材料',2,0,1,'2026-04-16 23:49:59'),(1348,'target_in_marriage_division_waste_medical','已影响家庭基本生活','家庭支出清单/欠费记录/沟通记录',1,0,1,'2026-04-16 23:49:59'),(1349,'target_in_marriage_division_waste_medical','已影响家庭基本生活','转账流水/借款凭证/社区证明',2,0,1,'2026-04-16 23:49:59'),(1350,'target_cohab_property_partition','同居起止时间明确','租房合同/居住登记/同住证明',1,0,1,'2026-04-16 23:49:59'),(1351,'target_cohab_property_partition','同居起止时间明确','聊天记录/照片视频/邻里证明',2,0,1,'2026-04-16 23:49:59'),(1352,'target_cohab_property_partition','共同购置房车或大额财物','购房合同/购车合同/支付凭证',1,0,1,'2026-04-16 23:49:59'),(1353,'target_cohab_property_partition','共同购置房车或大额财物','不动产登记信息/车辆登记/发票',2,0,1,'2026-04-16 23:49:59'),(1354,'target_cohab_property_partition','一方出资比例明显更高','转账流水/银行回单/收入证明',1,0,1,'2026-04-16 23:49:59'),(1355,'target_cohab_property_partition','一方出资比例明显更高','出资说明/账本清单/聊天记录',2,0,1,'2026-04-16 23:49:59'),(1356,'target_cohab_child_custody','主张子女直接抚养安排','起诉状/主张说明/协商记录',1,0,1,'2026-04-16 23:49:59'),(1357,'target_cohab_child_custody','主张子女直接抚养安排','抚养方案/照护安排说明',2,0,1,'2026-04-16 23:49:59'),(1358,'target_cohab_child_custody','孩子月支出明确','生活教育医疗支出清单',1,0,1,'2026-04-16 23:49:59'),(1359,'target_cohab_child_custody','孩子月支出明确','票据发票/转账记录/缴费记录',2,0,1,'2026-04-16 23:49:59'),(1360,'target_family_partition_plan','家庭成员范围明确','户口簿/家庭关系说明/成员清单',1,0,1,'2026-04-16 23:49:59'),(1361,'target_family_partition_plan','家庭成员范围明确','村居委证明/族谱或分家说明',2,0,1,'2026-04-16 23:49:59'),(1362,'target_family_partition_plan','已实际分家','分灶分居证明/居住情况说明',1,0,1,'2026-04-16 23:49:59'),(1363,'target_family_partition_plan','已实际分家','聊天记录/邻里证明/历史协议',2,0,1,'2026-04-16 23:49:59'),(1364,'target_family_partition_plan','存在长期占有使用一方','占有使用说明/租住使用记录',1,0,1,'2026-04-16 23:49:59'),(1365,'target_family_partition_plan','存在长期占有使用一方','水电费记录/管理收支账本',2,0,1,'2026-04-16 23:49:59'),(1366,'target_family_partition_evidence','财产登记名义明确','不动产登记信息/车辆登记/账户资料',1,0,1,'2026-04-16 23:49:59'),(1367,'target_family_partition_evidence','财产登记名义明确','权属证明/合同票据/证照复印件',2,0,1,'2026-04-16 23:49:59'),(1368,'target_family_partition_evidence','主要出资来源明确','转账流水/建房购置支出清单',1,0,1,'2026-04-16 23:49:59'),(1369,'target_family_partition_evidence','主要出资来源明确','借款凭证/收入证明/账本材料',2,0,1,'2026-04-16 23:49:59'),(1370,'target_divorce_judgment_breakdown','存在合法婚姻关系','结婚证/婚姻登记档案',1,0,1,'2026-04-16 23:56:30'),(1371,'target_divorce_judgment_breakdown','感情确已破裂','聊天记录/调解记录/冲突证据',1,0,1,'2026-04-16 23:56:30'),(1372,'target_divorce_judgment_breakdown','存在分居事实','分居证明/租房合同/居住证明',1,0,1,'2026-04-16 23:56:30'),(1373,'target_divorce_judgment_breakdown','有分居证据','水电缴费/物业/居住证明',1,0,1,'2026-04-16 23:56:30'),(1374,'target_divorce_judgment_breakdown','对方不同意离婚或拖延','聊天记录/起诉材料/庭审笔录',1,0,1,'2026-04-16 23:56:30'),(1375,'target_divorce_judgment_violence_fault','存在家庭暴力或重大过错','报警回执/告诫书/伤情鉴定/证人证言',1,0,1,'2026-04-16 23:56:30'),(1376,'target_divorce_judgment_violence_fault','有家暴或报警记录','报警回执/就医记录/照片视频',1,0,1,'2026-04-16 23:56:30'),(1377,'target_divorce_custody_best_interest','子女长期随一方生活','就学材料/接送记录/日常照护证明',1,0,1,'2026-04-16 23:56:30'),(1378,'target_divorce_custody_best_interest','另一方存在不利抚养因素','不良嗜好/暴力记录/不尽抚养义务证据',1,0,1,'2026-04-16 23:56:30'),(1379,'target_divorce_custody_best_interest','有抚养能力材料','收入证明/住房证明/照护安排',1,0,1,'2026-04-16 23:56:30'),(1380,'target_divorce_custody_best_interest','是否存在子女意愿争议','学校/社工记录/沟通记录（注意保护未成年人）',1,0,1,'2026-04-16 23:56:30'),(1381,'target_divorce_property_debt_scope','共同财产范围清晰','不动产/车辆/存款/理财清单与凭证',1,0,1,'2026-04-16 23:56:30'),(1382,'target_divorce_property_debt_scope','存在共同债务','借款合同/流水/用途证明',1,0,1,'2026-04-16 23:56:30'),(1383,'target_divorce_property_debt_scope','是否存在共同债务争议','聊天记录/举债用途证据/家庭支出证据',1,0,1,'2026-04-16 23:56:30'),(1384,'target_child_support_arrears_enforcement','存在亲子关系','出生证明/户口簿/亲子关系证明',1,0,1,'2026-04-16 23:56:30'),(1385,'target_child_support_arrears_enforcement','对方未支付抚养费','转账记录/催要记录/对方承认欠付材料',1,0,1,'2026-04-16 23:56:30'),(1386,'target_child_support_arrears_enforcement','是否有离婚协议或判决','离婚协议/判决书/调解书',1,0,1,'2026-04-16 23:56:30'),(1387,'target_child_support_arrears_enforcement','对方收入水平大致明确','工资流水/个税/社保公积金/收入证明',1,0,1,'2026-04-16 23:56:30'),(1388,'target_child_support_change_amount','孩子实际月支出','教育医疗票据/培训合同/生活支出清单',1,0,1,'2026-04-16 23:56:30'),(1389,'target_child_support_change_amount','是否存在重大支出变化','病历诊断/学费通知/支出变化证明',1,0,1,'2026-04-16 23:56:30'),(1390,'target_child_support_change_amount','对方收入水平大致明确','工资流水/个税/社保公积金/收入证明',1,0,1,'2026-04-16 23:56:30'),(1391,'target_support_medical_disability','有医疗或失能证明','病历/诊断证明/评残鉴定/护理记录',1,0,1,'2026-04-16 23:56:30'),(1392,'target_support_medical_disability','被赡养人生活困难','低保证明/收入证明/支出清单',1,0,1,'2026-04-16 23:56:30'),(1393,'target_support_medical_disability','被赡养人月基本支出','费用票据/租金水电/医疗缴费清单',1,0,1,'2026-04-16 23:56:30'),(1394,'target_support_multi_obligor_share','是否存在多名赡养人','户口簿/亲属关系证明/村居委证明',1,0,1,'2026-04-16 23:56:30'),(1395,'target_support_multi_obligor_share','赡养人收入能力大致明确','工资流水/个税/社保公积金/收入证明',1,0,1,'2026-04-16 23:56:30'),(1396,'target_support_multi_obligor_share','赡养人拒绝履行','催要记录/拒绝沟通证据/证人证言',1,0,1,'2026-04-16 23:56:30'),(1397,'target_post_divorce_time_limit_risk','发现财产线索时间明确','聊天记录/查询回执/线索来源材料',1,0,1,'2026-04-16 23:56:30'),(1398,'target_post_divorce_time_limit_risk','新发现财产线索','不动产查询/车辆登记/银行流水线索',1,0,1,'2026-04-16 23:56:30'),(1399,'target_post_divorce_agreement_validity','存在离婚协议','离婚协议/调解书/判决书',1,0,1,'2026-04-16 23:56:30'),(1400,'target_post_divorce_agreement_validity','离婚协议财产条款未履行','催告记录/未履行事实证据/交易记录',1,0,1,'2026-04-16 23:56:30'),(1401,'target_post_divorce_agreement_validity','有离婚协议原件','协议原件/公证文本/登记材料',1,0,1,'2026-04-16 23:56:30');
/*!40000 ALTER TABLE `rule_step2_evidence_type` ENABLE KEYS */;
UNLOCK TABLES;

--
-- Table structure for table `rule_step2_required_fact`
--

DROP TABLE IF EXISTS `rule_step2_required_fact`;
/*!40101 SET @saved_cs_client     = @@character_set_client */;
/*!50503 SET character_set_client = utf8mb4 */;
CREATE TABLE `rule_step2_required_fact` (
  `id` bigint NOT NULL AUTO_INCREMENT,
  `target_id` varchar(64) COLLATE utf8mb4_unicode_ci NOT NULL,
  `fact_key` varchar(128) COLLATE utf8mb4_unicode_ci NOT NULL,
  `label` varchar(255) COLLATE utf8mb4_unicode_ci DEFAULT NULL,
  `required_order` int NOT NULL DEFAULT '0',
  `enabled` tinyint NOT NULL DEFAULT '1',
  `updated_at` datetime NOT NULL DEFAULT CURRENT_TIMESTAMP ON UPDATE CURRENT_TIMESTAMP,
  PRIMARY KEY (`id`),
  UNIQUE KEY `uk_target_factkey` (`target_id`,`fact_key`),
  KEY `idx_target_id` (`target_id`),
  CONSTRAINT `fk_step2_required_fact_target` FOREIGN KEY (`target_id`) REFERENCES `rule_step2_target` (`target_id`)
) ENGINE=InnoDB AUTO_INCREMENT=1158 DEFAULT CHARSET=utf8mb4 COLLATE=utf8mb4_unicode_ci;
/*!40101 SET character_set_client = @saved_cs_client */;

--
-- Dumping data for table `rule_step2_required_fact`
--

LOCK TABLES `rule_step2_required_fact` WRITE;
/*!40000 ALTER TABLE `rule_step2_required_fact` DISABLE KEYS */;
INSERT INTO `rule_step2_required_fact` VALUES (1,'target_common_property_split','房产购置时间_婚后','房产为婚后购置（或婚姻存续期间取得）',0,1,'2026-03-31 17:27:26'),(2,'target_common_property_split','出资主体_双方共同','存在双方共同出资（或共同财产支付房款）',1,1,'2026-03-31 17:27:26'),(3,'target_common_property_split','登记_双方共同','不动产权登记在夫妻双方名下（或存在加名/共有登记）',2,1,'2026-03-31 17:27:26'),(4,'target_no_fault_more_share','存在过错情形','对方存在重婚/同居/家暴/虐待遗弃/其他重大过错等情形',0,1,'2026-03-31 17:27:26'),(5,'target_no_fault_more_share','过错有充分证据','对过错情形有充分证据证明',1,1,'2026-03-31 17:27:26'),(6,'target_no_fault_more_share','主张方为无过错方','提出主张的一方为无过错方',2,1,'2026-03-31 17:27:26'),(13,'target_labor_unpaid_wages_full_payment','存在劳动关系','与单位存在劳动关系',1,1,'2026-04-07 19:21:32'),(14,'target_labor_unpaid_wages_full_payment','已提供劳动','已经实际提供劳动',2,1,'2026-04-07 19:21:32'),(15,'target_labor_unpaid_wages_full_payment','存在欠薪','存在拖欠工资事实',3,1,'2026-04-07 19:21:32'),(16,'target_labor_unpaid_wages_full_payment','有工资约定依据','有工资标准/约定依据',4,1,'2026-04-07 19:21:32'),(17,'target_labor_unpaid_wages_full_payment','有工资支付记录','有工资发放/欠发记录',5,1,'2026-04-07 19:21:32'),(18,'target_labor_unpaid_wages_full_payment','有催要工资记录','有催要工资沟通记录',6,1,'2026-04-07 19:21:32'),(19,'target_labor_unpaid_wages_full_payment','有明确工资周期约定','有明确工资发放周期约定',7,1,'2026-04-07 19:21:32'),(20,'target_labor_unpaid_wages_overtime','主张加班费','明确提出加班费请求',1,1,'2026-04-07 19:21:32'),(21,'target_labor_unpaid_wages_overtime','有加班事实证据','有加班事实证据',2,1,'2026-04-07 19:21:32'),(22,'target_labor_unpaid_wages_overtime','有加班工资约定依据','有加班工资计算依据',3,1,'2026-04-07 19:21:32'),(23,'target_labor_unpaid_wages_termination_compensation','主张解除补偿','明确提出解除补偿请求',1,1,'2026-04-07 19:21:32'),(24,'target_labor_unpaid_wages_termination_compensation','存在欠薪','存在拖欠工资事实',2,1,'2026-04-07 19:21:32'),(25,'target_labor_unpaid_wages_termination_compensation','解除原因偏向单位责任','解除原因与单位欠薪行为相关',3,1,'2026-04-07 19:21:32'),(26,'target_labor_unpaid_wages_additional_compensation','存在欠薪','存在拖欠工资事实',1,1,'2026-04-07 19:21:32'),(27,'target_labor_unpaid_wages_additional_compensation','已向劳动监察投诉','已向劳动监察投诉或正式催告',2,1,'2026-04-07 19:21:32'),(28,'target_labor_unpaid_wages_additional_compensation','单位逾期仍未支付','单位逾期仍未支付',3,1,'2026-04-07 19:21:32'),(29,'target_labor_no_contract_double_wage','存在劳动关系','与单位存在劳动关系',1,1,'2026-04-07 19:21:32'),(30,'target_labor_no_contract_double_wage','未签书面劳动合同','超过一个月未签书面劳动合同',2,1,'2026-04-07 19:21:32'),(31,'target_labor_no_contract_double_wage','有工资支付记录','存在工资发放事实',3,1,'2026-04-07 19:21:32'),(32,'target_labor_no_contract_sign_contract','存在劳动关系','与单位存在劳动关系',1,1,'2026-04-07 19:21:32'),(33,'target_labor_no_contract_sign_contract','未签书面劳动合同','尚未签订书面劳动合同',2,1,'2026-04-07 19:21:32'),(34,'target_labor_no_contract_sign_contract','主张补签书面合同','已明确请求补签合同',3,1,'2026-04-07 19:21:32'),(35,'target_labor_no_contract_open_term','存在劳动关系','与单位存在劳动关系',1,1,'2026-04-07 19:21:32'),(36,'target_labor_no_contract_open_term','主张无固定期限合同','已明确主张无固定期限合同',2,1,'2026-04-07 19:21:32'),(37,'target_labor_no_contract_open_term','满足无固定期限条件','已满足法定条件',3,1,'2026-04-07 19:21:32'),(38,'target_illegal_termination_compensation','存在劳动关系','与单位存在劳动关系',1,1,'2026-04-07 19:21:32'),(39,'target_illegal_termination_compensation','已被解除或辞退','已发生解除/辞退事实',2,1,'2026-04-07 19:21:32'),(40,'target_illegal_termination_compensation','解除程序或理由存在瑕疵','解除理由或程序存在违法情形',3,1,'2026-04-07 19:21:32'),(41,'target_illegal_termination_reinstatement','存在劳动关系','与单位存在劳动关系',1,1,'2026-04-07 19:21:32'),(42,'target_illegal_termination_reinstatement','已被解除或辞退','已发生解除/辞退事实',2,1,'2026-04-07 19:21:32'),(43,'target_illegal_termination_reinstatement','主张继续履行劳动合同','已明确请求恢复劳动关系',3,1,'2026-04-07 19:21:32'),(44,'target_illegal_termination_wage_gap','存在劳动关系','与单位存在劳动关系',1,1,'2026-04-07 19:21:32'),(45,'target_illegal_termination_wage_gap','已被解除或辞退','已发生解除/辞退事实',2,1,'2026-04-07 19:21:32'),(46,'target_illegal_termination_wage_gap','主张停工期间工资损失','已明确主张停工期间工资损失',3,1,'2026-04-07 19:21:32'),(47,'target_illegal_termination_revoke_decision','存在劳动关系','与单位存在劳动关系',1,1,'2026-04-07 19:21:32'),(48,'target_illegal_termination_revoke_decision','已被解除或辞退','已发生解除/辞退事实',2,1,'2026-04-07 19:21:32'),(49,'target_illegal_termination_revoke_decision','解除理由不明确','解除理由不明确或与法条不匹配',3,1,'2026-04-07 19:21:32'),(50,'target_illegal_termination_revoke_decision','解除通知为书面','解除通知书面瑕疵（反向佐证）',4,1,'2026-04-07 19:21:32'),(51,'target_add_betrothal_refund_full','存在彩礼给付','存在彩礼给付事实',1,1,'2026-04-09 21:22:06'),(52,'target_add_betrothal_refund_full','存在法定返还情形','存在彩礼返还法定情形',2,1,'2026-04-09 21:22:06'),(53,'target_add_betrothal_refund_full','彩礼金额','彩礼金额明确',3,1,'2026-04-09 21:22:06'),(54,'target_add_betrothal_refund_partial','存在彩礼给付','存在彩礼给付事实',1,1,'2026-04-09 21:22:06'),(55,'target_add_betrothal_refund_partial','已办理结婚登记','已办理结婚登记',2,1,'2026-04-09 21:22:06'),(56,'target_add_betrothal_refund_partial','共同生活时间较短','共同生活时间较短',3,1,'2026-04-09 21:22:06'),(57,'target_add_betrothal_no_refund','已办理结婚登记','已办理结婚登记',1,1,'2026-04-09 21:22:06'),(58,'target_add_betrothal_no_refund','已登记后共同生活','已登记并长期共同生活',2,1,'2026-04-09 21:22:06'),(59,'target_add_divorce_general_judgment','存在合法婚姻关系','存在合法婚姻关系',1,1,'2026-04-09 21:22:06'),(60,'target_add_divorce_general_judgment','感情确已破裂','感情确已破裂',2,1,'2026-04-09 21:22:06'),(61,'target_add_divorce_general_custody','涉及子女抚养','涉及子女抚养',1,1,'2026-04-09 21:22:06'),(62,'target_add_divorce_general_custody','子女长期随一方生活','子女长期随一方生活',2,1,'2026-04-09 21:22:06'),(63,'target_add_divorce_general_property','涉及夫妻共同财产','涉及夫妻共同财产',1,1,'2026-04-09 21:22:06'),(64,'target_add_divorce_general_property','共同财产范围清晰','共同财产范围清晰',2,1,'2026-04-09 21:22:06'),(65,'target_add_post_divorce_redistribute','离婚事实已生效','离婚事实已生效',1,1,'2026-04-09 21:22:06'),(66,'target_add_post_divorce_redistribute','存在未分割共同财产','存在未分割共同财产',2,1,'2026-04-09 21:22:06'),(67,'target_add_post_divorce_redistribute','请求再次分割','请求再次分割',3,1,'2026-04-09 21:22:06'),(68,'target_add_post_divorce_conceal_penalty','存在隐藏转移财产线索','存在隐藏转移财产线索',1,1,'2026-04-09 21:22:06'),(69,'target_add_post_divorce_conceal_penalty','有证据证明隐藏转移','有证据证明隐藏转移',2,1,'2026-04-09 21:22:06'),(70,'target_add_post_divorce_agreement_enforce','存在离婚协议','存在离婚协议',1,1,'2026-04-09 21:22:06'),(71,'target_add_post_divorce_agreement_enforce','离婚协议财产条款未履行','离婚协议财产条款未履行',2,1,'2026-04-09 21:22:06'),(72,'target_add_labor_injury_recognition','存在劳动关系','存在劳动关系',1,1,'2026-04-09 21:22:06'),(73,'target_add_labor_injury_recognition','发生工作时间工作场所事故','工作时间工作场所事故',2,1,'2026-04-09 21:22:06'),(74,'target_add_labor_injury_recognition','已申请或拟申请工伤认定','已申请或拟申请工伤认定',3,1,'2026-04-09 21:22:06'),(75,'target_add_labor_injury_medical','存在医疗费用支出','存在医疗费用支出',1,1,'2026-04-09 21:22:06'),(76,'target_add_labor_injury_medical','已申请或拟申请工伤认定','已申请或拟申请工伤认定',2,1,'2026-04-09 21:22:06'),(77,'target_add_labor_injury_disability','已认定伤残等级','已认定伤残等级',1,1,'2026-04-09 21:22:06'),(78,'target_add_labor_injury_disability','单位拒绝支付工伤待遇','单位拒绝支付工伤待遇',2,1,'2026-04-09 21:22:06'),(79,'target_add_labor_overtime_workday','存在工作日延时加班','存在工作日延时加班',1,1,'2026-04-09 21:22:06'),(80,'target_add_labor_overtime_workday','单位未足额支付加班费','单位未足额支付加班费',2,1,'2026-04-09 21:22:06'),(81,'target_add_labor_overtime_restday','存在休息日加班','存在休息日加班',1,1,'2026-04-09 21:22:06'),(82,'target_add_labor_overtime_restday','休息日未安排补休','休息日未安排补休',2,1,'2026-04-09 21:22:06'),(83,'target_add_labor_overtime_holiday','存在法定节假日加班','存在法定节假日加班',1,1,'2026-04-09 21:22:06'),(84,'target_add_labor_overtime_holiday','单位未足额支付加班费','单位未足额支付加班费',2,1,'2026-04-09 21:22:06'),(85,'target_property_refund','存在彩礼或财产给付','存在给付事实',1,1,'2026-04-15 00:29:27'),(86,'target_property_refund','是否存在法定返还情形','存在法定返还情形',2,1,'2026-04-15 00:29:27'),(87,'target_property_refund','给付金额','给付金额明确',3,1,'2026-04-15 00:29:27'),(88,'target_property_no_refund','是否已办理结婚登记','已办理结婚登记',1,1,'2026-04-15 00:29:27'),(89,'target_property_no_refund','是否已共同生活','已共同生活',2,1,'2026-04-15 00:29:27'),(90,'target_child_support_claim_fee','存在亲子关系','存在亲子关系',1,1,'2026-04-15 00:29:27'),(91,'target_child_support_claim_fee','对方未支付抚养费','存在欠付或不足',2,1,'2026-04-15 00:29:27'),(92,'target_child_support_claim_fee','孩子实际月支出','支出大致明确',3,1,'2026-04-15 00:29:27'),(93,'target_child_support_change_custody','是否主张变更抚养关系','提出变更主张',1,1,'2026-04-15 00:29:27'),(94,'target_child_support_change_custody','变更原因属于法定情形','符合变更法定情形',2,1,'2026-04-15 00:29:27'),(95,'target_support_claim','存在赡养关系','存在赡养关系',1,1,'2026-04-15 00:29:27'),(96,'target_support_claim','被赡养人生活困难','生活困难/需要支持',2,1,'2026-04-15 00:29:27'),(97,'target_support_claim','赡养人拒绝履行','拒绝/不足履行',3,1,'2026-04-15 00:29:27'),(98,'target_inherit_confirm_share','继承已经开始','继承开始（死亡）',1,1,'2026-04-15 00:29:27'),(99,'target_inherit_confirm_share','遗产范围大致明确','遗产线索明确',2,1,'2026-04-15 00:29:27'),(100,'target_inherit_dispute_will','是否存在遗嘱','存在遗嘱或协议',1,1,'2026-04-15 00:29:27'),(101,'target_inherit_dispute_will','是否存在遗嘱效力争议','存在效力争议',2,1,'2026-04-15 00:29:27'),(307,'target_invalid_prior_marriage','存在在先婚姻未解除事实','存在在先婚姻未解除事实',1,1,'2026-04-16 23:17:34'),(308,'target_invalid_prior_marriage','请求人为利害关系人','请求人为利害关系人',2,1,'2026-04-16 23:17:34'),(309,'target_invalid_prior_marriage','是否已办理结婚登记','是否已办理结婚登记',3,1,'2026-04-16 23:17:34'),(310,'target_invalid_prohibited_kinship','属于禁止结婚亲属关系','属于禁止结婚亲属关系',1,1,'2026-04-16 23:17:34'),(311,'target_invalid_prohibited_kinship','请求人为利害关系人','请求人为利害关系人',2,1,'2026-04-16 23:17:34'),(312,'target_invalid_prohibited_kinship','是否已办理结婚登记','是否已办理结婚登记',3,1,'2026-04-16 23:17:34'),(313,'target_invalid_underage','结婚时未达法定婚龄','结婚时未达法定婚龄',1,1,'2026-04-16 23:17:34'),(314,'target_invalid_underage','请求人为利害关系人','请求人为利害关系人',2,1,'2026-04-16 23:17:34'),(315,'target_invalid_underage','是否已办理结婚登记','是否已办理结婚登记',3,1,'2026-04-16 23:17:34'),(316,'target_annulment_coercion','存在胁迫结婚事实','存在胁迫结婚事实',1,1,'2026-04-16 23:17:34'),(317,'target_annulment_coercion','在法定期间内提出撤销请求','在法定期间内提出撤销请求',2,1,'2026-04-16 23:17:34'),(318,'target_annulment_coercion','知道撤销事由时间明确','知道撤销事由时间明确',3,1,'2026-04-16 23:17:34'),(319,'target_annulment_concealed_disease','婚前隐瞒重大疾病','婚前隐瞒重大疾病',1,1,'2026-04-16 23:17:34'),(320,'target_annulment_concealed_disease','在法定期间内提出撤销请求','在法定期间内提出撤销请求',2,1,'2026-04-16 23:17:34'),(321,'target_annulment_concealed_disease','知道撤销事由时间明确','知道撤销事由时间明确',3,1,'2026-04-16 23:17:34'),(322,'target_annulment_time_limit','在法定期间内提出撤销请求','在法定期间内提出撤销请求',1,1,'2026-04-16 23:17:34'),(323,'target_annulment_time_limit','知道撤销事由时间明确','知道撤销事由时间明确',2,1,'2026-04-16 23:17:34'),(324,'target_annulment_time_limit','请求撤销婚姻','请求撤销婚姻',3,1,'2026-04-16 23:17:34'),(325,'target_post_divorce_damage_fault','过错类型','过错类型',1,1,'2026-04-16 23:17:34'),(326,'target_post_divorce_damage_fault','离婚程序中是否已处理损害赔偿','离婚程序中是否已处理损害赔偿',2,1,'2026-04-16 23:17:34'),(327,'target_post_divorce_damage_fault','存在婚内严重过错或侵害事实线索','存在婚内严重过错或侵害事实线索',3,1,'2026-04-16 23:17:34'),(328,'target_post_divorce_damage_causation','损害后果类型','损害后果类型',1,1,'2026-04-16 23:17:34'),(329,'target_post_divorce_damage_causation','存在因果关系材料','存在因果关系材料',2,1,'2026-04-16 23:17:34'),(330,'target_post_divorce_damage_causation','存在持续治疗材料','存在持续治疗材料',3,1,'2026-04-16 23:17:34'),(331,'target_post_divorce_damage_amount_detail','赔偿金额或范围明确','赔偿金额或范围明确',1,1,'2026-04-16 23:17:34'),(332,'target_post_divorce_damage_amount_detail','存在误工收入损失材料','存在误工收入损失材料',2,1,'2026-04-16 23:17:34'),(333,'target_post_divorce_damage_amount_detail','有具体损失或治疗费用/收入损失线索','有具体损失或治疗费用/收入损失线索',3,1,'2026-04-16 23:17:34'),(334,'target_paternity_confirm_birth_record','出生登记信息与确认主张一致','出生登记信息与确认主张一致',1,1,'2026-04-16 23:17:34'),(335,'target_paternity_confirm_birth_record','存在怀孕生育期间往来记录','存在怀孕生育期间往来记录',2,1,'2026-04-16 23:17:34'),(336,'target_paternity_confirm_birth_record','存在长期共同生活或抚养记录','存在长期共同生活或抚养记录',3,1,'2026-04-16 23:17:34'),(337,'target_paternity_confirm_obstruction','对方拒绝配合亲子鉴定','对方拒绝配合亲子鉴定',1,1,'2026-04-16 23:17:34'),(338,'target_paternity_confirm_obstruction','存在举证妨碍线索','存在举证妨碍线索',2,1,'2026-04-16 23:17:34'),(339,'target_paternity_confirm_obstruction','请求确认亲子关系','请求确认亲子关系',3,1,'2026-04-16 23:17:34'),(340,'target_paternity_disclaimer_birth_record','出生登记信息与否认主张不一致','出生登记信息与否认主张不一致',1,1,'2026-04-16 23:17:34'),(341,'target_paternity_disclaimer_birth_record','存在怀孕生育期间往来记录','存在怀孕生育期间往来记录',2,1,'2026-04-16 23:17:34'),(342,'target_paternity_disclaimer_birth_record','存在长期共同生活或抚养记录','存在长期共同生活或抚养记录',3,1,'2026-04-16 23:17:34'),(343,'target_paternity_disclaimer_obstruction','对方拒绝配合亲子鉴定','对方拒绝配合亲子鉴定',1,1,'2026-04-16 23:17:34'),(344,'target_paternity_disclaimer_obstruction','存在举证妨碍线索','存在举证妨碍线索',2,1,'2026-04-16 23:17:34'),(345,'target_paternity_disclaimer_obstruction','请求否认亲子关系','请求否认亲子关系',3,1,'2026-04-16 23:17:34'),(346,'target_adoption_registered_confirm','是否已办理收养登记','是否已办理收养登记',1,1,'2026-04-16 23:17:34'),(347,'target_adoption_registered_confirm','存在送养同意或协议材料','存在送养同意或协议材料',2,1,'2026-04-16 23:17:34'),(348,'target_adoption_registered_confirm','收养人具备长期抚养能力','收养人具备长期抚养能力',3,1,'2026-04-16 23:17:34'),(349,'target_adoption_de_facto_confirm','存在事实收养长期维持','存在事实收养长期维持',1,1,'2026-04-16 23:17:34'),(350,'target_adoption_de_facto_confirm','存在长期共同生活情况','存在长期共同生活情况',2,1,'2026-04-16 23:17:34'),(351,'target_adoption_de_facto_confirm','收养人具备长期抚养能力','收养人具备长期抚养能力',3,1,'2026-04-16 23:17:34'),(352,'target_adoption_dissolve_reason','请求解除收养关系','请求解除收养关系',1,1,'2026-04-16 23:17:34'),(353,'target_adoption_dissolve_reason','解除原因类型','解除原因类型',2,1,'2026-04-16 23:17:34'),(354,'target_adoption_dissolve_reason','存在解除原因线索','存在解除原因线索',3,1,'2026-04-16 23:17:34'),(355,'target_adoption_post_dissolve_arrangement','解除后未成年人抚养安排明确','解除后未成年人抚养安排明确',1,1,'2026-04-16 23:17:34'),(356,'target_adoption_post_dissolve_arrangement','有证据材料可补强','有证据材料可补强',2,1,'2026-04-16 23:17:34'),(357,'target_adoption_post_dissolve_arrangement','存在长期共同生活情况','存在长期共同生活情况',3,1,'2026-04-16 23:17:34'),(358,'target_guardianship_subject_qualification','申请人主体资格明确','申请人主体资格明确',1,1,'2026-04-16 23:17:34'),(359,'target_guardianship_subject_qualification','存在居委村委或民政意见','存在居委村委或民政意见',2,1,'2026-04-16 23:17:34'),(360,'target_guardianship_subject_qualification','请求指定或变更监护人','请求指定或变更监护人',3,1,'2026-04-16 23:17:34'),(361,'target_guardianship_care_ability','申请人照护能力较强','申请人照护能力较强',1,1,'2026-04-16 23:17:34'),(362,'target_guardianship_care_ability','存在财产管理需求','存在财产管理需求',2,1,'2026-04-16 23:17:34'),(363,'target_guardianship_care_ability','有医学鉴定或诊断证据','有医学鉴定或诊断证据',3,1,'2026-04-16 23:17:34'),(364,'target_visitation_child_will','子女已满八周岁','子女已满八周岁',1,1,'2026-04-16 23:17:34'),(365,'target_visitation_child_will','子女有明确探望意愿','子女有明确探望意愿',2,1,'2026-04-16 23:17:34'),(366,'target_visitation_child_will','既有探望频率安排明确','既有探望频率安排明确',3,1,'2026-04-16 23:17:34'),(367,'target_visitation_suspension_risk','存在中止探望风险线索','存在中止探望风险线索',1,1,'2026-04-16 23:17:34'),(368,'target_visitation_suspension_risk','主张节假日或住宿探望','主张节假日或住宿探望',2,1,'2026-04-16 23:17:34'),(369,'target_visitation_suspension_risk','请求法院明确探望方式时间','请求法院明确探望方式时间',3,1,'2026-04-16 23:17:34'),(370,'target_sibling_support_medical','被扶养人无劳动能力或患病','被扶养人无劳动能力或患病',1,1,'2026-04-16 23:17:34'),(371,'target_sibling_support_medical','存在重大医疗护理支出','存在重大医疗护理支出',2,1,'2026-04-16 23:17:34'),(372,'target_sibling_support_medical','月扶养费金额明确','月扶养费金额明确',3,1,'2026-04-16 23:17:34'),(373,'target_sibling_support_multi_obligor','存在多名扶养义务人','存在多名扶养义务人',1,1,'2026-04-16 23:17:34'),(374,'target_sibling_support_multi_obligor','已有长期照料一方','已有长期照料一方',2,1,'2026-04-16 23:17:34'),(375,'target_sibling_support_multi_obligor','扶养人收入能力明确','扶养人收入能力明确',3,1,'2026-04-16 23:17:34'),(376,'target_spousal_agreement_validity','存在书面协议文本','存在书面协议文本',1,1,'2026-04-16 23:17:34'),(377,'target_spousal_agreement_validity','协议签署时间明确','协议签署时间明确',2,1,'2026-04-16 23:17:34'),(378,'target_spousal_agreement_validity','已办理公证或登记','已办理公证或登记',3,1,'2026-04-16 23:17:34'),(379,'target_spousal_agreement_performance','协议未履行或争议履行','协议未履行或争议履行',1,1,'2026-04-16 23:17:34'),(380,'target_spousal_agreement_performance','争议财产类型明确','争议财产类型明确',2,1,'2026-04-16 23:17:34'),(381,'target_spousal_agreement_performance','请求确认协议有效并要求履行','请求确认协议有效并要求履行',3,1,'2026-04-16 23:17:34'),(382,'target_in_marriage_property_type_scope','争议财产类型明确','争议财产类型明确',1,1,'2026-04-16 23:17:35'),(383,'target_in_marriage_property_type_scope','共同财产范围清晰','共同财产范围清晰',2,1,'2026-04-16 23:17:35'),(384,'target_in_marriage_property_type_scope','转移方式已可说明','转移方式已可说明',3,1,'2026-04-16 23:17:35'),(385,'target_in_marriage_property_livelihood_impact','存在重大医疗支出或紧急治疗需求','存在重大医疗支出或紧急治疗需求',1,1,'2026-04-16 23:17:35'),(386,'target_in_marriage_property_livelihood_impact','医疗支出金额大致明确','医疗支出金额大致明确',2,1,'2026-04-16 23:17:35'),(387,'target_in_marriage_property_livelihood_impact','已影响家庭基本生活','已影响家庭基本生活',3,1,'2026-04-16 23:17:35'),(388,'target_cohab_contribution_ratio','同居起止时间明确','同居起止时间明确',1,1,'2026-04-16 23:17:35'),(389,'target_cohab_contribution_ratio','共同购置房车或大额财物','共同购置房车或大额财物',2,1,'2026-04-16 23:17:35'),(390,'target_cohab_contribution_ratio','一方出资比例明显更高','一方出资比例明显更高',3,1,'2026-04-16 23:17:35'),(391,'target_cohab_direct_custody','主张子女直接抚养安排','主张子女直接抚养安排',1,1,'2026-04-16 23:17:35'),(392,'target_cohab_direct_custody','子女主要由一方抚养','子女主要由一方抚养',2,1,'2026-04-16 23:17:35'),(393,'target_cohab_direct_custody','孩子月支出明确','孩子月支出明确',3,1,'2026-04-16 23:17:35'),(394,'target_family_partition_member_boundary','家庭成员范围明确','家庭成员范围明确',1,1,'2026-04-16 23:17:35'),(395,'target_family_partition_member_boundary','已实际分家','已实际分家',2,1,'2026-04-16 23:17:35'),(396,'target_family_partition_member_boundary','存在长期占有使用一方','存在长期占有使用一方',3,1,'2026-04-16 23:17:35'),(397,'target_family_partition_registration_source','财产登记名义明确','财产登记名义明确',1,1,'2026-04-16 23:17:35'),(398,'target_family_partition_registration_source','主要出资来源明确','主要出资来源明确',2,1,'2026-04-16 23:17:35'),(399,'target_family_partition_registration_source','共同财产范围清晰','共同财产范围清晰',3,1,'2026-04-16 23:17:35'),(898,'target_invalid_marriage_confirm','无效事由类型','无效事由类型',1,1,'2026-04-16 23:49:58'),(899,'target_invalid_marriage_confirm','请求人为利害关系人','请求人为利害关系人',2,1,'2026-04-16 23:49:58'),(900,'target_invalid_marriage_confirm','存在在先婚姻未解除事实','存在在先婚姻未解除事实',3,1,'2026-04-16 23:49:58'),(901,'target_invalid_marriage_confirm','属于禁止结婚亲属关系','属于禁止结婚亲属关系',4,1,'2026-04-16 23:49:58'),(902,'target_invalid_marriage_confirm','结婚时未达法定婚龄','结婚时未达法定婚龄',5,1,'2026-04-16 23:49:58'),(903,'target_invalid_marriage_confirm','有证据材料可补强','有证据材料可补强',6,1,'2026-04-16 23:49:58'),(904,'target_invalid_marriage_property_return','是否同时主张财产处理','是否同时主张财产处理',1,1,'2026-04-16 23:49:58'),(905,'target_invalid_marriage_property_return','是否同时主张子女安排','是否同时主张子女安排',2,1,'2026-04-16 23:49:58'),(906,'target_invalid_marriage_property_return','是否已办理结婚登记','是否已办理结婚登记',3,1,'2026-04-16 23:49:58'),(907,'target_invalid_marriage_property_return','有证据材料可补强','有证据材料可补强',4,1,'2026-04-16 23:49:58'),(908,'target_annulment_request','撤销事由类型','撤销事由类型',1,1,'2026-04-16 23:49:58'),(909,'target_annulment_request','存在胁迫结婚事实','存在胁迫结婚事实',2,1,'2026-04-16 23:49:58'),(910,'target_annulment_request','婚前隐瞒重大疾病','婚前隐瞒重大疾病',3,1,'2026-04-16 23:49:58'),(911,'target_annulment_request','在法定期间内提出撤销请求','在法定期间内提出撤销请求',4,1,'2026-04-16 23:49:58'),(912,'target_annulment_request','知道撤销事由时间明确','知道撤销事由时间明确',5,1,'2026-04-16 23:49:58'),(913,'target_annulment_request','有证据材料可补强','有证据材料可补强',6,1,'2026-04-16 23:49:58'),(914,'target_annulment_effects','主张撤销后损害赔偿','主张撤销后损害赔偿',1,1,'2026-04-16 23:49:58'),(915,'target_annulment_effects','存在撤销后财产返还问题','存在撤销后财产返还问题',2,1,'2026-04-16 23:49:58'),(916,'target_annulment_effects','存在撤销后子女抚养安排问题','存在撤销后子女抚养安排问题',3,1,'2026-04-16 23:49:58'),(917,'target_annulment_effects','有证据材料可补强','有证据材料可补强',4,1,'2026-04-16 23:49:58'),(918,'target_post_divorce_damage_spirit','过错类型','过错类型',1,1,'2026-04-16 23:49:58'),(919,'target_post_divorce_damage_spirit','损害后果类型','损害后果类型',2,1,'2026-04-16 23:49:58'),(920,'target_post_divorce_damage_spirit','离婚程序中是否已处理损害赔偿','离婚程序中是否已处理损害赔偿',3,1,'2026-04-16 23:49:58'),(921,'target_post_divorce_damage_spirit','赔偿金额或范围明确','赔偿金额或范围明确',4,1,'2026-04-16 23:49:58'),(922,'target_post_divorce_damage_spirit','存在因果关系材料','存在因果关系材料',5,1,'2026-04-16 23:49:58'),(923,'target_post_divorce_damage_economic','赔偿金额或范围明确','赔偿金额或范围明确',1,1,'2026-04-16 23:49:58'),(924,'target_post_divorce_damage_economic','存在因果关系材料','存在因果关系材料',2,1,'2026-04-16 23:49:58'),(925,'target_post_divorce_damage_economic','存在持续治疗材料','存在持续治疗材料',3,1,'2026-04-16 23:49:58'),(926,'target_post_divorce_damage_economic','存在误工收入损失材料','存在误工收入损失材料',4,1,'2026-04-16 23:49:58'),(927,'target_post_divorce_damage_economic','有具体损失或治疗费用/收入损失线索','有具体损失或治疗费用/收入损失线索',5,1,'2026-04-16 23:49:58'),(928,'target_paternity_confirm','请求确认亲子关系','请求确认亲子关系',1,1,'2026-04-16 23:49:58'),(929,'target_paternity_confirm','亲子鉴定结论支持主张','亲子鉴定结论支持主张',2,1,'2026-04-16 23:49:58'),(930,'target_paternity_confirm','对方拒绝配合亲子鉴定','对方拒绝配合亲子鉴定',3,1,'2026-04-16 23:49:58'),(931,'target_paternity_confirm','存在举证妨碍线索','存在举证妨碍线索',4,1,'2026-04-16 23:49:58'),(932,'target_paternity_confirm','存在怀孕生育期间往来记录','存在怀孕生育期间往来记录',5,1,'2026-04-16 23:49:58'),(933,'target_paternity_confirm_evidence','存在长期共同生活或抚养记录','存在长期共同生活或抚养记录',1,1,'2026-04-16 23:49:58'),(934,'target_paternity_confirm_evidence','出生登记信息与确认主张一致','出生登记信息与确认主张一致',2,1,'2026-04-16 23:49:58'),(935,'target_paternity_confirm_evidence','有出生证明/户口簿或亲属关系证明','有出生证明/户口簿或亲属关系证明',3,1,'2026-04-16 23:49:58'),(936,'target_paternity_confirm_evidence','有证据材料可补强','有证据材料可补强',4,1,'2026-04-16 23:49:58'),(937,'target_paternity_disclaimer','请求否认亲子关系','请求否认亲子关系',1,1,'2026-04-16 23:49:58'),(938,'target_paternity_disclaimer','亲子鉴定结论支持否认方主张','亲子鉴定结论支持否认方主张',2,1,'2026-04-16 23:49:58'),(939,'target_paternity_disclaimer','对方拒绝配合亲子鉴定','对方拒绝配合亲子鉴定',3,1,'2026-04-16 23:49:58'),(940,'target_paternity_disclaimer','存在举证妨碍线索','存在举证妨碍线索',4,1,'2026-04-16 23:49:58'),(941,'target_paternity_disclaimer','存在怀孕生育期间往来记录','存在怀孕生育期间往来记录',5,1,'2026-04-16 23:49:58'),(942,'target_paternity_disclaimer_evidence','存在长期共同生活或抚养记录','存在长期共同生活或抚养记录',1,1,'2026-04-16 23:49:58'),(943,'target_paternity_disclaimer_evidence','出生登记信息与否认主张不一致','出生登记信息与否认主张不一致',2,1,'2026-04-16 23:49:58'),(944,'target_paternity_disclaimer_evidence','有出生证明/户口簿或亲属关系证明','有出生证明/户口簿或亲属关系证明',3,1,'2026-04-16 23:49:58'),(945,'target_paternity_disclaimer_evidence','有证据材料可补强','有证据材料可补强',4,1,'2026-04-16 23:49:58'),(946,'target_adoption_confirm','收养路径类型','收养路径类型',1,1,'2026-04-16 23:49:58'),(947,'target_adoption_confirm','是否已办理收养登记','是否已办理收养登记',2,1,'2026-04-16 23:49:58'),(948,'target_adoption_confirm','存在事实收养长期维持','存在事实收养长期维持',3,1,'2026-04-16 23:49:58'),(949,'target_adoption_confirm','存在送养同意或协议材料','存在送养同意或协议材料',4,1,'2026-04-16 23:49:58'),(950,'target_adoption_confirm','收养人具备长期抚养能力','收养人具备长期抚养能力',5,1,'2026-04-16 23:49:58'),(951,'target_adoption_confirm','存在长期共同生活情况','存在长期共同生活情况',6,1,'2026-04-16 23:49:58'),(952,'target_adoption_dissolve','收养路径类型','收养路径类型',1,1,'2026-04-16 23:49:58'),(953,'target_adoption_dissolve','请求解除收养关系','请求解除收养关系',2,1,'2026-04-16 23:49:58'),(954,'target_adoption_dissolve','解除原因类型','解除原因类型',3,1,'2026-04-16 23:49:58'),(955,'target_adoption_dissolve','存在解除原因线索','存在解除原因线索',4,1,'2026-04-16 23:49:58'),(956,'target_adoption_dissolve','解除后未成年人抚养安排明确','解除后未成年人抚养安排明确',5,1,'2026-04-16 23:49:58'),(957,'target_adoption_dissolve','有证据材料可补强','有证据材料可补强',6,1,'2026-04-16 23:49:58'),(1051,'target_guardianship_assign','申请人主体资格明确','申请人主体资格明确',1,1,'2026-04-16 23:49:58'),(1052,'target_guardianship_assign','被监护人无或限制民事行为能力','被监护人无或限制民事行为能力',2,1,'2026-04-16 23:49:58'),(1053,'target_guardianship_assign','有医学鉴定或诊断证据','有医学鉴定或诊断证据',3,1,'2026-04-16 23:49:58'),(1054,'target_guardianship_assign','申请人照护能力较强','申请人照护能力较强',4,1,'2026-04-16 23:49:58'),(1055,'target_guardianship_assign','请求指定或变更监护人','请求指定或变更监护人',5,1,'2026-04-16 23:49:58'),(1056,'target_guardianship_evidence','当前监护人不适合或不履行','当前监护人不适合或不履行',1,1,'2026-04-16 23:49:58'),(1057,'target_guardianship_evidence','存在居委村委或民政意见','存在居委村委或民政意见',2,1,'2026-04-16 23:49:58'),(1058,'target_guardianship_evidence','存在财产管理需求','存在财产管理需求',3,1,'2026-04-16 23:49:58'),(1059,'target_guardianship_evidence','有证据材料可补强','有证据材料可补强',4,1,'2026-04-16 23:49:58'),(1060,'target_visitation_fix','为非直接抚养方','为非直接抚养方',1,1,'2026-04-16 23:49:58'),(1061,'target_visitation_fix','存在拒绝探望或障碍','存在拒绝探望或障碍',2,1,'2026-04-16 23:49:58'),(1062,'target_visitation_fix','主张节假日或住宿探望','主张节假日或住宿探望',3,1,'2026-04-16 23:49:58'),(1063,'target_visitation_fix','请求法院明确探望方式时间','请求法院明确探望方式时间',4,1,'2026-04-16 23:49:58'),(1064,'target_visitation_evidence','子女已满八周岁','子女已满八周岁',1,1,'2026-04-16 23:49:58'),(1065,'target_visitation_evidence','子女有明确探望意愿','子女有明确探望意愿',2,1,'2026-04-16 23:49:58'),(1066,'target_visitation_evidence','既有探望频率安排明确','既有探望频率安排明确',3,1,'2026-04-16 23:49:58'),(1067,'target_visitation_evidence','存在中止探望风险线索','存在中止探望风险线索',4,1,'2026-04-16 23:49:58'),(1068,'target_sibling_support_fee_claim','存在扶养义务关系','存在扶养义务关系',1,1,'2026-04-16 23:49:58'),(1069,'target_sibling_support_fee_claim','被扶养人无劳动能力或患病','被扶养人无劳动能力或患病',2,1,'2026-04-16 23:49:58'),(1070,'target_sibling_support_fee_claim','存在重大医疗护理支出','存在重大医疗护理支出',3,1,'2026-04-16 23:49:58'),(1071,'target_sibling_support_fee_claim','扶养人收入能力明确','扶养人收入能力明确',4,1,'2026-04-16 23:49:58'),(1072,'target_sibling_support_fee_claim','月扶养费金额明确','月扶养费金额明确',5,1,'2026-04-16 23:49:58'),(1073,'target_sibling_support_change','主张变更扶养关系','主张变更扶养关系',1,1,'2026-04-16 23:49:58'),(1074,'target_sibling_support_change','变更原因属于法定情形','变更原因属于法定情形',2,1,'2026-04-16 23:49:58'),(1075,'target_sibling_support_change','存在多名扶养义务人','存在多名扶养义务人',3,1,'2026-04-16 23:49:58'),(1076,'target_sibling_support_change','已有长期照料一方','已有长期照料一方',4,1,'2026-04-16 23:49:58'),(1077,'target_spousal_agreement_enforce','存在夫妻财产约定协议','存在夫妻财产约定协议',1,1,'2026-04-16 23:49:58'),(1078,'target_spousal_agreement_enforce','存在书面协议文本','存在书面协议文本',2,1,'2026-04-16 23:49:58'),(1079,'target_spousal_agreement_enforce','协议签署时间明确','协议签署时间明确',3,1,'2026-04-16 23:49:58'),(1080,'target_spousal_agreement_enforce','争议财产类型明确','争议财产类型明确',4,1,'2026-04-16 23:49:58'),(1081,'target_spousal_agreement_enforce','协议未履行或争议履行','协议未履行或争议履行',5,1,'2026-04-16 23:49:58'),(1082,'target_spousal_agreement_defense','存在受胁迫欺诈等效力抗辩','存在受胁迫欺诈等效力抗辩',1,1,'2026-04-16 23:49:58'),(1083,'target_spousal_agreement_defense','对方主张协议无效或被撤销','对方主张协议无效或被撤销',2,1,'2026-04-16 23:49:58'),(1084,'target_spousal_agreement_defense','已办理公证或登记','已办理公证或登记',3,1,'2026-04-16 23:49:58'),(1085,'target_spousal_agreement_defense','有证据材料可补强','有证据材料可补强',4,1,'2026-04-16 23:49:58'),(1086,'target_in_marriage_division_conceal_transfer','存在婚内共同财产争议','存在婚内共同财产争议',1,1,'2026-04-16 23:49:58'),(1087,'target_in_marriage_division_conceal_transfer','存在藏匿转移共同财产线索','存在藏匿转移共同财产线索',2,1,'2026-04-16 23:49:58'),(1088,'target_in_marriage_division_conceal_transfer','争议财产类型明确','争议财产类型明确',3,1,'2026-04-16 23:49:58'),(1089,'target_in_marriage_division_conceal_transfer','转移方式已可说明','转移方式已可说明',4,1,'2026-04-16 23:49:58'),(1090,'target_in_marriage_division_conceal_transfer','共同财产范围清晰','共同财产范围清晰',5,1,'2026-04-16 23:49:58'),(1091,'target_in_marriage_division_waste_medical','存在挥霍家产或恶意处置','存在挥霍家产或恶意处置',1,1,'2026-04-16 23:49:58'),(1092,'target_in_marriage_division_waste_medical','挥霍金额或次数可说明','挥霍金额或次数可说明',2,1,'2026-04-16 23:49:58'),(1093,'target_in_marriage_division_waste_medical','存在重大医疗支出或紧急治疗需求','存在重大医疗支出或紧急治疗需求',3,1,'2026-04-16 23:49:58'),(1094,'target_in_marriage_division_waste_medical','医疗支出金额大致明确','医疗支出金额大致明确',4,1,'2026-04-16 23:49:58'),(1095,'target_in_marriage_division_waste_medical','已影响家庭基本生活','已影响家庭基本生活',5,1,'2026-04-16 23:49:58'),(1096,'target_cohab_property_partition','是否存在同居关系','是否存在同居关系',1,1,'2026-04-16 23:49:58'),(1097,'target_cohab_property_partition','同居起止时间明确','同居起止时间明确',2,1,'2026-04-16 23:49:58'),(1098,'target_cohab_property_partition','共同购置房车或大额财物','共同购置房车或大额财物',3,1,'2026-04-16 23:49:58'),(1099,'target_cohab_property_partition','一方出资比例明显更高','一方出资比例明显更高',4,1,'2026-04-16 23:49:58'),(1100,'target_cohab_property_partition','存在财产分割争议','存在财产分割争议',5,1,'2026-04-16 23:49:58'),(1101,'target_cohab_child_custody','是否存在子女','是否存在子女',1,1,'2026-04-16 23:49:58'),(1102,'target_cohab_child_custody','主张子女直接抚养安排','主张子女直接抚养安排',2,1,'2026-04-16 23:49:58'),(1103,'target_cohab_child_custody','子女主要由一方抚养','子女主要由一方抚养',3,1,'2026-04-16 23:49:58'),(1104,'target_cohab_child_custody','对方拒绝或未支付抚养费','对方拒绝或未支付抚养费',4,1,'2026-04-16 23:49:58'),(1105,'target_cohab_child_custody','孩子月支出明确','孩子月支出明确',5,1,'2026-04-16 23:49:58'),(1106,'target_family_partition_plan','家庭成员范围明确','家庭成员范围明确',1,1,'2026-04-16 23:49:58'),(1107,'target_family_partition_plan','已实际分家','已实际分家',2,1,'2026-04-16 23:49:58'),(1108,'target_family_partition_plan','存在长期占有使用一方','存在长期占有使用一方',3,1,'2026-04-16 23:49:58'),(1109,'target_family_partition_plan','请求分割/析产','请求分割/析产',4,1,'2026-04-16 23:49:58'),(1110,'target_family_partition_plan','存在分割争议','存在分割争议',5,1,'2026-04-16 23:49:58'),(1111,'target_family_partition_evidence','共同财产范围清晰','共同财产范围清晰',1,1,'2026-04-16 23:49:58'),(1112,'target_family_partition_evidence','财产登记名义明确','财产登记名义明确',2,1,'2026-04-16 23:49:58'),(1113,'target_family_partition_evidence','主要出资来源明确','主要出资来源明确',3,1,'2026-04-16 23:49:58'),(1114,'target_family_partition_evidence','有财产清单/账本/沟通记录','有财产清单/账本/沟通记录',4,1,'2026-04-16 23:49:58'),(1115,'target_divorce_judgment_breakdown','存在合法婚姻关系','存在合法婚姻关系',1,1,'2026-04-16 23:56:30'),(1116,'target_divorce_judgment_breakdown','感情确已破裂','感情确已破裂',2,1,'2026-04-16 23:56:30'),(1117,'target_divorce_judgment_breakdown','存在分居事实','存在分居事实',3,1,'2026-04-16 23:56:30'),(1118,'target_divorce_judgment_breakdown','有分居证据','有分居证据',4,1,'2026-04-16 23:56:30'),(1119,'target_divorce_judgment_breakdown','存在调解意愿','存在调解意愿',5,1,'2026-04-16 23:56:30'),(1120,'target_divorce_judgment_breakdown','对方不同意离婚或拖延','对方不同意离婚或拖延',6,1,'2026-04-16 23:56:30'),(1121,'target_divorce_judgment_violence_fault','存在家庭暴力或重大过错','存在家庭暴力或重大过错',1,1,'2026-04-16 23:56:30'),(1122,'target_divorce_judgment_violence_fault','有家暴或报警记录','有家暴或报警记录',2,1,'2026-04-16 23:56:30'),(1123,'target_divorce_judgment_violence_fault','感情确已破裂','感情确已破裂',3,1,'2026-04-16 23:56:30'),(1124,'target_divorce_custody_best_interest','涉及子女抚养','涉及子女抚养',1,1,'2026-04-16 23:56:30'),(1125,'target_divorce_custody_best_interest','子女长期随一方生活','子女长期随一方生活',2,1,'2026-04-16 23:56:30'),(1126,'target_divorce_custody_best_interest','另一方存在不利抚养因素','另一方存在不利抚养因素',3,1,'2026-04-16 23:56:30'),(1127,'target_divorce_custody_best_interest','有抚养能力材料','有抚养能力材料',4,1,'2026-04-16 23:56:30'),(1128,'target_divorce_custody_best_interest','是否存在子女意愿争议','是否存在子女意愿争议',5,1,'2026-04-16 23:56:30'),(1129,'target_divorce_property_debt_scope','涉及夫妻共同财产','涉及夫妻共同财产',1,1,'2026-04-16 23:56:30'),(1130,'target_divorce_property_debt_scope','共同财产范围清晰','共同财产范围清晰',2,1,'2026-04-16 23:56:30'),(1131,'target_divorce_property_debt_scope','存在共同债务','存在共同债务',3,1,'2026-04-16 23:56:30'),(1132,'target_divorce_property_debt_scope','是否存在共同债务争议','是否存在共同债务争议',4,1,'2026-04-16 23:56:30'),(1133,'target_child_support_arrears_enforcement','存在亲子关系','存在亲子关系',1,1,'2026-04-16 23:56:30'),(1134,'target_child_support_arrears_enforcement','对方未支付抚养费','对方未支付抚养费',2,1,'2026-04-16 23:56:30'),(1135,'target_child_support_arrears_enforcement','是否有离婚协议或判决','是否有离婚协议或判决',3,1,'2026-04-16 23:56:30'),(1136,'target_child_support_arrears_enforcement','约定抚养费金额','约定抚养费金额',4,1,'2026-04-16 23:56:30'),(1137,'target_child_support_arrears_enforcement','对方收入水平大致明确','对方收入水平大致明确',5,1,'2026-04-16 23:56:30'),(1138,'target_child_support_change_amount','是否存在重大支出变化','是否存在重大支出变化',1,1,'2026-04-16 23:56:30'),(1139,'target_child_support_change_amount','孩子实际月支出','孩子实际月支出',2,1,'2026-04-16 23:56:30'),(1140,'target_child_support_change_amount','对方收入水平大致明确','对方收入水平大致明确',3,1,'2026-04-16 23:56:30'),(1141,'target_child_support_change_amount','是否有离婚协议或判决','是否有离婚协议或判决',4,1,'2026-04-16 23:56:30'),(1142,'target_support_medical_disability','存在赡养关系','存在赡养关系',1,1,'2026-04-16 23:56:30'),(1143,'target_support_medical_disability','被赡养人生活困难','被赡养人生活困难',2,1,'2026-04-16 23:56:30'),(1144,'target_support_medical_disability','有医疗或失能证明','有医疗或失能证明',3,1,'2026-04-16 23:56:30'),(1145,'target_support_medical_disability','被赡养人月基本支出','被赡养人月基本支出',4,1,'2026-04-16 23:56:30'),(1146,'target_support_multi_obligor_share','是否存在多名赡养人','是否存在多名赡养人',1,1,'2026-04-16 23:56:30'),(1147,'target_support_multi_obligor_share','赡养人收入能力大致明确','赡养人收入能力大致明确',2,1,'2026-04-16 23:56:30'),(1148,'target_support_multi_obligor_share','赡养人拒绝履行','赡养人拒绝履行',3,1,'2026-04-16 23:56:30'),(1149,'target_support_multi_obligor_share','有亲属关系证明','有亲属关系证明',4,1,'2026-04-16 23:56:30'),(1150,'target_post_divorce_time_limit_risk','离婚事实已生效','离婚事实已生效',1,1,'2026-04-16 23:56:30'),(1151,'target_post_divorce_time_limit_risk','新发现财产线索','新发现财产线索',2,1,'2026-04-16 23:56:30'),(1152,'target_post_divorce_time_limit_risk','发现财产线索时间明确','发现财产线索时间明确',3,1,'2026-04-16 23:56:30'),(1153,'target_post_divorce_time_limit_risk','离婚后已过三年风险','离婚后已过三年风险',4,1,'2026-04-16 23:56:30'),(1154,'target_post_divorce_agreement_validity','存在离婚协议','存在离婚协议',1,1,'2026-04-16 23:56:30'),(1155,'target_post_divorce_agreement_validity','离婚协议财产条款未履行','离婚协议财产条款未履行',2,1,'2026-04-16 23:56:30'),(1156,'target_post_divorce_agreement_validity','有离婚协议原件','有离婚协议原件',3,1,'2026-04-16 23:56:30'),(1157,'target_post_divorce_agreement_validity','请求执行离婚协议','请求执行离婚协议',4,1,'2026-04-16 23:56:30');
/*!40000 ALTER TABLE `rule_step2_required_fact` ENABLE KEYS */;
UNLOCK TABLES;

--
-- Table structure for table `rule_step2_target`
--

DROP TABLE IF EXISTS `rule_step2_target`;
/*!40101 SET @saved_cs_client     = @@character_set_client */;
/*!50503 SET character_set_client = utf8mb4 */;
CREATE TABLE `rule_step2_target` (
  `target_id` varchar(64) COLLATE utf8mb4_unicode_ci NOT NULL,
  `title` varchar(255) COLLATE utf8mb4_unicode_ci NOT NULL,
  `descr` text COLLATE utf8mb4_unicode_ci,
  `enabled` tinyint NOT NULL DEFAULT '1',
  `updated_at` datetime NOT NULL DEFAULT CURRENT_TIMESTAMP ON UPDATE CURRENT_TIMESTAMP,
  PRIMARY KEY (`target_id`),
  UNIQUE KEY `uk_step2_target_id` (`target_id`)
) ENGINE=InnoDB DEFAULT CHARSET=utf8mb4 COLLATE=utf8mb4_unicode_ci;
/*!40101 SET character_set_client = @saved_cs_client */;

--
-- Dumping data for table `rule_step2_target`
--

LOCK TABLES `rule_step2_target` WRITE;
/*!40000 ALTER TABLE `rule_step2_target` DISABLE KEYS */;
INSERT INTO `rule_step2_target` VALUES ('target_add_betrothal_no_refund','抗辩不予返还彩礼','通过共同生活、登记等事实抗辩不返还或少返还。',1,'2026-04-09 21:22:06'),('target_add_betrothal_refund_full','主张全额返还彩礼','围绕法定返还要件及金额证据主张全额返还。',1,'2026-04-09 21:22:06'),('target_add_betrothal_refund_partial','主张部分返还彩礼','在已共同生活或已登记情形下主张部分返还。',1,'2026-04-09 21:22:06'),('target_add_divorce_general_custody','子女抚养方案请求','围绕子女利益与抚养条件提出抚养方案。',1,'2026-04-09 21:22:06'),('target_add_divorce_general_judgment','请求判决离婚','围绕感情破裂事实请求判决离婚。',1,'2026-04-09 21:22:06'),('target_add_divorce_general_property','财产与债务处理方案','围绕共同财产、共同债务提出分割方案。',1,'2026-04-09 21:22:06'),('target_add_labor_injury_disability','主张伤残待遇','针对伤残等级主张补助金等待遇。',1,'2026-04-09 21:22:06'),('target_add_labor_injury_medical','主张工伤医疗费用待遇','围绕医疗费用及票据主张支付。',1,'2026-04-09 21:22:06'),('target_add_labor_injury_recognition','确认工伤并主张工伤待遇','围绕工伤认定与待遇项目组织请求。',1,'2026-04-09 21:22:06'),('target_add_labor_overtime_holiday','主张法定节假日加班费','围绕法定节假日加班主张法定标准加班费。',1,'2026-04-09 21:22:06'),('target_add_labor_overtime_restday','主张休息日加班费','围绕休息日加班且未补休主张加班费。',1,'2026-04-09 21:22:06'),('target_add_labor_overtime_workday','主张工作日延时加班费','围绕工作日延时加班事实与时长主张差额。',1,'2026-04-09 21:22:06'),('target_add_post_divorce_agreement_enforce','请求履行离婚协议财产条款','针对协议未履行请求确认并履行。',1,'2026-04-09 21:22:06'),('target_add_post_divorce_conceal_penalty','追究隐藏转移财产责任','针对隐藏转移财产请求少分或不分。',1,'2026-04-09 21:22:06'),('target_add_post_divorce_redistribute','离婚后再次分割财产','针对未分割财产请求再次分割。',1,'2026-04-09 21:22:06'),('target_adoption_confirm','收养确认：登记/事实与证据补强','围绕确认请求、收养登记及证据材料组织证成。',1,'2026-04-16 21:23:38'),('target_adoption_de_facto_confirm','收养确认：事实收养长期维持路径','围绕长期共同生活、照顾记录和抚养能力组织事实收养确认。',1,'2026-04-16 23:17:34'),('target_adoption_dissolve','收养解除：解除原因与证据补强','围绕解除请求、解除原因线索与证据材料组织证成。',1,'2026-04-16 21:23:38'),('target_adoption_dissolve_reason','解除收养：解除原因审查路径','围绕解除原因、不尽抚养义务或严重矛盾组织解除主张。',1,'2026-04-16 23:17:34'),('target_adoption_post_dissolve_arrangement','解除收养：解除后未成年人安排路径','围绕解除后的监护、抚养费用和生活安排组织方案。',1,'2026-04-16 23:17:34'),('target_adoption_registered_confirm','收养确认：登记收养成立路径','围绕收养登记、送养同意和主体资格组织确认收养关系。',1,'2026-04-16 23:17:34'),('target_annulment_coercion','撤销婚姻：胁迫结婚路径','围绕胁迫事实、胁迫终止时间和撤销请求组织证据。',1,'2026-04-16 23:17:34'),('target_annulment_concealed_disease','撤销婚姻：婚前隐瞒重大疾病路径','围绕重大疾病隐瞒、知晓时间和撤销请求组织证据。',1,'2026-04-16 23:17:34'),('target_annulment_effects','撤销婚姻：撤销后的财产返还与子女抚养安排','围绕撤销后需求、子女抚养安排与证据材料组织方案。',1,'2026-04-16 21:23:38'),('target_annulment_request','撤销婚姻：撤销原因与请求证成','围绕撤销原因线索、撤销请求与证据材料组织证成。',1,'2026-04-16 21:23:38'),('target_annulment_time_limit','撤销婚姻：法定期间审查路径','围绕提出时间、知晓时间和程序风险组织证据。',1,'2026-04-16 23:17:34'),('target_child_support_arrears_enforcement','抚养费：拖欠与执行/补付','围绕拖欠事实、约定/判决基础、对方支付能力固定证据。',1,'2026-04-16 23:56:30'),('target_child_support_change_amount','抚养费：变更数额（增减）','围绕抚养支出变化、收入变化、教育医疗等重大支出构建变更理由。',1,'2026-04-16 23:56:30'),('target_child_support_change_custody','主张变更抚养关系','围绕法定变更情形与有利于子女成长证据主张变更。',1,'2026-04-15 00:29:27'),('target_child_support_claim_fee','主张抚养费','围绕抚养费标准、支出与对方收入能力主张给付。',1,'2026-04-15 00:29:27'),('target_cohab_child_custody','同居子女：抚养费/抚养关系处理方案','围绕存在子女、主要抚养状况与拒绝/未支付抚养费组织方案。',1,'2026-04-16 21:23:38'),('target_cohab_contribution_ratio','同居财产：出资比例与共同购置路径','围绕共同购置房车、大额财物和一方明显高额出资组织析产方案。',1,'2026-04-16 23:17:34'),('target_cohab_direct_custody','同居子女：直接抚养与月支出路径','围绕直接抚养主张、月支出和现有照料安排组织抚养方案。',1,'2026-04-16 23:17:34'),('target_cohab_property_partition','同居财产：同居投入与析产方案','围绕同居关系、共同投入/财产范围清晰与分割争议组织证成。',1,'2026-04-16 21:23:38'),('target_common_property_split','争取认定为夫妻共同财产并依法分割','当你希望房产被纳入共同财产范围时，需重点证明婚后取得/共同出资/共同登记等事实。',1,'2026-03-31 17:27:26'),('target_divorce_custody_best_interest','离婚纠纷：子女抚养与最佳利益','围绕直接抚养、探望、抚养费与子女利益证据组织材料。',1,'2026-04-16 23:56:12'),('target_divorce_judgment_breakdown','判决离婚：感情破裂与事由链条','围绕感情破裂、分居/冲突/调解情况构建证明链条。',1,'2026-04-16 23:56:12'),('target_divorce_judgment_violence_fault','判决离婚：家暴/重大过错方向','围绕家暴或重大过错事实固定证据，强化离婚支持度及衍生请求基础。',1,'2026-04-16 23:56:12'),('target_divorce_property_debt_scope','离婚纠纷：财产与债务范围清单化','围绕共同财产/债务范围、形成时间线、证据来源整理清单。',1,'2026-04-16 23:56:12'),('target_family_partition_evidence','分家析产：财产清单/登记证据与资金来源补强','围绕财产范围清晰、不动产登记证据与清单/账本证据组织。',1,'2026-04-16 21:23:38'),('target_family_partition_member_boundary','分家析产：成员范围与分家状态路径','围绕家庭成员范围、是否已实际分家和长期占有使用状态组织析产入口。',1,'2026-04-16 23:17:34'),('target_family_partition_plan','分家析产：共同生活投入与析产请求证成','围绕共同生活/置办、共同财产范围清晰、分割争议与请求组织证成。',1,'2026-04-16 21:23:38'),('target_family_partition_registration_source','分家析产：登记名义与主要出资来源路径','围绕登记名义、主要出资来源和权属材料组织份额主张。',1,'2026-04-16 23:17:34'),('target_guardianship_assign','监护权指定/变更：能力与鉴定证据要件','围绕监护需求、无/限制能力、医学鉴定与请求指定组织证成。',1,'2026-04-16 21:23:38'),('target_guardianship_care_ability','监护权：照护能力与居住安排路径','围绕照护能力、稳定居住和日常照护安排组织监护适格性审查。',1,'2026-04-16 23:17:34'),('target_guardianship_evidence','监护权材料整合：现任监护不适合/不履行与证据补强','围绕证据材料与现任监护不适合/不履行组织反证/证成。',1,'2026-04-16 21:23:38'),('target_guardianship_subject_qualification','监护权：申请人主体资格与顺位路径','围绕申请人身份顺位、近亲属关系和基层意见组织监护资格审查。',1,'2026-04-16 23:17:34'),('target_illegal_termination_compensation','主张违法解除赔偿金','重点证明解除缺乏法定事由或程序违法，进而请求二倍赔偿。',1,'2026-04-07 19:21:32'),('target_illegal_termination_reinstatement','请求继续履行劳动合同','在违法解除情形下，优先请求恢复劳动关系并继续履行合同。',1,'2026-04-07 19:21:32'),('target_illegal_termination_revoke_decision','确认解除决定违法并撤销','确认解除决定违法，作为赔偿或恢复劳动关系前置支撑。',1,'2026-04-07 19:21:32'),('target_illegal_termination_wage_gap','主张停工期间工资损失','在解除违法且未及时恢复岗位时，主张停工待岗期间工资等损失。',1,'2026-04-07 19:21:32'),('target_in_marriage_division_conceal_transfer','婚内财产分割：藏匿/转移处理方案','围绕婚内共同财产争议、藏匿转移线索与范围清晰提出分割证成。',1,'2026-04-16 21:23:38'),('target_in_marriage_division_waste_medical','婚内财产分割：挥霍/恶意处置与医疗紧急应对','围绕挥霍/恶意处置、重大医疗支出/紧急治疗需求与范围清晰提出处置方案。',1,'2026-04-16 21:23:38'),('target_in_marriage_property_livelihood_impact','婚内财产分割：基本生活受影响与紧迫性路径','围绕重大医疗支出、挥霍处置和家庭基本生活受影响组织紧迫性论证。',1,'2026-04-16 23:17:34'),('target_in_marriage_property_type_scope','婚内财产分割：争议财产类型与范围路径','围绕争议财产类型、范围和共同财产边界组织分割主张。',1,'2026-04-16 23:17:34'),('target_inherit_confirm_share','确认继承人及份额','围绕继承顺序、份额、代位继承等确认权利。',1,'2026-04-15 00:29:27'),('target_inherit_dispute_will','遗嘱效力争议处理','围绕遗嘱形式与效力争议组织主张。',1,'2026-04-15 00:29:27'),('target_invalid_marriage_confirm','婚姻无效：确认无效与关键要件','围绕无效原因线索、确认请求与证据材料组织证成。',1,'2026-04-16 21:23:38'),('target_invalid_marriage_property_return','婚姻无效：财产返还/子女安排（证据补强）','围绕结婚登记信息与证据材料组织返还/安排论证。',1,'2026-04-16 21:23:38'),('target_invalid_prior_marriage','婚姻无效：在先婚姻未解除的无效确认路径','围绕在先婚姻未解除、登记信息和请求主体资格组织无效确认。',1,'2026-04-16 23:17:34'),('target_invalid_prohibited_kinship','婚姻无效：禁止结婚亲属关系路径','围绕亲属关系证明、登记信息和主体资格组织无效确认。',1,'2026-04-16 23:17:34'),('target_invalid_underage','婚姻无效：未达法定婚龄路径','围绕年龄事实、登记材料和主体资格组织无效确认。',1,'2026-04-16 23:17:34'),('target_labor_no_contract_double_wage','争取未签合同期间双倍工资','重点证明劳动关系成立、未签合同持续时间及工资支付事实。',1,'2026-04-07 19:21:32'),('target_labor_no_contract_open_term','请求订立无固定期限劳动合同','符合条件时请求订立无固定期限劳动合同。',1,'2026-04-07 19:21:32'),('target_labor_no_contract_sign_contract','请求补签书面劳动合同','在劳动关系持续期间，要求单位补签书面劳动合同。',1,'2026-04-07 19:21:32'),('target_labor_unpaid_wages_additional_compensation','争取逾期支付加付赔偿金','针对欠薪且经催告/责令后仍不支付的情形，主张加付赔偿金。',1,'2026-04-07 19:21:32'),('target_labor_unpaid_wages_full_payment','争取尽快足额支付欠薪','重点证成劳动关系、实际劳动及欠薪事实，并补强金额依据。',1,'2026-04-07 19:21:32'),('target_labor_unpaid_wages_overtime','一并主张加班费','在欠薪之外，主张存在加班且未依法支付加班费。',1,'2026-04-07 19:21:32'),('target_labor_unpaid_wages_termination_compensation','争取解除劳动关系并主张经济补偿','当单位长期欠薪时，考虑依法解除并主张经济补偿。',1,'2026-04-07 19:21:32'),('target_no_fault_more_share','争取无过错方获得更多份额（照顾无过错方）','当对方存在法定或重大过错且你有证据时，可主张分割时照顾无过错方权益。',1,'2026-03-31 17:27:26'),('target_paternity_confirm','亲子确认：亲子争议与鉴定支持证成','围绕确认请求、亲子争议与鉴定支持结论组织证成。',1,'2026-04-16 21:23:38'),('target_paternity_confirm_birth_record','亲子确认：出生登记一致与生育往来路径','围绕出生登记、一致性、生育往来和共同抚养记录组织证据。',1,'2026-04-16 23:17:34'),('target_paternity_confirm_evidence','亲子确认：出生/户籍/亲属关系与证据补强','围绕鉴定结论支持与证据材料组织证成补强。',1,'2026-04-16 21:23:38'),('target_paternity_confirm_obstruction','亲子确认：拒检与举证妨碍路径','围绕拒绝鉴定、调查受阻和证明妨碍行为强化确认主张。',1,'2026-04-16 23:17:34'),('target_paternity_disclaimer','亲子否认：鉴定支持否认主张与请求证成','围绕否认请求、亲子争议与鉴定支持否认结论组织证成。',1,'2026-04-16 21:23:38'),('target_paternity_disclaimer_birth_record','亲子否认：出生登记不一致与往来缺失路径','围绕出生登记不一致、生育往来和共同生活缺失组织证据。',1,'2026-04-16 23:17:34'),('target_paternity_disclaimer_evidence','亲子否认：出生/户籍/亲属关系与证据补强','围绕鉴定支持与证据材料组织证成补强。',1,'2026-04-16 21:23:38'),('target_paternity_disclaimer_obstruction','亲子否认：拒检与举证妨碍路径','围绕拒绝鉴定、调查受阻和证明妨碍行为强化否认主张。',1,'2026-04-16 23:17:34'),('target_post_divorce_agreement_validity','离婚后财产：协议效力与履行路径补强','围绕离婚协议条件、效力争议与履行证据补强。',1,'2026-04-16 23:56:30'),('target_post_divorce_damage_amount_detail','离婚后损害：赔偿项目与金额测算路径','围绕金额区间、具体费用、误工和持续治疗等项目细化请求。',1,'2026-04-16 23:17:34'),('target_post_divorce_damage_causation','离婚后损害：损害后果与因果关系路径','围绕损害后果、因果关系与后续治疗误工材料组织证据。',1,'2026-04-16 23:17:34'),('target_post_divorce_damage_economic','离婚后损害：经济损失/费用与证据链','围绕后果、可补强证据线索与具体费用/损失组织证据。',1,'2026-04-16 21:23:38'),('target_post_divorce_damage_fault','离婚后损害：过错类型与程序障碍审查','围绕过错类型、离婚程序是否处理过及独立主张空间组织证据。',1,'2026-04-16 23:17:34'),('target_post_divorce_damage_spirit','离婚后损害：精神损害/责任要件与请求范围','围绕过错侵害事实、后果损害与请求范围组织证据补强。',1,'2026-04-16 21:23:38'),('target_post_divorce_time_limit_risk','离婚后财产：发现时间与时效风险评估','围绕发现时间、线索来源与时效风险准备解释与证据。',1,'2026-04-16 23:56:30'),('target_property_no_refund','抗辩不予/少予返还','围绕登记、共同生活等事实抗辩不返还或少返还。',1,'2026-04-15 00:29:27'),('target_property_refund','主张返还彩礼/婚约财产','围绕法定返还情形、金额与证据主张返还。',1,'2026-04-15 00:29:27'),('target_sibling_support_change','扶养变更：法定情形与生活困难证成','围绕变更主张、法定情形与生活困难组织证成。',1,'2026-04-16 21:23:38'),('target_sibling_support_fee_claim','扶养费/扶养安排：扶养义务与履行不足','围绕扶养义务、生活困难、能力与拒绝履行/不足组织证成。',1,'2026-04-16 21:23:38'),('target_sibling_support_medical','扶养纠纷：重大医疗护理支出路径','围绕重大医疗护理支出、失能患病和费用分担组织扶养请求。',1,'2026-04-16 23:17:34'),('target_sibling_support_multi_obligor','扶养纠纷：多义务人与长期照料分担路径','围绕多名扶养义务人、长期照料一方和分担比例组织方案。',1,'2026-04-16 23:17:34'),('target_spousal_agreement_defense','夫妻财产约定：无效/被撤销抗辩的证据应对','围绕无效/被撤销主张、证据材料与约定明确性组织反证。',1,'2026-04-16 21:23:38'),('target_spousal_agreement_enforce','夫妻财产约定：协议有效并要求履行','围绕协议存在、约定明确性、未履行/争议与请求履行组织证成。',1,'2026-04-16 21:23:38'),('target_spousal_agreement_performance','夫妻财产约定：履行争议与催告路径','围绕未履行、争议履行和催告记录组织履行请求。',1,'2026-04-16 23:17:34'),('target_spousal_agreement_validity','夫妻财产约定：协议成立与效力路径','围绕书面协议、签署时间、财产类型和公证登记组织效力主张。',1,'2026-04-16 23:17:34'),('target_support_claim','主张赡养费/赡养安排','围绕生活困难、支出与赡养人能力主张赡养。',1,'2026-04-15 00:29:27'),('target_support_medical_disability','赡养纠纷：医疗/失能与费用链条','围绕医疗失能、护理支出与生活困难形成证明链。',1,'2026-04-16 23:56:30'),('target_support_multi_obligor_share','赡养纠纷：多名赡养人分担与支付能力','围绕赡养人范围、收入能力、分担方案组织证据。',1,'2026-04-16 23:56:30'),('target_visitation_child_will','探望权：子女年龄、意愿与既有频率路径','围绕八周岁以上子女意愿、既有探望安排和可执行性组织方案。',1,'2026-04-16 23:17:34'),('target_visitation_evidence','探望权：探望安排文书与沟通实施证据补强','围绕探望文书与实施/沟通记录组织证成补强。',1,'2026-04-16 21:23:38'),('target_visitation_fix','探望权：拒绝/障碍与明确探望请求证成','围绕非直接抚养、拒绝探望/障碍与明确探望请求组织证成。',1,'2026-04-16 21:23:38'),('target_visitation_suspension_risk','探望权：中止探望风险审查路径','围绕不利于未成年人的风险线索和探望限制方式组织审查。',1,'2026-04-16 23:17:34');
/*!40000 ALTER TABLE `rule_step2_target` ENABLE KEYS */;
UNLOCK TABLES;

--
-- Table structure for table `rule_step2_target_legal_ref`
--

DROP TABLE IF EXISTS `rule_step2_target_legal_ref`;
/*!40101 SET @saved_cs_client     = @@character_set_client */;
/*!50503 SET character_set_client = utf8mb4 */;
CREATE TABLE `rule_step2_target_legal_ref` (
  `target_id` varchar(64) COLLATE utf8mb4_unicode_ci NOT NULL,
  `law_id` varchar(64) COLLATE utf8mb4_unicode_ci NOT NULL,
  `sort_order` int NOT NULL DEFAULT '0',
  `updated_at` datetime NOT NULL DEFAULT CURRENT_TIMESTAMP ON UPDATE CURRENT_TIMESTAMP,
  PRIMARY KEY (`target_id`,`law_id`),
  KEY `idx_law_id` (`law_id`),
  CONSTRAINT `fk_step2_target_lr_law` FOREIGN KEY (`law_id`) REFERENCES `rule_law` (`id`),
  CONSTRAINT `fk_step2_target_lr_target` FOREIGN KEY (`target_id`) REFERENCES `rule_step2_target` (`target_id`)
) ENGINE=InnoDB DEFAULT CHARSET=utf8mb4 COLLATE=utf8mb4_unicode_ci;
/*!40101 SET character_set_client = @saved_cs_client */;

--
-- Dumping data for table `rule_step2_target_legal_ref`
--

LOCK TABLES `rule_step2_target_legal_ref` WRITE;
/*!40000 ALTER TABLE `rule_step2_target_legal_ref` DISABLE KEYS */;
INSERT INTO `rule_step2_target_legal_ref` VALUES ('target_add_betrothal_no_refund','law_jshj_5',1,'2026-04-09 21:22:06'),('target_add_betrothal_no_refund','law_sf_hzlj_2024_5',2,'2026-04-12 23:53:20'),('target_add_betrothal_refund_full','law_1042',1,'2026-04-09 21:22:06'),('target_add_betrothal_refund_full','law_jshj_5',2,'2026-04-09 21:22:06'),('target_add_betrothal_refund_full','law_sf_hzlj_2024_2',3,'2026-04-12 23:53:20'),('target_add_betrothal_refund_full','law_sf_hzlj_2024_5',4,'2026-04-12 23:53:20'),('target_add_betrothal_refund_partial','law_jshj_5',1,'2026-04-09 21:22:06'),('target_add_betrothal_refund_partial','law_sf_hzlj_2024_5',2,'2026-04-12 23:53:20'),('target_add_betrothal_refund_partial','law_sf_hzlj_2024_6',3,'2026-04-12 23:53:20'),('target_add_divorce_general_custody','law_1084',1,'2026-04-09 21:22:06'),('target_add_divorce_general_judgment','law_1079',1,'2026-04-09 21:22:06'),('target_add_divorce_general_judgment','law_1091',2,'2026-04-12 23:53:20'),('target_add_divorce_general_property','law_1087',1,'2026-04-09 21:22:06'),('target_add_divorce_general_property','law_1089',10,'2026-04-12 23:53:22'),('target_add_divorce_general_property','law_jsyi_69',11,'2026-04-12 23:53:22'),('target_add_labor_injury_disability','law_injury_35',10,'2026-04-12 23:53:22'),('target_add_labor_injury_disability','law_injury_36',11,'2026-04-12 23:53:22'),('target_add_labor_injury_disability','law_injury_37',1,'2026-04-09 21:22:06'),('target_add_labor_injury_medical','law_injury_17',10,'2026-04-12 23:53:22'),('target_add_labor_injury_medical','law_injury_30',1,'2026-04-09 21:22:06'),('target_add_labor_injury_recognition','law_injury_14',1,'2026-04-09 21:22:06'),('target_add_labor_injury_recognition','law_injury_17',10,'2026-04-12 23:53:22'),('target_add_labor_injury_recognition','law_labor_arbitration_5',11,'2026-04-12 23:53:22'),('target_add_labor_overtime_holiday','law_labor_44',1,'2026-04-09 21:22:06'),('target_add_labor_overtime_holiday','law_labor_arbitration_27',10,'2026-04-12 23:53:22'),('target_add_labor_overtime_restday','law_labor_44',1,'2026-04-09 21:22:06'),('target_add_labor_overtime_restday','law_labor_arbitration_27',10,'2026-04-12 23:53:22'),('target_add_labor_overtime_workday','law_contract_30',11,'2026-04-12 23:53:22'),('target_add_labor_overtime_workday','law_contract_31',2,'2026-04-09 21:22:06'),('target_add_labor_overtime_workday','law_labor_44',1,'2026-04-09 21:22:06'),('target_add_labor_overtime_workday','law_labor_arbitration_27',10,'2026-04-12 23:53:22'),('target_add_post_divorce_agreement_enforce','law_1087',1,'2026-04-09 21:22:06'),('target_add_post_divorce_agreement_enforce','law_jsyi_69',10,'2026-04-12 23:53:22'),('target_add_post_divorce_conceal_penalty','law_1092',1,'2026-04-09 21:22:06'),('target_add_post_divorce_conceal_penalty','law_jsyi_84',10,'2026-04-12 23:53:22'),('target_add_post_divorce_redistribute','law_1087',1,'2026-04-09 21:22:06'),('target_add_post_divorce_redistribute','law_1089',10,'2026-04-12 23:53:22'),('target_add_post_divorce_redistribute','law_1092',2,'2026-04-09 21:22:06'),('target_add_post_divorce_redistribute','law_jsyi_83',3,'2026-04-12 23:53:20'),('target_adoption_confirm','law_1084',1,'2026-04-16 21:23:38'),('target_adoption_dissolve','law_1084',1,'2026-04-16 21:23:38'),('target_adoption_post_dissolve_arrangement','law_1084',2,'2026-04-16 23:17:34'),('target_annulment_effects','law_1079',1,'2026-04-16 21:23:38'),('target_annulment_effects','law_1087',2,'2026-04-16 21:23:38'),('target_annulment_request','law_1079',1,'2026-04-16 21:23:38'),('target_annulment_request','law_1087',2,'2026-04-16 21:23:38'),('target_child_support_change_custody','law_1085',1,'2026-04-15 00:29:27'),('target_child_support_claim_fee','law_1067',2,'2026-04-15 00:29:27'),('target_child_support_claim_fee','law_1085',1,'2026-04-15 00:29:27'),('target_cohab_child_custody','law_1084',1,'2026-04-16 21:23:38'),('target_cohab_child_custody','law_1085',2,'2026-04-16 21:23:38'),('target_cohab_direct_custody','law_1084',1,'2026-04-16 23:17:35'),('target_cohab_direct_custody','law_1085',2,'2026-04-16 23:17:35'),('target_cohab_property_partition','law_1062',2,'2026-04-16 21:23:38'),('target_cohab_property_partition','law_1087',1,'2026-04-16 21:23:38'),('target_common_property_split','law_1062',0,'2026-03-31 17:27:26'),('target_common_property_split','law_1087',0,'2026-03-31 17:27:26'),('target_common_property_split','law_jser_8',0,'2026-03-31 17:27:26'),('target_common_property_split','law_jsyi_27',0,'2026-03-31 17:27:26'),('target_family_partition_evidence','law_1087',1,'2026-04-16 21:23:38'),('target_family_partition_evidence','law_1092',2,'2026-04-16 21:23:38'),('target_family_partition_plan','law_1087',1,'2026-04-16 21:23:38'),('target_guardianship_assign','law_1084',1,'2026-04-16 21:23:38'),('target_guardianship_evidence','law_1084',1,'2026-04-16 21:23:38'),('target_illegal_termination_compensation','law_contract_39',3,'2026-04-07 19:21:32'),('target_illegal_termination_compensation','law_contract_40',4,'2026-04-07 19:21:32'),('target_illegal_termination_compensation','law_contract_41',5,'2026-04-07 19:21:32'),('target_illegal_termination_compensation','law_contract_46',10,'2026-04-12 23:53:22'),('target_illegal_termination_compensation','law_contract_47',11,'2026-04-12 23:53:22'),('target_illegal_termination_compensation','law_contract_48',1,'2026-04-07 19:21:32'),('target_illegal_termination_compensation','law_contract_87',2,'2026-04-07 19:21:32'),('target_illegal_termination_compensation','law_labor_arbitration_27',13,'2026-04-12 23:53:22'),('target_illegal_termination_compensation','law_labor_arbitration_5',12,'2026-04-12 23:53:22'),('target_illegal_termination_reinstatement','law_contract_48',1,'2026-04-07 19:21:32'),('target_illegal_termination_reinstatement','law_labor_arbitration_5',10,'2026-04-12 23:53:22'),('target_illegal_termination_revoke_decision','law_contract_39',1,'2026-04-07 19:21:32'),('target_illegal_termination_revoke_decision','law_contract_40',2,'2026-04-07 19:21:32'),('target_illegal_termination_revoke_decision','law_contract_41',3,'2026-04-07 19:21:32'),('target_illegal_termination_revoke_decision','law_contract_48',4,'2026-04-07 19:21:32'),('target_illegal_termination_revoke_decision','law_labor_arbitration_5',10,'2026-04-12 23:53:22'),('target_illegal_termination_wage_gap','law_contract_46',10,'2026-04-12 23:53:22'),('target_illegal_termination_wage_gap','law_contract_47',11,'2026-04-12 23:53:22'),('target_illegal_termination_wage_gap','law_contract_48',1,'2026-04-07 19:21:32'),('target_illegal_termination_wage_gap','law_contract_87',2,'2026-04-07 19:21:32'),('target_in_marriage_division_conceal_transfer','law_1087',1,'2026-04-16 21:23:38'),('target_in_marriage_division_conceal_transfer','law_1092',2,'2026-04-16 21:23:38'),('target_in_marriage_division_waste_medical','law_1085',2,'2026-04-16 21:23:38'),('target_in_marriage_division_waste_medical','law_1087',1,'2026-04-16 21:23:38'),('target_in_marriage_property_livelihood_impact','law_1087',1,'2026-04-16 23:17:35'),('target_in_marriage_property_livelihood_impact','law_1092',2,'2026-04-16 23:17:35'),('target_in_marriage_property_type_scope','law_1087',1,'2026-04-16 23:17:35'),('target_in_marriage_property_type_scope','law_1092',2,'2026-04-16 23:17:35'),('target_inherit_confirm_share','law_1127',1,'2026-04-15 00:29:27'),('target_inherit_confirm_share','law_1130',2,'2026-04-15 00:29:27'),('target_inherit_dispute_will','law_1133',1,'2026-04-15 00:29:27'),('target_invalid_marriage_confirm','law_1079',1,'2026-04-16 21:23:38'),('target_invalid_marriage_confirm','law_1087',2,'2026-04-16 21:23:38'),('target_invalid_marriage_property_return','law_1079',1,'2026-04-16 21:23:38'),('target_invalid_marriage_property_return','law_1087',2,'2026-04-16 21:23:38'),('target_labor_no_contract_double_wage','law_contract_10',1,'2026-04-07 19:21:32'),('target_labor_no_contract_double_wage','law_contract_82',2,'2026-04-07 19:21:32'),('target_labor_no_contract_double_wage','law_labor_arbitration_2',10,'2026-04-12 23:53:22'),('target_labor_no_contract_double_wage','law_labor_arbitration_27',12,'2026-04-12 23:53:22'),('target_labor_no_contract_double_wage','law_labor_arbitration_5',11,'2026-04-12 23:53:22'),('target_labor_no_contract_open_term','law_contract_14',1,'2026-04-07 19:21:32'),('target_labor_no_contract_open_term','law_labor_arbitration_5',10,'2026-04-12 23:53:22'),('target_labor_no_contract_sign_contract','law_contract_10',1,'2026-04-07 19:21:32'),('target_labor_no_contract_sign_contract','law_labor_arbitration_5',10,'2026-04-12 23:53:22'),('target_labor_unpaid_wages_additional_compensation','law_contract_85',1,'2026-04-07 19:21:32'),('target_labor_unpaid_wages_additional_compensation','law_labor_arbitration_5',10,'2026-04-12 23:53:22'),('target_labor_unpaid_wages_additional_compensation','law_reg_16',2,'2026-04-07 19:21:32'),('target_labor_unpaid_wages_full_payment','law_contract_30',2,'2026-04-07 19:21:32'),('target_labor_unpaid_wages_full_payment','law_contract_85',3,'2026-04-07 19:21:32'),('target_labor_unpaid_wages_full_payment','law_labor_50',1,'2026-04-07 19:21:32'),('target_labor_unpaid_wages_full_payment','law_labor_arbitration_27',11,'2026-04-12 23:53:22'),('target_labor_unpaid_wages_full_payment','law_labor_arbitration_5',10,'2026-04-12 23:53:22'),('target_labor_unpaid_wages_full_payment','law_reg_16',4,'2026-04-07 19:21:32'),('target_labor_unpaid_wages_overtime','law_contract_30',1,'2026-04-07 19:21:32'),('target_labor_unpaid_wages_overtime','law_labor_44',11,'2026-04-12 23:53:22'),('target_labor_unpaid_wages_overtime','law_labor_arbitration_27',10,'2026-04-12 23:53:22'),('target_labor_unpaid_wages_termination_compensation','law_contract_38',10,'2026-04-12 23:53:22'),('target_labor_unpaid_wages_termination_compensation','law_contract_46',11,'2026-04-12 23:53:22'),('target_labor_unpaid_wages_termination_compensation','law_contract_47',12,'2026-04-12 23:53:22'),('target_labor_unpaid_wages_termination_compensation','law_contract_85',1,'2026-04-07 19:21:32'),('target_labor_unpaid_wages_termination_compensation','law_labor_arbitration_5',13,'2026-04-12 23:53:22'),('target_no_fault_more_share','law_1087',0,'2026-03-31 17:27:26'),('target_no_fault_more_share','law_1091',0,'2026-03-31 17:27:26'),('target_paternity_confirm','law_1084',1,'2026-04-16 21:23:38'),('target_paternity_confirm_evidence','law_1084',1,'2026-04-16 21:23:38'),('target_paternity_disclaimer','law_1084',1,'2026-04-16 21:23:38'),('target_paternity_disclaimer_evidence','law_1084',1,'2026-04-16 21:23:38'),('target_post_divorce_damage_economic','law_1079',1,'2026-04-16 21:23:38'),('target_post_divorce_damage_economic','law_1087',2,'2026-04-16 21:23:38'),('target_post_divorce_damage_fault','law_1091',1,'2026-04-16 23:17:34'),('target_post_divorce_damage_spirit','law_1079',1,'2026-04-16 21:23:38'),('target_post_divorce_damage_spirit','law_1087',2,'2026-04-16 21:23:38'),('target_property_no_refund','law_jshj_5',1,'2026-04-15 00:29:27'),('target_property_refund','law_1042',2,'2026-04-15 00:29:27'),('target_property_refund','law_jshj_5',1,'2026-04-15 00:29:27'),('target_sibling_support_change','law_1067',1,'2026-04-16 21:23:38'),('target_sibling_support_fee_claim','law_1067',1,'2026-04-16 21:23:38'),('target_spousal_agreement_defense','law_1087',1,'2026-04-16 21:23:38'),('target_spousal_agreement_enforce','law_1087',1,'2026-04-16 21:23:38'),('target_spousal_agreement_enforce','law_1092',2,'2026-04-16 21:23:38'),('target_support_claim','law_1067',1,'2026-04-15 00:29:27'),('target_visitation_evidence','law_1084',1,'2026-04-16 21:23:38'),('target_visitation_fix','law_1084',1,'2026-04-16 21:23:38');
/*!40000 ALTER TABLE `rule_step2_target_legal_ref` ENABLE KEYS */;
UNLOCK TABLES;

--
-- Table structure for table `rule_user_profile`
--

DROP TABLE IF EXISTS `rule_user_profile`;
/*!40101 SET @saved_cs_client     = @@character_set_client */;
/*!50503 SET character_set_client = utf8mb4 */;
CREATE TABLE `rule_user_profile` (
  `id` bigint NOT NULL AUTO_INCREMENT,
  `user_id` varchar(128) COLLATE utf8mb4_unicode_ci NOT NULL,
  `wx_app_id` varchar(32) COLLATE utf8mb4_unicode_ci DEFAULT NULL COMMENT '小程序 AppID',
  `wx_openid` varchar(64) COLLATE utf8mb4_unicode_ci DEFAULT NULL COMMENT '微信 openid',
  `wx_unionid` varchar(64) COLLATE utf8mb4_unicode_ci DEFAULT NULL COMMENT '微信 unionid（可选）',
  `nickname` varchar(128) COLLATE utf8mb4_unicode_ci DEFAULT NULL,
  `created_at` timestamp NOT NULL DEFAULT CURRENT_TIMESTAMP,
  `updated_at` timestamp NOT NULL DEFAULT CURRENT_TIMESTAMP ON UPDATE CURRENT_TIMESTAMP,
  PRIMARY KEY (`id`),
  UNIQUE KEY `user_id` (`user_id`),
  UNIQUE KEY `uk_wx_app_openid` (`wx_app_id`,`wx_openid`)
) ENGINE=InnoDB DEFAULT CHARSET=utf8mb4 COLLATE=utf8mb4_unicode_ci;
/*!40101 SET character_set_client = @saved_cs_client */;

--
-- Dumping data for table `rule_user_profile`
--

LOCK TABLES `rule_user_profile` WRITE;
/*!40000 ALTER TABLE `rule_user_profile` DISABLE KEYS */;
/*!40000 ALTER TABLE `rule_user_profile` ENABLE KEYS */;
UNLOCK TABLES;

--
-- Table structure for table `rule_user_session`
--

DROP TABLE IF EXISTS `rule_user_session`;
/*!40101 SET @saved_cs_client     = @@character_set_client */;
/*!50503 SET character_set_client = utf8mb4 */;
CREATE TABLE `rule_user_session` (
  `session_id` varchar(64) COLLATE utf8mb4_unicode_ci NOT NULL,
  `user_id` varchar(128) COLLATE utf8mb4_unicode_ci NOT NULL,
  `cause_code` varchar(64) COLLATE utf8mb4_unicode_ci NOT NULL,
  `status` varchar(32) COLLATE utf8mb4_unicode_ci NOT NULL DEFAULT 'active',
  `created_at` timestamp NOT NULL DEFAULT CURRENT_TIMESTAMP,
  `last_active_at` timestamp NOT NULL DEFAULT CURRENT_TIMESTAMP ON UPDATE CURRENT_TIMESTAMP,
  PRIMARY KEY (`session_id`),
  KEY `idx_user_session` (`user_id`,`created_at`),
  KEY `idx_cause_session` (`cause_code`,`created_at`)
) ENGINE=InnoDB DEFAULT CHARSET=utf8mb4 COLLATE=utf8mb4_unicode_ci;
/*!40101 SET character_set_client = @saved_cs_client */;

--
-- Dumping data for table `rule_user_session`
--

LOCK TABLES `rule_user_session` WRITE;
/*!40000 ALTER TABLE `rule_user_session` DISABLE KEYS */;
/*!40000 ALTER TABLE `rule_user_session` ENABLE KEYS */;
UNLOCK TABLES;

--
-- Table structure for table `rule_user_submission`
--

DROP TABLE IF EXISTS `rule_user_submission`;
/*!40101 SET @saved_cs_client     = @@character_set_client */;
/*!50503 SET character_set_client = utf8mb4 */;
CREATE TABLE `rule_user_submission` (
  `id` bigint NOT NULL AUTO_INCREMENT,
  `session_id` varchar(64) COLLATE utf8mb4_unicode_ci NOT NULL,
  `user_id` varchar(128) COLLATE utf8mb4_unicode_ci NOT NULL,
  `cause_code` varchar(64) COLLATE utf8mb4_unicode_ci NOT NULL,
  `answers_json` longtext COLLATE utf8mb4_unicode_ci NOT NULL,
  `judge_json` longtext COLLATE utf8mb4_unicode_ci,
  `report_markdown` longtext COLLATE utf8mb4_unicode_ci,
  `created_at` timestamp NOT NULL DEFAULT CURRENT_TIMESTAMP,
  `updated_at` timestamp NOT NULL DEFAULT CURRENT_TIMESTAMP ON UPDATE CURRENT_TIMESTAMP,
  PRIMARY KEY (`id`),
  KEY `idx_user_submission` (`user_id`,`created_at`),
  KEY `idx_session_submission` (`session_id`,`created_at`),
  KEY `idx_cause_submission` (`cause_code`,`created_at`)
) ENGINE=InnoDB DEFAULT CHARSET=utf8mb4 COLLATE=utf8mb4_unicode_ci;
/*!40101 SET character_set_client = @saved_cs_client */;

--
-- Dumping data for table `rule_user_submission`
--

LOCK TABLES `rule_user_submission` WRITE;
/*!40000 ALTER TABLE `rule_user_submission` DISABLE KEYS */;
/*!40000 ALTER TABLE `rule_user_submission` ENABLE KEYS */;
UNLOCK TABLES;

--
-- Dumping events for database 'rule_engine_db'
--

--
-- Dumping routines for database 'rule_engine_db'
--
/*!40103 SET TIME_ZONE=@OLD_TIME_ZONE */;

/*!40101 SET SQL_MODE=@OLD_SQL_MODE */;
/*!40014 SET FOREIGN_KEY_CHECKS=@OLD_FOREIGN_KEY_CHECKS */;
/*!40014 SET UNIQUE_CHECKS=@OLD_UNIQUE_CHECKS */;
/*!40101 SET CHARACTER_SET_CLIENT=@OLD_CHARACTER_SET_CLIENT */;
/*!40101 SET CHARACTER_SET_RESULTS=@OLD_CHARACTER_SET_RESULTS */;
/*!40101 SET COLLATION_CONNECTION=@OLD_COLLATION_CONNECTION */;
/*!40111 SET SQL_NOTES=@OLD_SQL_NOTES */;

-- Dump completed on 2026-04-17 16:31:50
